"","Raumordnungsregion Nr","GISD_Score","GISD_5","GISD_10","GISD_k","Raumordnungsregion","Jahr"
"1",101,0.78486,4,7,2,"Schleswig-Holstein Mitte",1998
"2",101,0.762172,4,7,2,"Schleswig-Holstein Mitte",1999
"3",101,0.727314,4,7,2,"Schleswig-Holstein Mitte",2000
"4",101,0.706053,4,7,2,"Schleswig-Holstein Mitte",2001
"5",101,0.7077,4,7,2,"Schleswig-Holstein Mitte",2002
"6",101,0.714068,4,7,2,"Schleswig-Holstein Mitte",2003
"7",101,0.715471,4,7,2,"Schleswig-Holstein Mitte",2004
"8",101,0.732418,4,7,2,"Schleswig-Holstein Mitte",2005
"9",101,0.723034,4,7,2,"Schleswig-Holstein Mitte",2006
"10",101,0.692572,4,7,2,"Schleswig-Holstein Mitte",2007
"11",101,0.667762,4,8,2,"Schleswig-Holstein Mitte",2008
"12",101,0.639993,4,7,2,"Schleswig-Holstein Mitte",2009
"13",101,0.633392,4,7,2,"Schleswig-Holstein Mitte",2010
"14",101,0.608393,4,7,2,"Schleswig-Holstein Mitte",2011
"15",101,0.598353,4,8,2,"Schleswig-Holstein Mitte",2012
"16",101,0.59281,4,8,2,"Schleswig-Holstein Mitte",2013
"17",101,0.576297,4,8,2,"Schleswig-Holstein Mitte",2014
"18",101,0.553467,4,8,2,"Schleswig-Holstein Mitte",2015
"19",101,0.540769,4,8,2,"Schleswig-Holstein Mitte",2016
"20",101,0.514455,4,8,2,"Schleswig-Holstein Mitte",2017
"21",101,0.497577,4,8,2,"Schleswig-Holstein Mitte",2018
"22",101,0.478259,4,8,2,"Schleswig-Holstein Mitte",2019
"23",102,0.792236,4,7,2,"Schleswig-Holstein Nord",1998
"24",102,0.780245,4,7,2,"Schleswig-Holstein Nord",1999
"25",102,0.750438,4,7,2,"Schleswig-Holstein Nord",2000
"26",102,0.743069,4,8,2,"Schleswig-Holstein Nord",2001
"27",102,0.743728,4,8,2,"Schleswig-Holstein Nord",2002
"28",102,0.739103,4,8,2,"Schleswig-Holstein Nord",2003
"29",102,0.753985,4,8,2,"Schleswig-Holstein Nord",2004
"30",102,0.775001,4,8,2,"Schleswig-Holstein Nord",2005
"31",102,0.752539,4,8,2,"Schleswig-Holstein Nord",2006
"32",102,0.746954,4,8,2,"Schleswig-Holstein Nord",2007
"33",102,0.719,5,9,3,"Schleswig-Holstein Nord",2008
"34",102,0.694783,5,9,3,"Schleswig-Holstein Nord",2009
"35",102,0.692656,5,9,3,"Schleswig-Holstein Nord",2010
"36",102,0.660795,5,9,3,"Schleswig-Holstein Nord",2011
"37",102,0.663815,5,9,3,"Schleswig-Holstein Nord",2012
"38",102,0.652971,5,9,3,"Schleswig-Holstein Nord",2013
"39",102,0.640214,5,9,3,"Schleswig-Holstein Nord",2014
"40",102,0.608209,5,9,3,"Schleswig-Holstein Nord",2015
"41",102,0.597651,5,9,3,"Schleswig-Holstein Nord",2016
"42",102,0.575029,5,10,3,"Schleswig-Holstein Nord",2017
"43",102,0.567143,5,10,3,"Schleswig-Holstein Nord",2018
"44",102,0.541605,5,9,3,"Schleswig-Holstein Nord",2019
"45",103,0.82281,4,8,2,"Schleswig-Holstein Ost",1998
"46",103,0.80613,4,8,2,"Schleswig-Holstein Ost",1999
"47",103,0.781768,4,8,2,"Schleswig-Holstein Ost",2000
"48",103,0.773717,4,8,2,"Schleswig-Holstein Ost",2001
"49",103,0.773167,4,8,2,"Schleswig-Holstein Ost",2002
"50",103,0.762992,4,8,2,"Schleswig-Holstein Ost",2003
"51",103,0.759207,4,8,2,"Schleswig-Holstein Ost",2004
"52",103,0.794388,4,8,2,"Schleswig-Holstein Ost",2005
"53",103,0.779916,5,9,3,"Schleswig-Holstein Ost",2006
"54",103,0.746547,4,8,2,"Schleswig-Holstein Ost",2007
"55",103,0.718825,5,9,3,"Schleswig-Holstein Ost",2008
"56",103,0.68924,4,8,2,"Schleswig-Holstein Ost",2009
"57",103,0.679913,4,8,2,"Schleswig-Holstein Ost",2010
"58",103,0.671941,5,9,3,"Schleswig-Holstein Ost",2011
"59",103,0.671862,5,9,3,"Schleswig-Holstein Ost",2012
"60",103,0.651065,5,9,3,"Schleswig-Holstein Ost",2013
"61",103,0.647642,5,10,3,"Schleswig-Holstein Ost",2014
"62",103,0.622493,5,10,3,"Schleswig-Holstein Ost",2015
"63",103,0.595825,5,9,3,"Schleswig-Holstein Ost",2016
"64",103,0.570138,5,9,3,"Schleswig-Holstein Ost",2017
"65",103,0.549557,5,9,3,"Schleswig-Holstein Ost",2018
"66",103,0.531378,5,9,3,"Schleswig-Holstein Ost",2019
"67",104,0.683705,2,4,2,"Schleswig-Holstein Süd",1998
"68",104,0.665727,2,4,2,"Schleswig-Holstein Süd",1999
"69",104,0.619493,2,4,2,"Schleswig-Holstein Süd",2000
"70",104,0.602135,2,4,2,"Schleswig-Holstein Süd",2001
"71",104,0.604326,2,4,2,"Schleswig-Holstein Süd",2002
"72",104,0.599597,2,4,2,"Schleswig-Holstein Süd",2003
"73",104,0.599467,2,4,2,"Schleswig-Holstein Süd",2004
"74",104,0.613562,3,5,2,"Schleswig-Holstein Süd",2005
"75",104,0.601355,3,5,2,"Schleswig-Holstein Süd",2006
"76",104,0.569237,2,4,2,"Schleswig-Holstein Süd",2007
"77",104,0.54734,2,4,2,"Schleswig-Holstein Süd",2008
"78",104,0.52381,2,4,2,"Schleswig-Holstein Süd",2009
"79",104,0.517965,2,4,2,"Schleswig-Holstein Süd",2010
"80",104,0.496086,2,4,2,"Schleswig-Holstein Süd",2011
"81",104,0.487474,2,4,2,"Schleswig-Holstein Süd",2012
"82",104,0.480114,2,4,2,"Schleswig-Holstein Süd",2013
"83",104,0.469234,3,5,2,"Schleswig-Holstein Süd",2014
"84",104,0.446353,3,5,2,"Schleswig-Holstein Süd",2015
"85",104,0.441111,3,5,2,"Schleswig-Holstein Süd",2016
"86",104,0.412023,2,4,2,"Schleswig-Holstein Süd",2017
"87",104,0.394095,3,5,2,"Schleswig-Holstein Süd",2018
"88",104,0.377043,3,5,2,"Schleswig-Holstein Süd",2019
"89",105,0.795254,4,7,2,"Schleswig-Holstein Süd-West",1998
"90",105,0.784524,4,8,2,"Schleswig-Holstein Süd-West",1999
"91",105,0.751501,4,8,2,"Schleswig-Holstein Süd-West",2000
"92",105,0.741208,4,8,2,"Schleswig-Holstein Süd-West",2001
"93",105,0.751001,4,8,2,"Schleswig-Holstein Süd-West",2002
"94",105,0.739683,4,8,2,"Schleswig-Holstein Süd-West",2003
"95",105,0.757259,4,8,2,"Schleswig-Holstein Süd-West",2004
"96",105,0.770275,4,8,2,"Schleswig-Holstein Süd-West",2005
"97",105,0.746728,4,8,2,"Schleswig-Holstein Süd-West",2006
"98",105,0.714768,4,8,2,"Schleswig-Holstein Süd-West",2007
"99",105,0.698528,4,8,2,"Schleswig-Holstein Süd-West",2008
"100",105,0.677541,4,8,2,"Schleswig-Holstein Süd-West",2009
"101",105,0.677754,4,8,2,"Schleswig-Holstein Süd-West",2010
"102",105,0.662784,5,9,3,"Schleswig-Holstein Süd-West",2011
"103",105,0.666812,5,9,3,"Schleswig-Holstein Süd-West",2012
"104",105,0.638378,5,9,3,"Schleswig-Holstein Süd-West",2013
"105",105,0.648458,5,10,3,"Schleswig-Holstein Süd-West",2014
"106",105,0.618899,5,9,3,"Schleswig-Holstein Süd-West",2015
"107",105,0.610045,5,10,3,"Schleswig-Holstein Süd-West",2016
"108",105,0.579779,5,10,3,"Schleswig-Holstein Süd-West",2017
"109",105,0.562219,5,9,3,"Schleswig-Holstein Süd-West",2018
"110",105,0.544056,5,10,3,"Schleswig-Holstein Süd-West",2019
"111",201,0.629903,1,2,1,"Hamburg",1998
"112",201,0.607281,1,2,1,"Hamburg",1999
"113",201,0.579911,1,2,1,"Hamburg",2000
"114",201,0.553262,1,2,1,"Hamburg",2001
"115",201,0.546044,1,2,1,"Hamburg",2002
"116",201,0.532047,1,2,1,"Hamburg",2003
"117",201,0.53008,1,2,1,"Hamburg",2004
"118",201,0.539353,1,2,1,"Hamburg",2005
"119",201,0.529828,1,2,1,"Hamburg",2006
"120",201,0.501089,1,2,1,"Hamburg",2007
"121",201,0.454749,1,2,1,"Hamburg",2008
"122",201,0.43993,1,1,1,"Hamburg",2009
"123",201,0.426505,1,1,1,"Hamburg",2010
"124",201,0.380719,1,1,1,"Hamburg",2011
"125",201,0.37365,1,1,1,"Hamburg",2012
"126",201,0.337251,1,1,1,"Hamburg",2013
"127",201,0.320903,1,1,1,"Hamburg",2014
"128",201,0.294546,1,1,1,"Hamburg",2015
"129",201,0.261047,1,1,1,"Hamburg",2016
"130",201,0.231747,1,1,1,"Hamburg",2017
"131",201,0.212553,1,1,1,"Hamburg",2018
"132",201,0.179363,1,1,1,"Hamburg",2019
"133",301,0.736012,3,6,2,"Braunschweig",1998
"134",301,0.709782,3,6,2,"Braunschweig",1999
"135",301,0.686565,3,6,2,"Braunschweig",2000
"136",301,0.658554,3,6,2,"Braunschweig",2001
"137",301,0.655353,3,6,2,"Braunschweig",2002
"138",301,0.658926,3,6,2,"Braunschweig",2003
"139",301,0.631744,3,5,2,"Braunschweig",2004
"140",301,0.662358,3,5,2,"Braunschweig",2005
"141",301,0.644933,3,5,2,"Braunschweig",2006
"142",301,0.61437,3,5,2,"Braunschweig",2007
"143",301,0.583108,3,5,2,"Braunschweig",2008
"144",301,0.563178,3,5,2,"Braunschweig",2009
"145",301,0.54445,3,5,2,"Braunschweig",2010
"146",301,0.521491,3,5,2,"Braunschweig",2011
"147",301,0.488324,2,4,2,"Braunschweig",2012
"148",301,0.470663,2,4,2,"Braunschweig",2013
"149",301,0.446899,2,4,2,"Braunschweig",2014
"150",301,0.426001,2,4,2,"Braunschweig",2015
"151",301,0.407927,2,4,2,"Braunschweig",2016
"152",301,0.394852,2,4,2,"Braunschweig",2017
"153",301,0.373991,2,4,2,"Braunschweig",2018
"154",301,0.348031,2,4,2,"Braunschweig",2019
"155",302,0.753306,3,6,2,"Bremen-Umland",1998
"156",302,0.73733,3,6,2,"Bremen-Umland",1999
"157",302,0.698591,3,6,2,"Bremen-Umland",2000
"158",302,0.678383,3,6,2,"Bremen-Umland",2001
"159",302,0.680994,3,6,2,"Bremen-Umland",2002
"160",302,0.684621,3,6,2,"Bremen-Umland",2003
"161",302,0.661275,3,6,2,"Bremen-Umland",2004
"162",302,0.695418,3,6,2,"Bremen-Umland",2005
"163",302,0.673516,3,6,2,"Bremen-Umland",2006
"164",302,0.655977,3,6,2,"Bremen-Umland",2007
"165",302,0.625161,3,6,2,"Bremen-Umland",2008
"166",302,0.614081,3,6,2,"Bremen-Umland",2009
"167",302,0.604983,3,6,2,"Bremen-Umland",2010
"168",302,0.585594,4,7,2,"Bremen-Umland",2011
"169",302,0.555852,3,6,2,"Bremen-Umland",2012
"170",302,0.544859,3,6,2,"Bremen-Umland",2013
"171",302,0.521514,3,6,2,"Bremen-Umland",2014
"172",302,0.508084,3,6,2,"Bremen-Umland",2015
"173",302,0.492362,3,6,2,"Bremen-Umland",2016
"174",302,0.48229,4,7,2,"Bremen-Umland",2017
"175",302,0.461031,4,7,2,"Bremen-Umland",2018
"176",302,0.453083,4,7,2,"Bremen-Umland",2019
"177",303,0.834581,4,8,2,"Bremerhaven",1998
"178",303,0.813104,4,8,2,"Bremerhaven",1999
"179",303,0.778647,4,8,2,"Bremerhaven",2000
"180",303,0.759134,4,8,2,"Bremerhaven",2001
"181",303,0.77224,4,8,2,"Bremerhaven",2002
"182",303,0.779754,4,8,2,"Bremerhaven",2003
"183",303,0.764947,4,8,2,"Bremerhaven",2004
"184",303,0.799699,4,8,2,"Bremerhaven",2005
"185",303,0.77246,4,8,2,"Bremerhaven",2006
"186",303,0.751744,5,9,3,"Bremerhaven",2007
"187",303,0.71298,4,8,2,"Bremerhaven",2008
"188",303,0.702771,5,9,3,"Bremerhaven",2009
"189",303,0.687942,5,9,3,"Bremerhaven",2010
"190",303,0.669689,5,9,3,"Bremerhaven",2011
"191",303,0.65755,5,9,3,"Bremerhaven",2012
"192",303,0.64507,5,9,3,"Bremerhaven",2013
"193",303,0.631324,5,9,3,"Bremerhaven",2014
"194",303,0.618507,5,9,3,"Bremerhaven",2015
"195",303,0.603762,5,10,3,"Bremerhaven",2016
"196",303,0.585452,5,10,3,"Bremerhaven",2017
"197",303,0.576346,5,10,3,"Bremerhaven",2018
"198",303,0.558777,5,10,3,"Bremerhaven",2019
"199",304,0.783999,4,7,2,"Emsland",1998
"200",304,0.768463,4,7,2,"Emsland",1999
"201",304,0.752265,4,8,2,"Emsland",2000
"202",304,0.739267,4,8,2,"Emsland",2001
"203",304,0.730555,4,7,2,"Emsland",2002
"204",304,0.737405,4,7,2,"Emsland",2003
"205",304,0.729136,4,8,2,"Emsland",2004
"206",304,0.747426,4,8,2,"Emsland",2005
"207",304,0.719486,4,7,2,"Emsland",2006
"208",304,0.695365,4,7,2,"Emsland",2007
"209",304,0.657397,4,7,2,"Emsland",2008
"210",304,0.653086,4,8,2,"Emsland",2009
"211",304,0.64345,4,8,2,"Emsland",2010
"212",304,0.609309,4,7,2,"Emsland",2011
"213",304,0.592339,4,7,2,"Emsland",2012
"214",304,0.578288,4,7,2,"Emsland",2013
"215",304,0.560859,4,8,2,"Emsland",2014
"216",304,0.545427,4,8,2,"Emsland",2015
"217",304,0.533716,4,8,2,"Emsland",2016
"218",304,0.512566,4,8,2,"Emsland",2017
"219",304,0.483427,4,8,2,"Emsland",2018
"220",304,0.473703,4,8,2,"Emsland",2019
"221",305,0.779921,4,7,2,"Göttingen",1998
"222",305,0.764723,4,7,2,"Göttingen",1999
"223",305,0.724715,4,7,2,"Göttingen",2000
"224",305,0.710339,4,7,2,"Göttingen",2001
"225",305,0.710612,4,7,2,"Göttingen",2002
"226",305,0.721982,4,7,2,"Göttingen",2003
"227",305,0.687524,4,7,2,"Göttingen",2004
"228",305,0.719761,4,7,2,"Göttingen",2005
"229",305,0.695156,4,7,2,"Göttingen",2006
"230",305,0.665753,4,7,2,"Göttingen",2007
"231",305,0.6425,4,7,2,"Göttingen",2008
"232",305,0.616057,3,6,2,"Göttingen",2009
"233",305,0.597683,3,6,2,"Göttingen",2010
"234",305,0.573229,3,6,2,"Göttingen",2011
"235",305,0.546858,3,6,2,"Göttingen",2012
"236",305,0.532345,3,6,2,"Göttingen",2013
"237",305,0.514838,3,6,2,"Göttingen",2014
"238",305,0.496995,3,6,2,"Göttingen",2015
"239",305,0.466435,3,6,2,"Göttingen",2016
"240",305,0.445589,3,6,2,"Göttingen",2017
"241",305,0.441075,3,6,2,"Göttingen",2018
"242",305,0.422084,3,6,2,"Göttingen",2019
"243",306,0.71011,3,5,2,"Hamburg-Umland-Süd",1998
"244",306,0.694532,3,5,2,"Hamburg-Umland-Süd",1999
"245",306,0.676939,3,6,2,"Hamburg-Umland-Süd",2000
"246",306,0.644552,3,5,2,"Hamburg-Umland-Süd",2001
"247",306,0.653838,3,6,2,"Hamburg-Umland-Süd",2002
"248",306,0.638479,3,5,2,"Hamburg-Umland-Süd",2003
"249",306,0.63658,3,5,2,"Hamburg-Umland-Süd",2004
"250",306,0.66886,3,6,2,"Hamburg-Umland-Süd",2005
"251",306,0.635695,3,5,2,"Hamburg-Umland-Süd",2006
"252",306,0.620041,3,5,2,"Hamburg-Umland-Süd",2007
"253",306,0.595732,3,6,2,"Hamburg-Umland-Süd",2008
"254",306,0.574217,3,5,2,"Hamburg-Umland-Süd",2009
"255",306,0.559472,3,5,2,"Hamburg-Umland-Süd",2010
"256",306,0.540436,3,5,2,"Hamburg-Umland-Süd",2011
"257",306,0.509822,3,5,2,"Hamburg-Umland-Süd",2012
"258",306,0.494461,3,5,2,"Hamburg-Umland-Süd",2013
"259",306,0.470681,3,5,2,"Hamburg-Umland-Süd",2014
"260",306,0.454728,3,5,2,"Hamburg-Umland-Süd",2015
"261",306,0.447004,3,5,2,"Hamburg-Umland-Süd",2016
"262",306,0.422269,3,5,2,"Hamburg-Umland-Süd",2017
"263",306,0.413429,3,5,2,"Hamburg-Umland-Süd",2018
"264",306,0.400268,3,6,2,"Hamburg-Umland-Süd",2019
"265",307,0.732138,3,6,2,"Hannover",1998
"266",307,0.710614,3,6,2,"Hannover",1999
"267",307,0.665473,3,5,2,"Hannover",2000
"268",307,0.651969,3,6,2,"Hannover",2001
"269",307,0.65118,3,5,2,"Hannover",2002
"270",307,0.660085,3,6,2,"Hannover",2003
"271",307,0.629067,3,5,2,"Hannover",2004
"272",307,0.666993,3,6,2,"Hannover",2005
"273",307,0.639449,3,5,2,"Hannover",2006
"274",307,0.620051,3,5,2,"Hannover",2007
"275",307,0.595038,3,6,2,"Hannover",2008
"276",307,0.563669,3,5,2,"Hannover",2009
"277",307,0.553195,3,5,2,"Hannover",2010
"278",307,0.526192,3,5,2,"Hannover",2011
"279",307,0.506539,3,5,2,"Hannover",2012
"280",307,0.490738,3,5,2,"Hannover",2013
"281",307,0.471085,3,5,2,"Hannover",2014
"282",307,0.451629,3,5,2,"Hannover",2015
"283",307,0.43357,3,5,2,"Hannover",2016
"284",307,0.413127,2,4,2,"Hannover",2017
"285",307,0.395591,3,5,2,"Hannover",2018
"286",307,0.367253,2,4,2,"Hannover",2019
"287",308,0.768989,4,7,2,"Hildesheim",1998
"288",308,0.746649,4,7,2,"Hildesheim",1999
"289",308,0.716761,4,7,2,"Hildesheim",2000
"290",308,0.692033,4,7,2,"Hildesheim",2001
"291",308,0.688278,3,6,2,"Hildesheim",2002
"292",308,0.700984,4,7,2,"Hildesheim",2003
"293",308,0.67209,3,6,2,"Hildesheim",2004
"294",308,0.721842,4,7,2,"Hildesheim",2005
"295",308,0.701945,4,7,2,"Hildesheim",2006
"296",308,0.667237,4,7,2,"Hildesheim",2007
"297",308,0.640406,4,7,2,"Hildesheim",2008
"298",308,0.630883,4,7,2,"Hildesheim",2009
"299",308,0.620457,4,7,2,"Hildesheim",2010
"300",308,0.60478,4,7,2,"Hildesheim",2011
"301",308,0.577176,4,7,2,"Hildesheim",2012
"302",308,0.569723,4,7,2,"Hildesheim",2013
"303",308,0.549411,4,7,2,"Hildesheim",2014
"304",308,0.53726,4,7,2,"Hildesheim",2015
"305",308,0.502256,4,7,2,"Hildesheim",2016
"306",308,0.49116,4,7,2,"Hildesheim",2017
"307",308,0.474494,4,7,2,"Hildesheim",2018
"308",308,0.467779,4,7,2,"Hildesheim",2019
"309",309,0.819493,4,8,2,"Lüneburg",1998
"310",309,0.792644,4,8,2,"Lüneburg",1999
"311",309,0.763314,4,8,2,"Lüneburg",2000
"312",309,0.748445,4,8,2,"Lüneburg",2001
"313",309,0.735627,4,8,2,"Lüneburg",2002
"314",309,0.744789,4,8,2,"Lüneburg",2003
"315",309,0.728989,4,8,2,"Lüneburg",2004
"316",309,0.756992,4,8,2,"Lüneburg",2005
"317",309,0.730745,4,8,2,"Lüneburg",2006
"318",309,0.708064,4,8,2,"Lüneburg",2007
"319",309,0.683292,4,8,2,"Lüneburg",2008
"320",309,0.650816,4,8,2,"Lüneburg",2009
"321",309,0.63922,4,8,2,"Lüneburg",2010
"322",309,0.613324,4,8,2,"Lüneburg",2011
"323",309,0.59202,4,7,2,"Lüneburg",2012
"324",309,0.57417,4,7,2,"Lüneburg",2013
"325",309,0.554026,4,7,2,"Lüneburg",2014
"326",309,0.532934,4,7,2,"Lüneburg",2015
"327",309,0.514012,4,7,2,"Lüneburg",2016
"328",309,0.502306,4,7,2,"Lüneburg",2017
"329",309,0.480686,4,7,2,"Lüneburg",2018
"330",309,0.468615,4,8,2,"Lüneburg",2019
"331",310,0.785626,4,7,2,"Oldenburg",1998
"332",310,0.761699,4,7,2,"Oldenburg",1999
"333",310,0.743469,4,7,2,"Oldenburg",2000
"334",310,0.720698,4,7,2,"Oldenburg",2001
"335",310,0.714859,4,7,2,"Oldenburg",2002
"336",310,0.715829,4,7,2,"Oldenburg",2003
"337",310,0.708199,4,7,2,"Oldenburg",2004
"338",310,0.734433,4,7,2,"Oldenburg",2005
"339",310,0.708946,4,7,2,"Oldenburg",2006
"340",310,0.684128,4,7,2,"Oldenburg",2007
"341",310,0.667651,4,7,2,"Oldenburg",2008
"342",310,0.642008,4,7,2,"Oldenburg",2009
"343",310,0.627351,4,7,2,"Oldenburg",2010
"344",310,0.59918,4,7,2,"Oldenburg",2011
"345",310,0.571038,4,7,2,"Oldenburg",2012
"346",310,0.555188,4,7,2,"Oldenburg",2013
"347",310,0.531974,3,6,2,"Oldenburg",2014
"348",310,0.51556,3,6,2,"Oldenburg",2015
"349",310,0.495482,3,6,2,"Oldenburg",2016
"350",310,0.483534,4,7,2,"Oldenburg",2017
"351",310,0.450959,3,6,2,"Oldenburg",2018
"352",310,0.441426,3,6,2,"Oldenburg",2019
"353",311,0.733351,3,6,2,"Osnabrück",1998
"354",311,0.708698,3,6,2,"Osnabrück",1999
"355",311,0.677455,3,6,2,"Osnabrück",2000
"356",311,0.657614,3,6,2,"Osnabrück",2001
"357",311,0.670798,3,6,2,"Osnabrück",2002
"358",311,0.672883,3,6,2,"Osnabrück",2003
"359",311,0.638914,3,5,2,"Osnabrück",2004
"360",311,0.668454,3,6,2,"Osnabrück",2005
"361",311,0.651857,3,6,2,"Osnabrück",2006
"362",311,0.628537,3,6,2,"Osnabrück",2007
"363",311,0.604673,3,6,2,"Osnabrück",2008
"364",311,0.591712,3,6,2,"Osnabrück",2009
"365",311,0.589268,3,6,2,"Osnabrück",2010
"366",311,0.551782,3,6,2,"Osnabrück",2011
"367",311,0.538228,3,6,2,"Osnabrück",2012
"368",311,0.513093,3,6,2,"Osnabrück",2013
"369",311,0.501668,3,6,2,"Osnabrück",2014
"370",311,0.496904,3,6,2,"Osnabrück",2015
"371",311,0.467596,3,6,2,"Osnabrück",2016
"372",311,0.456517,3,6,2,"Osnabrück",2017
"373",311,0.432167,3,6,2,"Osnabrück",2018
"374",311,0.413514,3,6,2,"Osnabrück",2019
"375",312,0.857903,4,8,2,"Ost-Friesland",1998
"376",312,0.845879,5,9,3,"Ost-Friesland",1999
"377",312,0.816989,4,8,2,"Ost-Friesland",2000
"378",312,0.80928,4,8,2,"Ost-Friesland",2001
"379",312,0.818032,5,9,3,"Ost-Friesland",2002
"380",312,0.82385,5,9,3,"Ost-Friesland",2003
"381",312,0.808927,5,9,3,"Ost-Friesland",2004
"382",312,0.846355,5,9,3,"Ost-Friesland",2005
"383",312,0.832125,5,9,3,"Ost-Friesland",2006
"384",312,0.792596,5,9,3,"Ost-Friesland",2007
"385",312,0.773602,5,10,3,"Ost-Friesland",2008
"386",312,0.747866,5,10,3,"Ost-Friesland",2009
"387",312,0.738981,5,10,3,"Ost-Friesland",2010
"388",312,0.714181,5,10,3,"Ost-Friesland",2011
"389",312,0.695417,5,10,3,"Ost-Friesland",2012
"390",312,0.677053,5,10,3,"Ost-Friesland",2013
"391",312,0.656673,5,10,3,"Ost-Friesland",2014
"392",312,0.634935,5,10,3,"Ost-Friesland",2015
"393",312,0.618276,5,10,3,"Ost-Friesland",2016
"394",312,0.610569,5,10,3,"Ost-Friesland",2017
"395",312,0.589412,5,10,3,"Ost-Friesland",2018
"396",312,0.574936,5,10,3,"Ost-Friesland",2019
"397",313,0.798181,4,8,2,"Südheide",1998
"398",313,0.781607,4,8,2,"Südheide",1999
"399",313,0.751309,4,8,2,"Südheide",2000
"400",313,0.73799,4,7,2,"Südheide",2001
"401",313,0.742679,4,8,2,"Südheide",2002
"402",313,0.747311,4,8,2,"Südheide",2003
"403",313,0.742586,4,8,2,"Südheide",2004
"404",313,0.770212,4,8,2,"Südheide",2005
"405",313,0.745334,4,8,2,"Südheide",2006
"406",313,0.717776,4,8,2,"Südheide",2007
"407",313,0.677647,4,8,2,"Südheide",2008
"408",313,0.670828,4,8,2,"Südheide",2009
"409",313,0.671196,4,8,2,"Südheide",2010
"410",313,0.641725,4,8,2,"Südheide",2011
"411",313,0.621035,4,8,2,"Südheide",2012
"412",313,0.606577,4,8,2,"Südheide",2013
"413",313,0.57909,4,8,2,"Südheide",2014
"414",313,0.5733,4,8,2,"Südheide",2015
"415",313,0.55693,4,8,2,"Südheide",2016
"416",313,0.549728,5,9,3,"Südheide",2017
"417",313,0.53302,5,9,3,"Südheide",2018
"418",313,0.5055,4,8,2,"Südheide",2019
"419",401,0.754994,3,6,2,"Bremen",1998
"420",401,0.721176,3,6,2,"Bremen",1999
"421",401,0.687171,3,6,2,"Bremen",2000
"422",401,0.650315,3,6,2,"Bremen",2001
"423",401,0.642699,3,5,2,"Bremen",2002
"424",401,0.641137,3,5,2,"Bremen",2003
"425",401,0.656175,3,6,2,"Bremen",2004
"426",401,0.663718,3,5,2,"Bremen",2005
"427",401,0.629327,3,5,2,"Bremen",2006
"428",401,0.609969,3,5,2,"Bremen",2007
"429",401,0.564714,3,5,2,"Bremen",2008
"430",401,0.561245,3,5,2,"Bremen",2009
"431",401,0.548042,3,5,2,"Bremen",2010
"432",401,0.536444,3,5,2,"Bremen",2011
"433",401,0.530115,3,6,2,"Bremen",2012
"434",401,0.509014,3,5,2,"Bremen",2013
"435",401,0.496603,3,6,2,"Bremen",2014
"436",401,0.472018,3,5,2,"Bremen",2015
"437",401,0.453132,3,5,2,"Bremen",2016
"438",401,0.447925,3,6,2,"Bremen",2017
"439",401,0.427489,3,6,2,"Bremen",2018
"440",401,0.416404,3,6,2,"Bremen",2019
"441",501,0.747818,3,6,2,"Aachen",1998
"442",501,0.725432,3,6,2,"Aachen",1999
"443",501,0.673648,3,6,2,"Aachen",2000
"444",501,0.655096,3,6,2,"Aachen",2001
"445",501,0.657317,3,6,2,"Aachen",2002
"446",501,0.660493,3,6,2,"Aachen",2003
"447",501,0.660891,3,6,2,"Aachen",2004
"448",501,0.689336,3,6,2,"Aachen",2005
"449",501,0.680743,3,6,2,"Aachen",2006
"450",501,0.66526,4,7,2,"Aachen",2007
"451",501,0.634794,3,6,2,"Aachen",2008
"452",501,0.62305,4,7,2,"Aachen",2009
"453",501,0.612417,4,7,2,"Aachen",2010
"454",501,0.576038,4,7,2,"Aachen",2011
"455",501,0.569486,4,7,2,"Aachen",2012
"456",501,0.569181,4,7,2,"Aachen",2013
"457",501,0.547684,4,7,2,"Aachen",2014
"458",501,0.530996,4,7,2,"Aachen",2015
"459",501,0.503428,4,7,2,"Aachen",2016
"460",501,0.479893,4,7,2,"Aachen",2017
"461",501,0.468465,4,7,2,"Aachen",2018
"462",501,0.444847,4,7,2,"Aachen",2019
"463",502,0.706792,3,5,2,"Arnsberg",1998
"464",502,0.689442,3,5,2,"Arnsberg",1999
"465",502,0.652604,3,5,2,"Arnsberg",2000
"466",502,0.641417,3,5,2,"Arnsberg",2001
"467",502,0.650147,3,5,2,"Arnsberg",2002
"468",502,0.64439,3,5,2,"Arnsberg",2003
"469",502,0.642797,3,6,2,"Arnsberg",2004
"470",502,0.664924,3,6,2,"Arnsberg",2005
"471",502,0.647229,3,6,2,"Arnsberg",2006
"472",502,0.62627,3,6,2,"Arnsberg",2007
"473",502,0.59024,3,5,2,"Arnsberg",2008
"474",502,0.590829,3,6,2,"Arnsberg",2009
"475",502,0.577494,3,6,2,"Arnsberg",2010
"476",502,0.548862,3,6,2,"Arnsberg",2011
"477",502,0.543267,3,6,2,"Arnsberg",2012
"478",502,0.526566,3,6,2,"Arnsberg",2013
"479",502,0.504641,3,6,2,"Arnsberg",2014
"480",502,0.495935,3,6,2,"Arnsberg",2015
"481",502,0.484008,3,6,2,"Arnsberg",2016
"482",502,0.459244,3,6,2,"Arnsberg",2017
"483",502,0.432088,3,6,2,"Arnsberg",2018
"484",502,0.407783,3,6,2,"Arnsberg",2019
"485",503,0.691474,3,5,2,"Bielefeld",1998
"486",503,0.67064,3,5,2,"Bielefeld",1999
"487",503,0.619848,2,4,2,"Bielefeld",2000
"488",503,0.597468,2,4,2,"Bielefeld",2001
"489",503,0.605247,2,4,2,"Bielefeld",2002
"490",503,0.607902,2,4,2,"Bielefeld",2003
"491",503,0.599544,2,4,2,"Bielefeld",2004
"492",503,0.619417,3,5,2,"Bielefeld",2005
"493",503,0.600925,3,5,2,"Bielefeld",2006
"494",503,0.585147,3,5,2,"Bielefeld",2007
"495",503,0.556833,3,5,2,"Bielefeld",2008
"496",503,0.5673,3,5,2,"Bielefeld",2009
"497",503,0.54969,3,5,2,"Bielefeld",2010
"498",503,0.526088,3,5,2,"Bielefeld",2011
"499",503,0.513389,3,5,2,"Bielefeld",2012
"500",503,0.512499,3,6,2,"Bielefeld",2013
"501",503,0.492136,3,5,2,"Bielefeld",2014
"502",503,0.47865,3,6,2,"Bielefeld",2015
"503",503,0.453531,3,5,2,"Bielefeld",2016
"504",503,0.442941,3,6,2,"Bielefeld",2017
"505",503,0.416377,3,6,2,"Bielefeld",2018
"506",503,0.398108,3,5,2,"Bielefeld",2019
"507",504,0.73078,3,5,2,"Bochum/Hagen",1998
"508",504,0.707185,3,5,2,"Bochum/Hagen",1999
"509",504,0.659411,3,5,2,"Bochum/Hagen",2000
"510",504,0.643238,3,5,2,"Bochum/Hagen",2001
"511",504,0.645921,3,5,2,"Bochum/Hagen",2002
"512",504,0.650218,3,5,2,"Bochum/Hagen",2003
"513",504,0.641655,3,6,2,"Bochum/Hagen",2004
"514",504,0.655154,3,5,2,"Bochum/Hagen",2005
"515",504,0.652281,3,6,2,"Bochum/Hagen",2006
"516",504,0.629983,3,6,2,"Bochum/Hagen",2007
"517",504,0.608903,3,6,2,"Bochum/Hagen",2008
"518",504,0.614509,3,6,2,"Bochum/Hagen",2009
"519",504,0.593941,3,6,2,"Bochum/Hagen",2010
"520",504,0.563846,3,6,2,"Bochum/Hagen",2011
"521",504,0.561138,3,6,2,"Bochum/Hagen",2012
"522",504,0.561314,4,7,2,"Bochum/Hagen",2013
"523",504,0.542369,4,7,2,"Bochum/Hagen",2014
"524",504,0.534019,4,7,2,"Bochum/Hagen",2015
"525",504,0.514563,4,7,2,"Bochum/Hagen",2016
"526",504,0.502658,4,7,2,"Bochum/Hagen",2017
"527",504,0.485324,4,8,2,"Bochum/Hagen",2018
"528",504,0.467891,4,7,2,"Bochum/Hagen",2019
"529",505,0.650587,2,3,2,"Bonn",1998
"530",505,0.627122,2,3,2,"Bonn",1999
"531",505,0.569531,1,1,1,"Bonn",2000
"532",505,0.545139,1,2,1,"Bonn",2001
"533",505,0.549308,1,2,1,"Bonn",2002
"534",505,0.54335,1,2,1,"Bonn",2003
"535",505,0.542017,1,2,1,"Bonn",2004
"536",505,0.555998,1,2,1,"Bonn",2005
"537",505,0.551637,2,3,2,"Bonn",2006
"538",505,0.53615,2,3,2,"Bonn",2007
"539",505,0.519198,2,3,2,"Bonn",2008
"540",505,0.495155,2,3,2,"Bonn",2009
"541",505,0.473271,1,2,1,"Bonn",2010
"542",505,0.438698,1,2,1,"Bonn",2011
"543",505,0.419756,1,2,1,"Bonn",2012
"544",505,0.420521,2,3,2,"Bonn",2013
"545",505,0.394078,1,2,1,"Bonn",2014
"546",505,0.370645,1,2,1,"Bonn",2015
"547",505,0.350675,1,2,1,"Bonn",2016
"548",505,0.332888,1,2,1,"Bonn",2017
"549",505,0.302429,1,2,1,"Bonn",2018
"550",505,0.283666,1,2,1,"Bonn",2019
"551",506,0.79325,4,7,2,"Dortmund",1998
"552",506,0.773946,4,7,2,"Dortmund",1999
"553",506,0.715534,4,7,2,"Dortmund",2000
"554",506,0.699151,4,7,2,"Dortmund",2001
"555",506,0.706666,4,7,2,"Dortmund",2002
"556",506,0.712135,4,7,2,"Dortmund",2003
"557",506,0.715343,4,7,2,"Dortmund",2004
"558",506,0.729796,4,7,2,"Dortmund",2005
"559",506,0.733566,4,8,2,"Dortmund",2006
"560",506,0.709852,4,8,2,"Dortmund",2007
"561",506,0.682821,4,8,2,"Dortmund",2008
"562",506,0.675174,4,8,2,"Dortmund",2009
"563",506,0.667595,4,8,2,"Dortmund",2010
"564",506,0.640939,4,8,2,"Dortmund",2011
"565",506,0.636272,4,8,2,"Dortmund",2012
"566",506,0.638122,5,9,3,"Dortmund",2013
"567",506,0.615604,5,9,3,"Dortmund",2014
"568",506,0.595598,5,9,3,"Dortmund",2015
"569",506,0.56664,5,9,3,"Dortmund",2016
"570",506,0.55153,5,9,3,"Dortmund",2017
"571",506,0.529893,5,9,3,"Dortmund",2018
"572",506,0.511356,5,9,3,"Dortmund",2019
"573",507,0.765573,3,6,2,"Duisburg/Essen",1998
"574",507,0.744203,3,6,2,"Duisburg/Essen",1999
"575",507,0.686693,3,6,2,"Duisburg/Essen",2000
"576",507,0.669882,3,6,2,"Duisburg/Essen",2001
"577",507,0.672598,3,6,2,"Duisburg/Essen",2002
"578",507,0.675242,3,6,2,"Duisburg/Essen",2003
"579",507,0.675424,4,7,2,"Duisburg/Essen",2004
"580",507,0.702776,4,7,2,"Duisburg/Essen",2005
"581",507,0.698635,4,7,2,"Duisburg/Essen",2006
"582",507,0.683679,4,7,2,"Duisburg/Essen",2007
"583",507,0.655316,4,7,2,"Duisburg/Essen",2008
"584",507,0.643848,4,7,2,"Duisburg/Essen",2009
"585",507,0.632995,4,7,2,"Duisburg/Essen",2010
"586",507,0.608753,4,7,2,"Duisburg/Essen",2011
"587",507,0.601288,4,8,2,"Duisburg/Essen",2012
"588",507,0.605026,4,8,2,"Duisburg/Essen",2013
"589",507,0.594805,4,8,2,"Duisburg/Essen",2014
"590",507,0.580186,4,8,2,"Duisburg/Essen",2015
"591",507,0.563631,5,9,3,"Duisburg/Essen",2016
"592",507,0.549584,5,9,3,"Duisburg/Essen",2017
"593",507,0.528358,5,9,3,"Duisburg/Essen",2018
"594",507,0.511861,5,9,3,"Duisburg/Essen",2019
"595",508,0.67544,2,4,2,"Düsseldorf",1998
"596",508,0.651426,2,4,2,"Düsseldorf",1999
"597",508,0.598973,2,3,2,"Düsseldorf",2000
"598",508,0.582685,2,3,2,"Düsseldorf",2001
"599",508,0.583226,2,3,2,"Düsseldorf",2002
"600",508,0.5798,2,3,2,"Düsseldorf",2003
"601",508,0.572048,2,3,2,"Düsseldorf",2004
"602",508,0.592434,2,4,2,"Düsseldorf",2005
"603",508,0.588474,2,4,2,"Düsseldorf",2006
"604",508,0.579312,3,5,2,"Düsseldorf",2007
"605",508,0.54926,2,4,2,"Düsseldorf",2008
"606",508,0.540968,2,4,2,"Düsseldorf",2009
"607",508,0.525883,2,4,2,"Düsseldorf",2010
"608",508,0.492674,2,4,2,"Düsseldorf",2011
"609",508,0.48582,2,4,2,"Düsseldorf",2012
"610",508,0.486972,3,5,2,"Düsseldorf",2013
"611",508,0.464895,2,4,2,"Düsseldorf",2014
"612",508,0.442602,2,4,2,"Düsseldorf",2015
"613",508,0.416939,2,4,2,"Düsseldorf",2016
"614",508,0.397269,2,4,2,"Düsseldorf",2017
"615",508,0.376867,2,4,2,"Düsseldorf",2018
"616",508,0.354926,2,4,2,"Düsseldorf",2019
"617",509,0.817194,4,8,2,"Emscher-Lippe",1998
"618",509,0.800643,4,8,2,"Emscher-Lippe",1999
"619",509,0.746483,4,7,2,"Emscher-Lippe",2000
"620",509,0.738292,4,8,2,"Emscher-Lippe",2001
"621",509,0.736009,4,8,2,"Emscher-Lippe",2002
"622",509,0.737415,4,8,2,"Emscher-Lippe",2003
"623",509,0.739245,4,8,2,"Emscher-Lippe",2004
"624",509,0.761185,4,8,2,"Emscher-Lippe",2005
"625",509,0.758464,4,8,2,"Emscher-Lippe",2006
"626",509,0.746527,4,8,2,"Emscher-Lippe",2007
"627",509,0.722299,5,9,3,"Emscher-Lippe",2008
"628",509,0.702276,5,9,3,"Emscher-Lippe",2009
"629",509,0.700065,5,9,3,"Emscher-Lippe",2010
"630",509,0.680044,5,9,3,"Emscher-Lippe",2011
"631",509,0.668637,5,9,3,"Emscher-Lippe",2012
"632",509,0.673836,5,10,3,"Emscher-Lippe",2013
"633",509,0.665454,5,10,3,"Emscher-Lippe",2014
"634",509,0.653861,5,10,3,"Emscher-Lippe",2015
"635",509,0.640364,5,10,3,"Emscher-Lippe",2016
"636",509,0.624138,5,10,3,"Emscher-Lippe",2017
"637",509,0.601221,5,10,3,"Emscher-Lippe",2018
"638",509,0.578883,5,10,3,"Emscher-Lippe",2019
"639",510,0.667748,2,4,2,"Köln",1998
"640",510,0.642615,2,3,2,"Köln",1999
"641",510,0.583848,1,2,1,"Köln",2000
"642",510,0.556952,1,2,1,"Köln",2001
"643",510,0.562947,2,3,2,"Köln",2002
"644",510,0.562485,2,3,2,"Köln",2003
"645",510,0.5569,2,3,2,"Köln",2004
"646",510,0.580766,2,3,2,"Köln",2005
"647",510,0.572402,2,4,2,"Köln",2006
"648",510,0.559426,2,4,2,"Köln",2007
"649",510,0.521183,2,4,2,"Köln",2008
"650",510,0.506083,2,3,2,"Köln",2009
"651",510,0.494598,2,4,2,"Köln",2010
"652",510,0.465003,2,3,2,"Köln",2011
"653",510,0.452785,2,3,2,"Köln",2012
"654",510,0.449047,2,4,2,"Köln",2013
"655",510,0.424336,2,3,2,"Köln",2014
"656",510,0.402673,2,3,2,"Köln",2015
"657",510,0.381799,2,3,2,"Köln",2016
"658",510,0.351479,2,3,2,"Köln",2017
"659",510,0.330556,2,3,2,"Köln",2018
"660",510,0.306968,2,3,2,"Köln",2019
"661",511,0.681989,2,4,2,"Münster",1998
"662",511,0.66528,2,4,2,"Münster",1999
"663",511,0.624206,2,4,2,"Münster",2000
"664",511,0.603968,2,4,2,"Münster",2001
"665",511,0.61474,2,4,2,"Münster",2002
"666",511,0.611638,3,5,2,"Münster",2003
"667",511,0.608453,2,4,2,"Münster",2004
"668",511,0.617297,3,5,2,"Münster",2005
"669",511,0.607054,3,5,2,"Münster",2006
"670",511,0.583715,3,5,2,"Münster",2007
"671",511,0.556775,3,5,2,"Münster",2008
"672",511,0.554921,3,5,2,"Münster",2009
"673",511,0.537526,3,5,2,"Münster",2010
"674",511,0.513048,3,5,2,"Münster",2011
"675",511,0.497711,3,5,2,"Münster",2012
"676",511,0.494528,3,5,2,"Münster",2013
"677",511,0.4741,3,5,2,"Münster",2014
"678",511,0.455126,3,5,2,"Münster",2015
"679",511,0.436684,3,5,2,"Münster",2016
"680",511,0.420195,3,5,2,"Münster",2017
"681",511,0.38993,2,4,2,"Münster",2018
"682",511,0.369653,2,4,2,"Münster",2019
"683",512,0.724932,3,5,2,"Paderborn",1998
"684",512,0.707922,3,5,2,"Paderborn",1999
"685",512,0.66429,3,5,2,"Paderborn",2000
"686",512,0.643174,3,5,2,"Paderborn",2001
"687",512,0.647587,3,5,2,"Paderborn",2002
"688",512,0.645911,3,5,2,"Paderborn",2003
"689",512,0.641554,3,6,2,"Paderborn",2004
"690",512,0.656033,3,5,2,"Paderborn",2005
"691",512,0.646728,3,6,2,"Paderborn",2006
"692",512,0.620749,3,6,2,"Paderborn",2007
"693",512,0.590367,3,5,2,"Paderborn",2008
"694",512,0.597109,3,6,2,"Paderborn",2009
"695",512,0.57674,3,6,2,"Paderborn",2010
"696",512,0.546038,3,6,2,"Paderborn",2011
"697",512,0.524994,3,6,2,"Paderborn",2012
"698",512,0.524616,3,6,2,"Paderborn",2013
"699",512,0.51703,3,6,2,"Paderborn",2014
"700",512,0.498702,3,6,2,"Paderborn",2015
"701",512,0.48351,3,6,2,"Paderborn",2016
"702",512,0.450016,3,6,2,"Paderborn",2017
"703",512,0.422197,3,6,2,"Paderborn",2018
"704",512,0.410618,3,6,2,"Paderborn",2019
"705",513,0.639543,2,3,2,"Siegen",1998
"706",513,0.622291,2,3,2,"Siegen",1999
"707",513,0.597171,2,3,2,"Siegen",2000
"708",513,0.584977,2,3,2,"Siegen",2001
"709",513,0.594167,2,3,2,"Siegen",2002
"710",513,0.58483,2,3,2,"Siegen",2003
"711",513,0.576825,2,3,2,"Siegen",2004
"712",513,0.594728,2,4,2,"Siegen",2005
"713",513,0.566549,2,3,2,"Siegen",2006
"714",513,0.544882,2,3,2,"Siegen",2007
"715",513,0.511448,2,3,2,"Siegen",2008
"716",513,0.522848,2,4,2,"Siegen",2009
"717",513,0.514972,2,4,2,"Siegen",2010
"718",513,0.476566,2,4,2,"Siegen",2011
"719",513,0.463063,2,4,2,"Siegen",2012
"720",513,0.471624,2,4,2,"Siegen",2013
"721",513,0.439502,2,4,2,"Siegen",2014
"722",513,0.441965,2,4,2,"Siegen",2015
"723",513,0.41301,2,4,2,"Siegen",2016
"724",513,0.384339,2,4,2,"Siegen",2017
"725",513,0.365455,2,4,2,"Siegen",2018
"726",513,0.349625,2,4,2,"Siegen",2019
"727",601,0.688303,2,4,2,"Mittelhessen",1998
"728",601,0.667838,2,4,2,"Mittelhessen",1999
"729",601,0.635632,2,4,2,"Mittelhessen",2000
"730",601,0.612149,2,4,2,"Mittelhessen",2001
"731",601,0.604039,2,4,2,"Mittelhessen",2002
"732",601,0.610886,2,4,2,"Mittelhessen",2003
"733",601,0.603598,2,4,2,"Mittelhessen",2004
"734",601,0.613181,2,4,2,"Mittelhessen",2005
"735",601,0.597903,2,4,2,"Mittelhessen",2006
"736",601,0.577939,2,4,2,"Mittelhessen",2007
"737",601,0.552248,2,4,2,"Mittelhessen",2008
"738",601,0.541545,2,4,2,"Mittelhessen",2009
"739",601,0.52732,2,4,2,"Mittelhessen",2010
"740",601,0.501286,2,4,2,"Mittelhessen",2011
"741",601,0.488382,2,4,2,"Mittelhessen",2012
"742",601,0.485302,3,5,2,"Mittelhessen",2013
"743",601,0.462702,2,4,2,"Mittelhessen",2014
"744",601,0.443681,3,5,2,"Mittelhessen",2015
"745",601,0.430234,2,4,2,"Mittelhessen",2016
"746",601,0.411229,2,4,2,"Mittelhessen",2017
"747",601,0.393496,2,4,2,"Mittelhessen",2018
"748",601,0.376056,3,5,2,"Mittelhessen",2019
"749",602,0.732418,3,6,2,"Nordhessen",1998
"750",602,0.710676,3,6,2,"Nordhessen",1999
"751",602,0.694178,3,6,2,"Nordhessen",2000
"752",602,0.664788,3,6,2,"Nordhessen",2001
"753",602,0.658154,3,6,2,"Nordhessen",2002
"754",602,0.663505,3,6,2,"Nordhessen",2003
"755",602,0.65472,3,6,2,"Nordhessen",2004
"756",602,0.667567,3,6,2,"Nordhessen",2005
"757",602,0.652678,3,6,2,"Nordhessen",2006
"758",602,0.630023,3,6,2,"Nordhessen",2007
"759",602,0.595512,3,6,2,"Nordhessen",2008
"760",602,0.591156,3,6,2,"Nordhessen",2009
"761",602,0.57095,3,5,2,"Nordhessen",2010
"762",602,0.54278,3,6,2,"Nordhessen",2011
"763",602,0.538142,3,6,2,"Nordhessen",2012
"764",602,0.528252,3,6,2,"Nordhessen",2013
"765",602,0.505582,3,6,2,"Nordhessen",2014
"766",602,0.478917,3,6,2,"Nordhessen",2015
"767",602,0.465108,3,6,2,"Nordhessen",2016
"768",602,0.438029,3,5,2,"Nordhessen",2017
"769",602,0.419315,3,6,2,"Nordhessen",2018
"770",602,0.402099,3,6,2,"Nordhessen",2019
"771",603,0.678817,2,4,2,"Osthessen",1998
"772",603,0.658923,2,4,2,"Osthessen",1999
"773",603,0.639016,3,5,2,"Osthessen",2000
"774",603,0.620918,3,5,2,"Osthessen",2001
"775",603,0.599261,2,4,2,"Osthessen",2002
"776",603,0.604055,2,4,2,"Osthessen",2003
"777",603,0.607128,2,4,2,"Osthessen",2004
"778",603,0.600964,2,4,2,"Osthessen",2005
"779",603,0.586292,2,4,2,"Osthessen",2006
"780",603,0.566132,2,4,2,"Osthessen",2007
"781",603,0.54072,2,4,2,"Osthessen",2008
"782",603,0.542151,2,4,2,"Osthessen",2009
"783",603,0.518773,2,4,2,"Osthessen",2010
"784",603,0.483606,2,4,2,"Osthessen",2011
"785",603,0.481332,2,4,2,"Osthessen",2012
"786",603,0.471697,2,4,2,"Osthessen",2013
"787",603,0.444467,2,4,2,"Osthessen",2014
"788",603,0.429337,2,4,2,"Osthessen",2015
"789",603,0.416971,2,4,2,"Osthessen",2016
"790",603,0.389152,2,4,2,"Osthessen",2017
"791",603,0.373047,2,4,2,"Osthessen",2018
"792",603,0.354816,2,4,2,"Osthessen",2019
"793",604,0.60755,1,1,1,"Rhein-Main",1998
"794",604,0.587734,1,1,1,"Rhein-Main",1999
"795",604,0.555239,1,1,1,"Rhein-Main",2000
"796",604,0.513521,1,1,1,"Rhein-Main",2001
"797",604,0.510319,1,1,1,"Rhein-Main",2002
"798",604,0.512439,1,1,1,"Rhein-Main",2003
"799",604,0.505664,1,1,1,"Rhein-Main",2004
"800",604,0.514021,1,1,1,"Rhein-Main",2005
"801",604,0.494969,1,1,1,"Rhein-Main",2006
"802",604,0.475432,1,1,1,"Rhein-Main",2007
"803",604,0.434264,1,1,1,"Rhein-Main",2008
"804",604,0.421846,1,1,1,"Rhein-Main",2009
"805",604,0.406062,1,1,1,"Rhein-Main",2010
"806",604,0.372873,1,1,1,"Rhein-Main",2011
"807",604,0.362301,1,1,1,"Rhein-Main",2012
"808",604,0.357089,1,1,1,"Rhein-Main",2013
"809",604,0.325906,1,1,1,"Rhein-Main",2014
"810",604,0.303222,1,1,1,"Rhein-Main",2015
"811",604,0.284203,1,1,1,"Rhein-Main",2016
"812",604,0.256924,1,1,1,"Rhein-Main",2017
"813",604,0.234964,1,1,1,"Rhein-Main",2018
"814",604,0.214135,1,1,1,"Rhein-Main",2019
"815",605,0.621893,1,2,1,"Starkenburg",1998
"816",605,0.604077,1,2,1,"Starkenburg",1999
"817",605,0.573038,1,2,1,"Starkenburg",2000
"818",605,0.537498,1,1,1,"Starkenburg",2001
"819",605,0.527996,1,1,1,"Starkenburg",2002
"820",605,0.527008,1,1,1,"Starkenburg",2003
"821",605,0.529493,1,1,1,"Starkenburg",2004
"822",605,0.540016,1,2,1,"Starkenburg",2005
"823",605,0.524643,1,2,1,"Starkenburg",2006
"824",605,0.500442,1,2,1,"Starkenburg",2007
"825",605,0.477037,1,2,1,"Starkenburg",2008
"826",605,0.460525,1,2,1,"Starkenburg",2009
"827",605,0.446363,1,2,1,"Starkenburg",2010
"828",605,0.422778,1,2,1,"Starkenburg",2011
"829",605,0.408624,1,2,1,"Starkenburg",2012
"830",605,0.401547,1,2,1,"Starkenburg",2013
"831",605,0.37848,1,2,1,"Starkenburg",2014
"832",605,0.359835,1,2,1,"Starkenburg",2015
"833",605,0.339824,1,2,1,"Starkenburg",2016
"834",605,0.311863,1,2,1,"Starkenburg",2017
"835",605,0.291457,1,2,1,"Starkenburg",2018
"836",605,0.273808,1,2,1,"Starkenburg",2019
"837",701,0.731811,3,6,2,"Mittelrhein-Westerwald",1998
"838",701,0.714451,3,6,2,"Mittelrhein-Westerwald",1999
"839",701,0.680434,3,6,2,"Mittelrhein-Westerwald",2000
"840",701,0.659133,3,6,2,"Mittelrhein-Westerwald",2001
"841",701,0.66857,3,6,2,"Mittelrhein-Westerwald",2002
"842",701,0.669476,3,6,2,"Mittelrhein-Westerwald",2003
"843",701,0.658189,3,6,2,"Mittelrhein-Westerwald",2004
"844",701,0.674455,3,6,2,"Mittelrhein-Westerwald",2005
"845",701,0.655845,3,6,2,"Mittelrhein-Westerwald",2006
"846",701,0.635476,3,6,2,"Mittelrhein-Westerwald",2007
"847",701,0.612968,3,6,2,"Mittelrhein-Westerwald",2008
"848",701,0.599425,3,6,2,"Mittelrhein-Westerwald",2009
"849",701,0.588267,3,6,2,"Mittelrhein-Westerwald",2010
"850",701,0.569627,3,6,2,"Mittelrhein-Westerwald",2011
"851",701,0.561389,3,6,2,"Mittelrhein-Westerwald",2012
"852",701,0.55254,3,6,2,"Mittelrhein-Westerwald",2013
"853",701,0.535166,4,7,2,"Mittelrhein-Westerwald",2014
"854",701,0.520393,4,7,2,"Mittelrhein-Westerwald",2015
"855",701,0.499852,4,7,2,"Mittelrhein-Westerwald",2016
"856",701,0.481452,4,7,2,"Mittelrhein-Westerwald",2017
"857",701,0.465421,4,7,2,"Mittelrhein-Westerwald",2018
"858",701,0.449481,4,7,2,"Mittelrhein-Westerwald",2019
"859",702,0.688574,2,4,2,"Rheinhessen-Nahe",1998
"860",702,0.66753,2,4,2,"Rheinhessen-Nahe",1999
"861",702,0.629158,2,4,2,"Rheinhessen-Nahe",2000
"862",702,0.596091,2,4,2,"Rheinhessen-Nahe",2001
"863",702,0.596113,2,4,2,"Rheinhessen-Nahe",2002
"864",702,0.591363,2,4,2,"Rheinhessen-Nahe",2003
"865",702,0.579435,2,4,2,"Rheinhessen-Nahe",2004
"866",702,0.586858,2,3,2,"Rheinhessen-Nahe",2005
"867",702,0.578668,2,4,2,"Rheinhessen-Nahe",2006
"868",702,0.55521,2,4,2,"Rheinhessen-Nahe",2007
"869",702,0.524505,2,4,2,"Rheinhessen-Nahe",2008
"870",702,0.505042,2,3,2,"Rheinhessen-Nahe",2009
"871",702,0.486806,2,3,2,"Rheinhessen-Nahe",2010
"872",702,0.467665,2,3,2,"Rheinhessen-Nahe",2011
"873",702,0.456119,2,4,2,"Rheinhessen-Nahe",2012
"874",702,0.444253,2,3,2,"Rheinhessen-Nahe",2013
"875",702,0.432023,2,4,2,"Rheinhessen-Nahe",2014
"876",702,0.415253,2,4,2,"Rheinhessen-Nahe",2015
"877",702,0.400774,2,4,2,"Rheinhessen-Nahe",2016
"878",702,0.381393,2,4,2,"Rheinhessen-Nahe",2017
"879",702,0.362194,2,4,2,"Rheinhessen-Nahe",2018
"880",702,0.349006,2,4,2,"Rheinhessen-Nahe",2019
"881",703,0.692123,3,5,2,"Rheinpfalz",1998
"882",703,0.67296,3,5,2,"Rheinpfalz",1999
"883",703,0.645996,3,5,2,"Rheinpfalz",2000
"884",703,0.630253,3,5,2,"Rheinpfalz",2001
"885",703,0.629016,3,5,2,"Rheinpfalz",2002
"886",703,0.626505,3,5,2,"Rheinpfalz",2003
"887",703,0.611467,3,5,2,"Rheinpfalz",2004
"888",703,0.606781,2,4,2,"Rheinpfalz",2005
"889",703,0.598391,2,4,2,"Rheinpfalz",2006
"890",703,0.578083,3,5,2,"Rheinpfalz",2007
"891",703,0.556609,2,4,2,"Rheinpfalz",2008
"892",703,0.534265,2,4,2,"Rheinpfalz",2009
"893",703,0.524294,2,4,2,"Rheinpfalz",2010
"894",703,0.500726,2,4,2,"Rheinpfalz",2011
"895",703,0.485284,2,4,2,"Rheinpfalz",2012
"896",703,0.47591,2,4,2,"Rheinpfalz",2013
"897",703,0.465864,3,5,2,"Rheinpfalz",2014
"898",703,0.447424,3,5,2,"Rheinpfalz",2015
"899",703,0.441338,3,5,2,"Rheinpfalz",2016
"900",703,0.428702,3,5,2,"Rheinpfalz",2017
"901",703,0.405183,3,5,2,"Rheinpfalz",2018
"902",703,0.390625,3,5,2,"Rheinpfalz",2019
"903",704,0.743078,3,6,2,"Trier",1998
"904",704,0.72662,3,6,2,"Trier",1999
"905",704,0.698876,3,6,2,"Trier",2000
"906",704,0.679687,3,6,2,"Trier",2001
"907",704,0.689648,4,7,2,"Trier",2002
"908",704,0.673506,3,6,2,"Trier",2003
"909",704,0.674544,3,6,2,"Trier",2004
"910",704,0.680717,3,6,2,"Trier",2005
"911",704,0.664403,3,6,2,"Trier",2006
"912",704,0.650724,3,6,2,"Trier",2007
"913",704,0.634562,3,6,2,"Trier",2008
"914",704,0.627905,4,7,2,"Trier",2009
"915",704,0.616532,4,7,2,"Trier",2010
"916",704,0.604107,4,7,2,"Trier",2011
"917",704,0.596157,4,8,2,"Trier",2012
"918",704,0.585794,4,8,2,"Trier",2013
"919",704,0.575944,4,8,2,"Trier",2014
"920",704,0.570488,4,8,2,"Trier",2015
"921",704,0.549889,4,8,2,"Trier",2016
"922",704,0.533451,4,8,2,"Trier",2017
"923",704,0.513847,4,8,2,"Trier",2018
"924",704,0.505711,5,9,3,"Trier",2019
"925",705,0.796927,4,8,2,"Westpfalz",1998
"926",705,0.779414,4,7,2,"Westpfalz",1999
"927",705,0.744303,4,7,2,"Westpfalz",2000
"928",705,0.72171,4,7,2,"Westpfalz",2001
"929",705,0.716525,4,7,2,"Westpfalz",2002
"930",705,0.713193,4,7,2,"Westpfalz",2003
"931",705,0.713881,4,7,2,"Westpfalz",2004
"932",705,0.716292,4,7,2,"Westpfalz",2005
"933",705,0.706701,4,7,2,"Westpfalz",2006
"934",705,0.691239,4,7,2,"Westpfalz",2007
"935",705,0.656671,4,7,2,"Westpfalz",2008
"936",705,0.646886,4,7,2,"Westpfalz",2009
"937",705,0.635498,4,7,2,"Westpfalz",2010
"938",705,0.617261,4,8,2,"Westpfalz",2011
"939",705,0.615428,4,8,2,"Westpfalz",2012
"940",705,0.598686,4,8,2,"Westpfalz",2013
"941",705,0.585992,4,8,2,"Westpfalz",2014
"942",705,0.572849,4,8,2,"Westpfalz",2015
"943",705,0.557192,4,8,2,"Westpfalz",2016
"944",705,0.551767,5,9,3,"Westpfalz",2017
"945",705,0.531744,5,9,3,"Westpfalz",2018
"946",705,0.521818,5,9,3,"Westpfalz",2019
"947",801,0.624296,1,2,1,"Bodensee-Oberschwaben",1998
"948",801,0.598472,1,2,1,"Bodensee-Oberschwaben",1999
"949",801,0.588682,2,3,2,"Bodensee-Oberschwaben",2000
"950",801,0.559048,1,2,1,"Bodensee-Oberschwaben",2001
"951",801,0.559958,1,2,1,"Bodensee-Oberschwaben",2002
"952",801,0.550622,1,2,1,"Bodensee-Oberschwaben",2003
"953",801,0.550924,1,2,1,"Bodensee-Oberschwaben",2004
"954",801,0.545499,1,2,1,"Bodensee-Oberschwaben",2005
"955",801,0.521647,1,2,1,"Bodensee-Oberschwaben",2006
"956",801,0.496168,1,2,1,"Bodensee-Oberschwaben",2007
"957",801,0.468773,1,2,1,"Bodensee-Oberschwaben",2008
"958",801,0.475525,1,2,1,"Bodensee-Oberschwaben",2009
"959",801,0.457344,1,2,1,"Bodensee-Oberschwaben",2010
"960",801,0.41236,1,2,1,"Bodensee-Oberschwaben",2011
"961",801,0.410072,1,2,1,"Bodensee-Oberschwaben",2012
"962",801,0.382935,1,2,1,"Bodensee-Oberschwaben",2013
"963",801,0.364211,1,2,1,"Bodensee-Oberschwaben",2014
"964",801,0.363015,1,2,1,"Bodensee-Oberschwaben",2015
"965",801,0.32703,1,2,1,"Bodensee-Oberschwaben",2016
"966",801,0.321998,1,2,1,"Bodensee-Oberschwaben",2017
"967",801,0.295521,1,2,1,"Bodensee-Oberschwaben",2018
"968",801,0.27464,1,2,1,"Bodensee-Oberschwaben",2019
"969",802,0.595289,1,1,1,"Donau-Iller (BW)",1998
"970",802,0.571814,1,1,1,"Donau-Iller (BW)",1999
"971",802,0.548362,1,1,1,"Donau-Iller (BW)",2000
"972",802,0.522252,1,1,1,"Donau-Iller (BW)",2001
"973",802,0.518189,1,1,1,"Donau-Iller (BW)",2002
"974",802,0.508097,1,1,1,"Donau-Iller (BW)",2003
"975",802,0.506374,1,1,1,"Donau-Iller (BW)",2004
"976",802,0.504082,1,1,1,"Donau-Iller (BW)",2005
"977",802,0.484414,1,1,1,"Donau-Iller (BW)",2006
"978",802,0.457122,1,1,1,"Donau-Iller (BW)",2007
"979",802,0.425237,1,1,1,"Donau-Iller (BW)",2008
"980",802,0.433659,1,1,1,"Donau-Iller (BW)",2009
"981",802,0.413068,1,1,1,"Donau-Iller (BW)",2010
"982",802,0.373901,1,1,1,"Donau-Iller (BW)",2011
"983",802,0.36282,1,1,1,"Donau-Iller (BW)",2012
"984",802,0.347259,1,1,1,"Donau-Iller (BW)",2013
"985",802,0.323844,1,1,1,"Donau-Iller (BW)",2014
"986",802,0.31935,1,1,1,"Donau-Iller (BW)",2015
"987",802,0.300765,1,1,1,"Donau-Iller (BW)",2016
"988",802,0.282925,1,1,1,"Donau-Iller (BW)",2017
"989",802,0.259421,1,1,1,"Donau-Iller (BW)",2018
"990",802,0.240158,1,1,1,"Donau-Iller (BW)",2019
"991",803,0.605672,1,1,1,"Franken",1998
"992",803,0.584245,1,1,1,"Franken",1999
"993",803,0.576886,1,2,1,"Franken",2000
"994",803,0.556841,1,2,1,"Franken",2001
"995",803,0.55409,1,2,1,"Franken",2002
"996",803,0.548124,1,2,1,"Franken",2003
"997",803,0.545467,1,2,1,"Franken",2004
"998",803,0.541192,1,2,1,"Franken",2005
"999",803,0.515019,1,2,1,"Franken",2006
"1000",803,0.484183,1,2,1,"Franken",2007
"1001",803,0.454677,1,2,1,"Franken",2008
"1002",803,0.472094,1,2,1,"Franken",2009
"1003",803,0.449234,1,2,1,"Franken",2010
"1004",803,0.405238,1,2,1,"Franken",2011
"1005",803,0.406032,1,2,1,"Franken",2012
"1006",803,0.383199,1,2,1,"Franken",2013
"1007",803,0.36845,1,2,1,"Franken",2014
"1008",803,0.349229,1,2,1,"Franken",2015
"1009",803,0.324795,1,2,1,"Franken",2016
"1010",803,0.307294,1,2,1,"Franken",2017
"1011",803,0.287647,1,2,1,"Franken",2018
"1012",803,0.261532,1,2,1,"Franken",2019
"1013",804,0.675132,2,4,2,"Hochrhein-Bodensee",1998
"1014",804,0.658721,2,4,2,"Hochrhein-Bodensee",1999
"1015",804,0.633528,2,4,2,"Hochrhein-Bodensee",2000
"1016",804,0.613951,2,4,2,"Hochrhein-Bodensee",2001
"1017",804,0.614685,2,4,2,"Hochrhein-Bodensee",2002
"1018",804,0.608235,2,4,2,"Hochrhein-Bodensee",2003
"1019",804,0.604381,2,4,2,"Hochrhein-Bodensee",2004
"1020",804,0.603031,2,4,2,"Hochrhein-Bodensee",2005
"1021",804,0.587674,2,4,2,"Hochrhein-Bodensee",2006
"1022",804,0.575556,2,4,2,"Hochrhein-Bodensee",2007
"1023",804,0.549385,2,4,2,"Hochrhein-Bodensee",2008
"1024",804,0.556774,3,5,2,"Hochrhein-Bodensee",2009
"1025",804,0.532801,2,4,2,"Hochrhein-Bodensee",2010
"1026",804,0.499816,2,4,2,"Hochrhein-Bodensee",2011
"1027",804,0.491254,3,5,2,"Hochrhein-Bodensee",2012
"1028",804,0.467309,2,4,2,"Hochrhein-Bodensee",2013
"1029",804,0.467908,3,5,2,"Hochrhein-Bodensee",2014
"1030",804,0.434567,2,4,2,"Hochrhein-Bodensee",2015
"1031",804,0.418812,2,4,2,"Hochrhein-Bodensee",2016
"1032",804,0.413718,3,5,2,"Hochrhein-Bodensee",2017
"1033",804,0.395966,3,5,2,"Hochrhein-Bodensee",2018
"1034",804,0.376026,3,5,2,"Hochrhein-Bodensee",2019
"1035",805,0.601519,1,1,1,"Mittlerer Oberrhein",1998
"1036",805,0.578754,1,1,1,"Mittlerer Oberrhein",1999
"1037",805,0.54561,1,1,1,"Mittlerer Oberrhein",2000
"1038",805,0.511164,1,1,1,"Mittlerer Oberrhein",2001
"1039",805,0.514078,1,1,1,"Mittlerer Oberrhein",2002
"1040",805,0.510079,1,1,1,"Mittlerer Oberrhein",2003
"1041",805,0.502467,1,1,1,"Mittlerer Oberrhein",2004
"1042",805,0.5005,1,1,1,"Mittlerer Oberrhein",2005
"1043",805,0.479282,1,1,1,"Mittlerer Oberrhein",2006
"1044",805,0.454745,1,1,1,"Mittlerer Oberrhein",2007
"1045",805,0.425865,1,1,1,"Mittlerer Oberrhein",2008
"1046",805,0.437138,1,1,1,"Mittlerer Oberrhein",2009
"1047",805,0.418896,1,1,1,"Mittlerer Oberrhein",2010
"1048",805,0.387183,1,1,1,"Mittlerer Oberrhein",2011
"1049",805,0.378674,1,1,1,"Mittlerer Oberrhein",2012
"1050",805,0.353461,1,1,1,"Mittlerer Oberrhein",2013
"1051",805,0.338672,1,1,1,"Mittlerer Oberrhein",2014
"1052",805,0.321756,1,1,1,"Mittlerer Oberrhein",2015
"1053",805,0.300736,1,1,1,"Mittlerer Oberrhein",2016
"1054",805,0.284203,1,1,1,"Mittlerer Oberrhein",2017
"1055",805,0.268504,1,1,1,"Mittlerer Oberrhein",2018
"1056",805,0.240518,1,1,1,"Mittlerer Oberrhein",2019
"1057",806,0.615609,1,2,1,"Neckar-Alb",1998
"1058",806,0.592389,1,1,1,"Neckar-Alb",1999
"1059",806,0.56453,1,1,1,"Neckar-Alb",2000
"1060",806,0.530055,1,1,1,"Neckar-Alb",2001
"1061",806,0.529886,1,1,1,"Neckar-Alb",2002
"1062",806,0.524628,1,1,1,"Neckar-Alb",2003
"1063",806,0.518736,1,1,1,"Neckar-Alb",2004
"1064",806,0.514503,1,1,1,"Neckar-Alb",2005
"1065",806,0.496999,1,1,1,"Neckar-Alb",2006
"1066",806,0.473084,1,1,1,"Neckar-Alb",2007
"1067",806,0.445411,1,1,1,"Neckar-Alb",2008
"1068",806,0.458325,1,2,1,"Neckar-Alb",2009
"1069",806,0.441125,1,2,1,"Neckar-Alb",2010
"1070",806,0.398088,1,1,1,"Neckar-Alb",2011
"1071",806,0.394615,1,2,1,"Neckar-Alb",2012
"1072",806,0.377103,1,2,1,"Neckar-Alb",2013
"1073",806,0.355695,1,2,1,"Neckar-Alb",2014
"1074",806,0.336593,1,2,1,"Neckar-Alb",2015
"1075",806,0.316338,1,2,1,"Neckar-Alb",2016
"1076",806,0.303342,1,2,1,"Neckar-Alb",2017
"1077",806,0.281438,1,2,1,"Neckar-Alb",2018
"1078",806,0.260463,1,2,1,"Neckar-Alb",2019
"1079",807,0.631534,1,2,1,"Nordschwarzwald",1998
"1080",807,0.60988,1,2,1,"Nordschwarzwald",1999
"1081",807,0.578094,1,2,1,"Nordschwarzwald",2000
"1082",807,0.545559,1,2,1,"Nordschwarzwald",2001
"1083",807,0.561252,1,2,1,"Nordschwarzwald",2002
"1084",807,0.558408,1,2,1,"Nordschwarzwald",2003
"1085",807,0.54873,1,2,1,"Nordschwarzwald",2004
"1086",807,0.560349,2,3,2,"Nordschwarzwald",2005
"1087",807,0.540523,2,3,2,"Nordschwarzwald",2006
"1088",807,0.506376,1,2,1,"Nordschwarzwald",2007
"1089",807,0.497684,2,3,2,"Nordschwarzwald",2008
"1090",807,0.505775,2,3,2,"Nordschwarzwald",2009
"1091",807,0.491179,2,3,2,"Nordschwarzwald",2010
"1092",807,0.449473,2,3,2,"Nordschwarzwald",2011
"1093",807,0.44614,2,3,2,"Nordschwarzwald",2012
"1094",807,0.42996,2,3,2,"Nordschwarzwald",2013
"1095",807,0.410718,2,3,2,"Nordschwarzwald",2014
"1096",807,0.402839,2,3,2,"Nordschwarzwald",2015
"1097",807,0.39452,2,4,2,"Nordschwarzwald",2016
"1098",807,0.390686,2,4,2,"Nordschwarzwald",2017
"1099",807,0.362187,2,4,2,"Nordschwarzwald",2018
"1100",807,0.341819,2,4,2,"Nordschwarzwald",2019
"1101",808,0.612323,1,1,1,"Ostwürttemberg",1998
"1102",808,0.594113,1,2,1,"Ostwürttemberg",1999
"1103",808,0.574616,1,2,1,"Ostwürttemberg",2000
"1104",808,0.541709,1,2,1,"Ostwürttemberg",2001
"1105",808,0.543019,1,2,1,"Ostwürttemberg",2002
"1106",808,0.535056,1,2,1,"Ostwürttemberg",2003
"1107",808,0.531114,1,2,1,"Ostwürttemberg",2004
"1108",808,0.535432,1,1,1,"Ostwürttemberg",2005
"1109",808,0.502658,1,1,1,"Ostwürttemberg",2006
"1110",808,0.476336,1,1,1,"Ostwürttemberg",2007
"1111",808,0.447415,1,1,1,"Ostwürttemberg",2008
"1112",808,0.467706,1,2,1,"Ostwürttemberg",2009
"1113",808,0.448668,1,2,1,"Ostwürttemberg",2010
"1114",808,0.415177,1,2,1,"Ostwürttemberg",2011
"1115",808,0.412733,1,2,1,"Ostwürttemberg",2012
"1116",808,0.380091,1,2,1,"Ostwürttemberg",2013
"1117",808,0.371474,1,2,1,"Ostwürttemberg",2014
"1118",808,0.359439,1,2,1,"Ostwürttemberg",2015
"1119",808,0.351321,1,2,1,"Ostwürttemberg",2016
"1120",808,0.328075,1,2,1,"Ostwürttemberg",2017
"1121",808,0.306183,1,2,1,"Ostwürttemberg",2018
"1122",808,0.277687,1,2,1,"Ostwürttemberg",2019
"1123",809,0.614879,1,2,1,"Schwarzwald-Baar-Heuberg",1998
"1124",809,0.594893,1,2,1,"Schwarzwald-Baar-Heuberg",1999
"1125",809,0.579927,1,2,1,"Schwarzwald-Baar-Heuberg",2000
"1126",809,0.549617,1,2,1,"Schwarzwald-Baar-Heuberg",2001
"1127",809,0.559392,1,2,1,"Schwarzwald-Baar-Heuberg",2002
"1128",809,0.554022,1,2,1,"Schwarzwald-Baar-Heuberg",2003
"1129",809,0.554219,1,2,1,"Schwarzwald-Baar-Heuberg",2004
"1130",809,0.55056,1,2,1,"Schwarzwald-Baar-Heuberg",2005
"1131",809,0.521814,1,2,1,"Schwarzwald-Baar-Heuberg",2006
"1132",809,0.494849,1,2,1,"Schwarzwald-Baar-Heuberg",2007
"1133",809,0.471254,1,2,1,"Schwarzwald-Baar-Heuberg",2008
"1134",809,0.494791,1,2,1,"Schwarzwald-Baar-Heuberg",2009
"1135",809,0.47742,2,3,2,"Schwarzwald-Baar-Heuberg",2010
"1136",809,0.436853,1,2,1,"Schwarzwald-Baar-Heuberg",2011
"1137",809,0.436054,2,3,2,"Schwarzwald-Baar-Heuberg",2012
"1138",809,0.421269,2,3,2,"Schwarzwald-Baar-Heuberg",2013
"1139",809,0.406727,2,3,2,"Schwarzwald-Baar-Heuberg",2014
"1140",809,0.386405,2,3,2,"Schwarzwald-Baar-Heuberg",2015
"1141",809,0.379823,2,3,2,"Schwarzwald-Baar-Heuberg",2016
"1142",809,0.369713,2,3,2,"Schwarzwald-Baar-Heuberg",2017
"1143",809,0.344576,2,3,2,"Schwarzwald-Baar-Heuberg",2018
"1144",809,0.319974,2,3,2,"Schwarzwald-Baar-Heuberg",2019
"1145",810,0.554486,1,1,1,"Stuttgart",1998
"1146",810,0.528338,1,1,1,"Stuttgart",1999
"1147",810,0.492584,1,1,1,"Stuttgart",2000
"1148",810,0.462665,1,1,1,"Stuttgart",2001
"1149",810,0.460252,1,1,1,"Stuttgart",2002
"1150",810,0.445611,1,1,1,"Stuttgart",2003
"1151",810,0.433237,1,1,1,"Stuttgart",2004
"1152",810,0.43381,1,1,1,"Stuttgart",2005
"1153",810,0.412091,1,1,1,"Stuttgart",2006
"1154",810,0.384728,1,1,1,"Stuttgart",2007
"1155",810,0.362005,1,1,1,"Stuttgart",2008
"1156",810,0.373867,1,1,1,"Stuttgart",2009
"1157",810,0.355629,1,1,1,"Stuttgart",2010
"1158",810,0.316593,1,1,1,"Stuttgart",2011
"1159",810,0.310225,1,1,1,"Stuttgart",2012
"1160",810,0.285541,1,1,1,"Stuttgart",2013
"1161",810,0.268077,1,1,1,"Stuttgart",2014
"1162",810,0.246444,1,1,1,"Stuttgart",2015
"1163",810,0.226229,1,1,1,"Stuttgart",2016
"1164",810,0.209709,1,1,1,"Stuttgart",2017
"1165",810,0.178137,1,1,1,"Stuttgart",2018
"1166",810,0.150237,1,1,1,"Stuttgart",2019
"1167",811,0.649647,2,3,2,"Südlicher Oberrhein",1998
"1168",811,0.631341,2,3,2,"Südlicher Oberrhein",1999
"1169",811,0.594726,2,3,2,"Südlicher Oberrhein",2000
"1170",811,0.578074,2,3,2,"Südlicher Oberrhein",2001
"1171",811,0.575433,2,3,2,"Südlicher Oberrhein",2002
"1172",811,0.566868,2,3,2,"Südlicher Oberrhein",2003
"1173",811,0.561928,2,3,2,"Südlicher Oberrhein",2004
"1174",811,0.567009,2,3,2,"Südlicher Oberrhein",2005
"1175",811,0.548404,2,3,2,"Südlicher Oberrhein",2006
"1176",811,0.526433,2,3,2,"Südlicher Oberrhein",2007
"1177",811,0.496301,2,3,2,"Südlicher Oberrhein",2008
"1178",811,0.504593,2,3,2,"Südlicher Oberrhein",2009
"1179",811,0.485133,2,3,2,"Südlicher Oberrhein",2010
"1180",811,0.4486,2,3,2,"Südlicher Oberrhein",2011
"1181",811,0.448692,2,3,2,"Südlicher Oberrhein",2012
"1182",811,0.426812,2,3,2,"Südlicher Oberrhein",2013
"1183",811,0.409398,2,3,2,"Südlicher Oberrhein",2014
"1184",811,0.390393,2,3,2,"Südlicher Oberrhein",2015
"1185",811,0.368544,2,3,2,"Südlicher Oberrhein",2016
"1186",811,0.363226,2,3,2,"Südlicher Oberrhein",2017
"1187",811,0.33134,2,3,2,"Südlicher Oberrhein",2018
"1188",811,0.308659,2,3,2,"Südlicher Oberrhein",2019
"1189",812,0.641191,2,3,2,"Unterer Neckar",1998
"1190",812,0.617342,2,3,2,"Unterer Neckar",1999
"1191",812,0.584135,1,2,1,"Unterer Neckar",2000
"1192",812,0.557657,1,2,1,"Unterer Neckar",2001
"1193",812,0.548578,1,2,1,"Unterer Neckar",2002
"1194",812,0.54076,1,2,1,"Unterer Neckar",2003
"1195",812,0.534647,1,2,1,"Unterer Neckar",2004
"1196",812,0.541433,1,2,1,"Unterer Neckar",2005
"1197",812,0.512673,1,2,1,"Unterer Neckar",2006
"1198",812,0.488391,1,2,1,"Unterer Neckar",2007
"1199",812,0.455792,1,2,1,"Unterer Neckar",2008
"1200",812,0.457352,1,2,1,"Unterer Neckar",2009
"1201",812,0.436989,1,2,1,"Unterer Neckar",2010
"1202",812,0.401404,1,2,1,"Unterer Neckar",2011
"1203",812,0.386998,1,2,1,"Unterer Neckar",2012
"1204",812,0.363647,1,1,1,"Unterer Neckar",2013
"1205",812,0.360877,1,2,1,"Unterer Neckar",2014
"1206",812,0.333771,1,1,1,"Unterer Neckar",2015
"1207",812,0.316372,1,2,1,"Unterer Neckar",2016
"1208",812,0.300251,1,2,1,"Unterer Neckar",2017
"1209",812,0.281125,1,2,1,"Unterer Neckar",2018
"1210",812,0.244754,1,2,1,"Unterer Neckar",2019
"1211",901,0.651153,2,3,2,"Allgäu",1998
"1212",901,0.628566,2,3,2,"Allgäu",1999
"1213",901,0.607435,2,3,2,"Allgäu",2000
"1214",901,0.57896,2,3,2,"Allgäu",2001
"1215",901,0.575804,2,3,2,"Allgäu",2002
"1216",901,0.579987,2,3,2,"Allgäu",2003
"1217",901,0.573732,2,3,2,"Allgäu",2004
"1218",901,0.58253,2,3,2,"Allgäu",2005
"1219",901,0.556438,2,3,2,"Allgäu",2006
"1220",901,0.529978,2,3,2,"Allgäu",2007
"1221",901,0.506469,2,3,2,"Allgäu",2008
"1222",901,0.50682,2,4,2,"Allgäu",2009
"1223",901,0.490393,2,3,2,"Allgäu",2010
"1224",901,0.468392,2,4,2,"Allgäu",2011
"1225",901,0.439926,2,3,2,"Allgäu",2012
"1226",901,0.431476,2,3,2,"Allgäu",2013
"1227",901,0.414759,2,3,2,"Allgäu",2014
"1228",901,0.396764,2,3,2,"Allgäu",2015
"1229",901,0.385713,2,3,2,"Allgäu",2016
"1230",901,0.371075,2,3,2,"Allgäu",2017
"1231",901,0.328996,2,3,2,"Allgäu",2018
"1232",901,0.307271,2,3,2,"Allgäu",2019
"1233",902,0.648618,2,3,2,"Augsburg",1998
"1234",902,0.622538,2,3,2,"Augsburg",1999
"1235",902,0.596212,2,3,2,"Augsburg",2000
"1236",902,0.573071,2,3,2,"Augsburg",2001
"1237",902,0.577053,2,3,2,"Augsburg",2002
"1238",902,0.571871,2,3,2,"Augsburg",2003
"1239",902,0.571726,2,3,2,"Augsburg",2004
"1240",902,0.578111,2,3,2,"Augsburg",2005
"1241",902,0.556437,2,3,2,"Augsburg",2006
"1242",902,0.530208,2,3,2,"Augsburg",2007
"1243",902,0.498056,2,3,2,"Augsburg",2008
"1244",902,0.495233,2,3,2,"Augsburg",2009
"1245",902,0.480103,2,3,2,"Augsburg",2010
"1246",902,0.45404,2,3,2,"Augsburg",2011
"1247",902,0.42755,2,3,2,"Augsburg",2012
"1248",902,0.415655,2,3,2,"Augsburg",2013
"1249",902,0.394457,2,3,2,"Augsburg",2014
"1250",902,0.381256,2,3,2,"Augsburg",2015
"1251",902,0.362838,2,3,2,"Augsburg",2016
"1252",902,0.35119,1,2,1,"Augsburg",2017
"1253",902,0.322427,2,3,2,"Augsburg",2018
"1254",902,0.302771,2,3,2,"Augsburg",2019
"1255",903,0.656299,2,3,2,"Bayerischer Untermain",1998
"1256",903,0.634263,2,3,2,"Bayerischer Untermain",1999
"1257",903,0.616211,2,4,2,"Bayerischer Untermain",2000
"1258",903,0.587898,2,3,2,"Bayerischer Untermain",2001
"1259",903,0.589079,2,3,2,"Bayerischer Untermain",2002
"1260",903,0.584831,2,4,2,"Bayerischer Untermain",2003
"1261",903,0.579365,2,4,2,"Bayerischer Untermain",2004
"1262",903,0.571803,2,3,2,"Bayerischer Untermain",2005
"1263",903,0.548774,2,3,2,"Bayerischer Untermain",2006
"1264",903,0.514597,2,3,2,"Bayerischer Untermain",2007
"1265",903,0.491853,2,3,2,"Bayerischer Untermain",2008
"1266",903,0.498371,2,3,2,"Bayerischer Untermain",2009
"1267",903,0.479829,2,3,2,"Bayerischer Untermain",2010
"1268",903,0.45891,2,3,2,"Bayerischer Untermain",2011
"1269",903,0.438224,2,3,2,"Bayerischer Untermain",2012
"1270",903,0.425707,2,3,2,"Bayerischer Untermain",2013
"1271",903,0.407242,2,3,2,"Bayerischer Untermain",2014
"1272",903,0.390482,2,3,2,"Bayerischer Untermain",2015
"1273",903,0.391195,2,3,2,"Bayerischer Untermain",2016
"1274",903,0.355109,2,3,2,"Bayerischer Untermain",2017
"1275",903,0.340483,2,3,2,"Bayerischer Untermain",2018
"1276",903,0.30736,2,3,2,"Bayerischer Untermain",2019
"1277",904,0.630876,1,2,1,"Donau-Iller (BY)",1998
"1278",904,0.600876,1,2,1,"Donau-Iller (BY)",1999
"1279",904,0.592331,2,3,2,"Donau-Iller (BY)",2000
"1280",904,0.570786,2,3,2,"Donau-Iller (BY)",2001
"1281",904,0.573186,2,3,2,"Donau-Iller (BY)",2002
"1282",904,0.561459,2,3,2,"Donau-Iller (BY)",2003
"1283",904,0.556437,2,3,2,"Donau-Iller (BY)",2004
"1284",904,0.559482,1,2,1,"Donau-Iller (BY)",2005
"1285",904,0.52636,1,2,1,"Donau-Iller (BY)",2006
"1286",904,0.490896,1,2,1,"Donau-Iller (BY)",2007
"1287",904,0.470907,1,2,1,"Donau-Iller (BY)",2008
"1288",904,0.484877,1,2,1,"Donau-Iller (BY)",2009
"1289",904,0.465862,1,2,1,"Donau-Iller (BY)",2010
"1290",904,0.433946,1,2,1,"Donau-Iller (BY)",2011
"1291",904,0.418439,1,2,1,"Donau-Iller (BY)",2012
"1292",904,0.411853,1,2,1,"Donau-Iller (BY)",2013
"1293",904,0.38318,1,2,1,"Donau-Iller (BY)",2014
"1294",904,0.369984,1,2,1,"Donau-Iller (BY)",2015
"1295",904,0.358312,1,2,1,"Donau-Iller (BY)",2016
"1296",904,0.36347,2,3,2,"Donau-Iller (BY)",2017
"1297",904,0.320611,1,2,1,"Donau-Iller (BY)",2018
"1298",904,0.30108,1,2,1,"Donau-Iller (BY)",2019
"1299",905,0.706902,3,5,2,"Donau-Wald",1998
"1300",905,0.688901,3,5,2,"Donau-Wald",1999
"1301",905,0.663576,3,5,2,"Donau-Wald",2000
"1302",905,0.648305,3,5,2,"Donau-Wald",2001
"1303",905,0.661649,3,6,2,"Donau-Wald",2002
"1304",905,0.652758,3,6,2,"Donau-Wald",2003
"1305",905,0.64114,3,5,2,"Donau-Wald",2004
"1306",905,0.647722,3,5,2,"Donau-Wald",2005
"1307",905,0.630036,3,5,2,"Donau-Wald",2006
"1308",905,0.591661,3,5,2,"Donau-Wald",2007
"1309",905,0.588369,3,5,2,"Donau-Wald",2008
"1310",905,0.588847,3,5,2,"Donau-Wald",2009
"1311",905,0.576986,3,6,2,"Donau-Wald",2010
"1312",905,0.545786,3,6,2,"Donau-Wald",2011
"1313",905,0.518548,3,5,2,"Donau-Wald",2012
"1314",905,0.499558,3,5,2,"Donau-Wald",2013
"1315",905,0.484929,3,5,2,"Donau-Wald",2014
"1316",905,0.472255,3,5,2,"Donau-Wald",2015
"1317",905,0.462637,3,6,2,"Donau-Wald",2016
"1318",905,0.442285,3,6,2,"Donau-Wald",2017
"1319",905,0.414815,3,5,2,"Donau-Wald",2018
"1320",905,0.397467,3,5,2,"Donau-Wald",2019
"1321",906,0.632924,1,2,1,"Industrieregion Mittelfranken",1998
"1322",906,0.607792,1,2,1,"Industrieregion Mittelfranken",1999
"1323",906,0.574161,1,2,1,"Industrieregion Mittelfranken",2000
"1324",906,0.552676,1,2,1,"Industrieregion Mittelfranken",2001
"1325",906,0.548786,1,2,1,"Industrieregion Mittelfranken",2002
"1326",906,0.550141,1,2,1,"Industrieregion Mittelfranken",2003
"1327",906,0.545783,1,2,1,"Industrieregion Mittelfranken",2004
"1328",906,0.542042,1,2,1,"Industrieregion Mittelfranken",2005
"1329",906,0.519567,1,2,1,"Industrieregion Mittelfranken",2006
"1330",906,0.489257,1,2,1,"Industrieregion Mittelfranken",2007
"1331",906,0.452133,1,2,1,"Industrieregion Mittelfranken",2008
"1332",906,0.444917,1,1,1,"Industrieregion Mittelfranken",2009
"1333",906,0.429786,1,1,1,"Industrieregion Mittelfranken",2010
"1334",906,0.390671,1,1,1,"Industrieregion Mittelfranken",2011
"1335",906,0.370416,1,1,1,"Industrieregion Mittelfranken",2012
"1336",906,0.357936,1,1,1,"Industrieregion Mittelfranken",2013
"1337",906,0.345715,1,1,1,"Industrieregion Mittelfranken",2014
"1338",906,0.320509,1,1,1,"Industrieregion Mittelfranken",2015
"1339",906,0.305397,1,1,1,"Industrieregion Mittelfranken",2016
"1340",906,0.286722,1,1,1,"Industrieregion Mittelfranken",2017
"1341",906,0.265999,1,1,1,"Industrieregion Mittelfranken",2018
"1342",906,0.23735,1,1,1,"Industrieregion Mittelfranken",2019
"1343",907,0.593377,1,1,1,"Ingolstadt",1998
"1344",907,0.564742,1,1,1,"Ingolstadt",1999
"1345",907,0.558766,1,1,1,"Ingolstadt",2000
"1346",907,0.537078,1,1,1,"Ingolstadt",2001
"1347",907,0.525402,1,1,1,"Ingolstadt",2002
"1348",907,0.50932,1,1,1,"Ingolstadt",2003
"1349",907,0.510895,1,1,1,"Ingolstadt",2004
"1350",907,0.505897,1,1,1,"Ingolstadt",2005
"1351",907,0.479155,1,1,1,"Ingolstadt",2006
"1352",907,0.455087,1,1,1,"Ingolstadt",2007
"1353",907,0.42896,1,1,1,"Ingolstadt",2008
"1354",907,0.42193,1,1,1,"Ingolstadt",2009
"1355",907,0.389736,1,1,1,"Ingolstadt",2010
"1356",907,0.361401,1,1,1,"Ingolstadt",2011
"1357",907,0.337871,1,1,1,"Ingolstadt",2012
"1358",907,0.30686,1,1,1,"Ingolstadt",2013
"1359",907,0.282576,1,1,1,"Ingolstadt",2014
"1360",907,0.254809,1,1,1,"Ingolstadt",2015
"1361",907,0.23207,1,1,1,"Ingolstadt",2016
"1362",907,0.230593,1,1,1,"Ingolstadt",2017
"1363",907,0.204839,1,1,1,"Ingolstadt",2018
"1364",907,0.180406,1,1,1,"Ingolstadt",2019
"1365",908,0.626186,1,2,1,"Landshut",1998
"1366",908,0.609484,1,2,1,"Landshut",1999
"1367",908,0.587795,2,3,2,"Landshut",2000
"1368",908,0.572279,2,3,2,"Landshut",2001
"1369",908,0.566863,2,3,2,"Landshut",2002
"1370",908,0.5656,2,3,2,"Landshut",2003
"1371",908,0.563755,2,3,2,"Landshut",2004
"1372",908,0.56286,2,3,2,"Landshut",2005
"1373",908,0.539733,2,3,2,"Landshut",2006
"1374",908,0.509309,2,3,2,"Landshut",2007
"1375",908,0.499432,2,3,2,"Landshut",2008
"1376",908,0.496861,2,3,2,"Landshut",2009
"1377",908,0.475958,2,3,2,"Landshut",2010
"1378",908,0.452564,2,3,2,"Landshut",2011
"1379",908,0.426968,2,3,2,"Landshut",2012
"1380",908,0.411432,1,2,1,"Landshut",2013
"1381",908,0.400915,2,3,2,"Landshut",2014
"1382",908,0.383962,2,3,2,"Landshut",2015
"1383",908,0.367934,2,3,2,"Landshut",2016
"1384",908,0.353436,2,3,2,"Landshut",2017
"1385",908,0.332864,2,3,2,"Landshut",2018
"1386",908,0.323339,2,3,2,"Landshut",2019
"1387",909,0.695696,3,5,2,"Main-Rhön",1998
"1388",909,0.673692,3,5,2,"Main-Rhön",1999
"1389",909,0.643997,3,5,2,"Main-Rhön",2000
"1390",909,0.626548,3,5,2,"Main-Rhön",2001
"1391",909,0.629242,3,5,2,"Main-Rhön",2002
"1392",909,0.637487,3,5,2,"Main-Rhön",2003
"1393",909,0.618315,3,5,2,"Main-Rhön",2004
"1394",909,0.611605,2,4,2,"Main-Rhön",2005
"1395",909,0.59997,2,4,2,"Main-Rhön",2006
"1396",909,0.571801,2,4,2,"Main-Rhön",2007
"1397",909,0.562814,3,5,2,"Main-Rhön",2008
"1398",909,0.550941,2,4,2,"Main-Rhön",2009
"1399",909,0.534106,3,5,2,"Main-Rhön",2010
"1400",909,0.510544,3,5,2,"Main-Rhön",2011
"1401",909,0.496808,3,5,2,"Main-Rhön",2012
"1402",909,0.472786,2,4,2,"Main-Rhön",2013
"1403",909,0.460577,2,4,2,"Main-Rhön",2014
"1404",909,0.43761,2,4,2,"Main-Rhön",2015
"1405",909,0.438813,3,5,2,"Main-Rhön",2016
"1406",909,0.427096,3,5,2,"Main-Rhön",2017
"1407",909,0.398001,3,5,2,"Main-Rhön",2018
"1408",909,0.372503,3,5,2,"Main-Rhön",2019
"1409",910,0.514273,1,1,1,"München",1998
"1410",910,0.47981,1,1,1,"München",1999
"1411",910,0.441615,1,1,1,"München",2000
"1412",910,0.416821,1,1,1,"München",2001
"1413",910,0.401324,1,1,1,"München",2002
"1414",910,0.395976,1,1,1,"München",2003
"1415",910,0.392119,1,1,1,"München",2004
"1416",910,0.387805,1,1,1,"München",2005
"1417",910,0.363758,1,1,1,"München",2006
"1418",910,0.337897,1,1,1,"München",2007
"1419",910,0.285192,1,1,1,"München",2008
"1420",910,0.27956,1,1,1,"München",2009
"1421",910,0.259334,1,1,1,"München",2010
"1422",910,0.228399,1,1,1,"München",2011
"1423",910,0.214082,1,1,1,"München",2012
"1424",910,0.191359,1,1,1,"München",2013
"1425",910,0.154213,1,1,1,"München",2014
"1426",910,0.13125,1,1,1,"München",2015
"1427",910,0.088279,1,1,1,"München",2016
"1428",910,0.063994,1,1,1,"München",2017
"1429",910,0.033307,1,1,1,"München",2018
"1430",910,0,1,1,1,"München",2019
"1431",911,0.716399,3,5,2,"Oberfranken-Ost",1998
"1432",911,0.696456,3,5,2,"Oberfranken-Ost",1999
"1433",911,0.662983,3,5,2,"Oberfranken-Ost",2000
"1434",911,0.647437,3,5,2,"Oberfranken-Ost",2001
"1435",911,0.652304,3,5,2,"Oberfranken-Ost",2002
"1436",911,0.651899,3,5,2,"Oberfranken-Ost",2003
"1437",911,0.639961,3,5,2,"Oberfranken-Ost",2004
"1438",911,0.645405,3,5,2,"Oberfranken-Ost",2005
"1439",911,0.624045,3,5,2,"Oberfranken-Ost",2006
"1440",911,0.59627,3,5,2,"Oberfranken-Ost",2007
"1441",911,0.57351,3,5,2,"Oberfranken-Ost",2008
"1442",911,0.566781,3,5,2,"Oberfranken-Ost",2009
"1443",911,0.549479,3,5,2,"Oberfranken-Ost",2010
"1444",911,0.52781,3,5,2,"Oberfranken-Ost",2011
"1445",911,0.516869,3,5,2,"Oberfranken-Ost",2012
"1446",911,0.501435,3,5,2,"Oberfranken-Ost",2013
"1447",911,0.48041,3,5,2,"Oberfranken-Ost",2014
"1448",911,0.473847,3,5,2,"Oberfranken-Ost",2015
"1449",911,0.456447,3,6,2,"Oberfranken-Ost",2016
"1450",911,0.439308,3,5,2,"Oberfranken-Ost",2017
"1451",911,0.421313,3,6,2,"Oberfranken-Ost",2018
"1452",911,0.403113,3,6,2,"Oberfranken-Ost",2019
"1453",912,0.667098,2,3,2,"Oberfranken-West",1998
"1454",912,0.646187,2,4,2,"Oberfranken-West",1999
"1455",912,0.609259,2,4,2,"Oberfranken-West",2000
"1456",912,0.584222,2,3,2,"Oberfranken-West",2001
"1457",912,0.595951,2,4,2,"Oberfranken-West",2002
"1458",912,0.59138,2,4,2,"Oberfranken-West",2003
"1459",912,0.582111,2,4,2,"Oberfranken-West",2004
"1460",912,0.587871,2,4,2,"Oberfranken-West",2005
"1461",912,0.569906,2,3,2,"Oberfranken-West",2006
"1462",912,0.534978,2,3,2,"Oberfranken-West",2007
"1463",912,0.509693,2,3,2,"Oberfranken-West",2008
"1464",912,0.506456,2,3,2,"Oberfranken-West",2009
"1465",912,0.488793,2,3,2,"Oberfranken-West",2010
"1466",912,0.465784,2,3,2,"Oberfranken-West",2011
"1467",912,0.448846,2,3,2,"Oberfranken-West",2012
"1468",912,0.43035,2,3,2,"Oberfranken-West",2013
"1469",912,0.419868,2,3,2,"Oberfranken-West",2014
"1470",912,0.394146,2,3,2,"Oberfranken-West",2015
"1471",912,0.378032,2,3,2,"Oberfranken-West",2016
"1472",912,0.372413,2,3,2,"Oberfranken-West",2017
"1473",912,0.344286,2,3,2,"Oberfranken-West",2018
"1474",912,0.328131,2,3,2,"Oberfranken-West",2019
"1475",913,0.598528,1,1,1,"Oberland",1998
"1476",913,0.57623,1,1,1,"Oberland",1999
"1477",913,0.540314,1,1,1,"Oberland",2000
"1478",913,0.530514,1,1,1,"Oberland",2001
"1479",913,0.523236,1,1,1,"Oberland",2002
"1480",913,0.515152,1,1,1,"Oberland",2003
"1481",913,0.522502,1,1,1,"Oberland",2004
"1482",913,0.526862,1,1,1,"Oberland",2005
"1483",913,0.497615,1,1,1,"Oberland",2006
"1484",913,0.474476,1,1,1,"Oberland",2007
"1485",913,0.447987,1,1,1,"Oberland",2008
"1486",913,0.443451,1,1,1,"Oberland",2009
"1487",913,0.430325,1,1,1,"Oberland",2010
"1488",913,0.405138,1,2,1,"Oberland",2011
"1489",913,0.375305,1,1,1,"Oberland",2012
"1490",913,0.364949,1,2,1,"Oberland",2013
"1491",913,0.353009,1,1,1,"Oberland",2014
"1492",913,0.335675,1,2,1,"Oberland",2015
"1493",913,0.313597,1,1,1,"Oberland",2016
"1494",913,0.291849,1,1,1,"Oberland",2017
"1495",913,0.272738,1,1,1,"Oberland",2018
"1496",913,0.239712,1,1,1,"Oberland",2019
"1497",914,0.695432,3,5,2,"Oberpfalz-Nord",1998
"1498",914,0.678722,3,5,2,"Oberpfalz-Nord",1999
"1499",914,0.64965,3,5,2,"Oberpfalz-Nord",2000
"1500",914,0.632645,3,5,2,"Oberpfalz-Nord",2001
"1501",914,0.632912,3,5,2,"Oberpfalz-Nord",2002
"1502",914,0.642647,3,5,2,"Oberpfalz-Nord",2003
"1503",914,0.621563,3,5,2,"Oberpfalz-Nord",2004
"1504",914,0.632379,3,5,2,"Oberpfalz-Nord",2005
"1505",914,0.611609,3,5,2,"Oberpfalz-Nord",2006
"1506",914,0.577681,2,4,2,"Oberpfalz-Nord",2007
"1507",914,0.570709,3,5,2,"Oberpfalz-Nord",2008
"1508",914,0.574027,3,5,2,"Oberpfalz-Nord",2009
"1509",914,0.552309,3,5,2,"Oberpfalz-Nord",2010
"1510",914,0.536692,3,5,2,"Oberpfalz-Nord",2011
"1511",914,0.505309,3,5,2,"Oberpfalz-Nord",2012
"1512",914,0.491428,3,5,2,"Oberpfalz-Nord",2013
"1513",914,0.471032,3,5,2,"Oberpfalz-Nord",2014
"1514",914,0.458085,3,5,2,"Oberpfalz-Nord",2015
"1515",914,0.44665,3,5,2,"Oberpfalz-Nord",2016
"1516",914,0.441205,3,6,2,"Oberpfalz-Nord",2017
"1517",914,0.407015,3,5,2,"Oberpfalz-Nord",2018
"1518",914,0.385653,3,5,2,"Oberpfalz-Nord",2019
"1519",915,0.651844,2,3,2,"Regensburg",1998
"1520",915,0.628813,2,3,2,"Regensburg",1999
"1521",915,0.608143,2,3,2,"Regensburg",2000
"1522",915,0.601729,2,4,2,"Regensburg",2001
"1523",915,0.586105,2,3,2,"Regensburg",2002
"1524",915,0.573331,2,3,2,"Regensburg",2003
"1525",915,0.565661,2,3,2,"Regensburg",2004
"1526",915,0.562312,2,3,2,"Regensburg",2005
"1527",915,0.536521,1,2,1,"Regensburg",2006
"1528",915,0.508344,2,3,2,"Regensburg",2007
"1529",915,0.481604,1,2,1,"Regensburg",2008
"1530",915,0.487595,1,2,1,"Regensburg",2009
"1531",915,0.468411,1,2,1,"Regensburg",2010
"1532",915,0.439143,2,3,2,"Regensburg",2011
"1533",915,0.414317,1,2,1,"Regensburg",2012
"1534",915,0.400682,1,2,1,"Regensburg",2013
"1535",915,0.378687,1,2,1,"Regensburg",2014
"1536",915,0.357749,1,2,1,"Regensburg",2015
"1537",915,0.336189,1,2,1,"Regensburg",2016
"1538",915,0.33109,1,2,1,"Regensburg",2017
"1539",915,0.300476,1,2,1,"Regensburg",2018
"1540",915,0.283638,1,2,1,"Regensburg",2019
"1541",916,0.638096,2,3,2,"Südostoberbayern",1998
"1542",916,0.620965,2,3,2,"Südostoberbayern",1999
"1543",916,0.594705,2,3,2,"Südostoberbayern",2000
"1544",916,0.593027,2,4,2,"Südostoberbayern",2001
"1545",916,0.594553,2,4,2,"Südostoberbayern",2002
"1546",916,0.576826,2,3,2,"Südostoberbayern",2003
"1547",916,0.569516,2,3,2,"Südostoberbayern",2004
"1548",916,0.567009,2,3,2,"Südostoberbayern",2005
"1549",916,0.541821,2,3,2,"Südostoberbayern",2006
"1550",916,0.511797,2,3,2,"Südostoberbayern",2007
"1551",916,0.494609,2,3,2,"Südostoberbayern",2008
"1552",916,0.499028,2,3,2,"Südostoberbayern",2009
"1553",916,0.485875,2,3,2,"Südostoberbayern",2010
"1554",916,0.45672,2,3,2,"Südostoberbayern",2011
"1555",916,0.437225,2,3,2,"Südostoberbayern",2012
"1556",916,0.422364,2,3,2,"Südostoberbayern",2013
"1557",916,0.402718,2,3,2,"Südostoberbayern",2014
"1558",916,0.388601,2,3,2,"Südostoberbayern",2015
"1559",916,0.370745,2,3,2,"Südostoberbayern",2016
"1560",916,0.355636,2,3,2,"Südostoberbayern",2017
"1561",916,0.332611,2,3,2,"Südostoberbayern",2018
"1562",916,0.305018,2,3,2,"Südostoberbayern",2019
"1563",917,0.671939,2,4,2,"Westmittelfranken",1998
"1564",917,0.646453,2,4,2,"Westmittelfranken",1999
"1565",917,0.626948,2,4,2,"Westmittelfranken",2000
"1566",917,0.60756,2,4,2,"Westmittelfranken",2001
"1567",917,0.614975,3,5,2,"Westmittelfranken",2002
"1568",917,0.610156,2,4,2,"Westmittelfranken",2003
"1569",917,0.609681,3,5,2,"Westmittelfranken",2004
"1570",917,0.608767,2,4,2,"Westmittelfranken",2005
"1571",917,0.582931,2,4,2,"Westmittelfranken",2006
"1572",917,0.554964,2,4,2,"Westmittelfranken",2007
"1573",917,0.541123,2,4,2,"Westmittelfranken",2008
"1574",917,0.545875,2,4,2,"Westmittelfranken",2009
"1575",917,0.518969,2,4,2,"Westmittelfranken",2010
"1576",917,0.494186,2,4,2,"Westmittelfranken",2011
"1577",917,0.478011,2,4,2,"Westmittelfranken",2012
"1578",917,0.470684,2,4,2,"Westmittelfranken",2013
"1579",917,0.448543,2,4,2,"Westmittelfranken",2014
"1580",917,0.437263,2,4,2,"Westmittelfranken",2015
"1581",917,0.424067,2,4,2,"Westmittelfranken",2016
"1582",917,0.418242,3,5,2,"Westmittelfranken",2017
"1583",917,0.397111,3,5,2,"Westmittelfranken",2018
"1584",917,0.377726,3,5,2,"Westmittelfranken",2019
"1585",918,0.634264,1,2,1,"Würzburg",1998
"1586",918,0.604131,1,2,1,"Würzburg",1999
"1587",918,0.572918,1,2,1,"Würzburg",2000
"1588",918,0.559454,2,3,2,"Würzburg",2001
"1589",918,0.556758,1,2,1,"Würzburg",2002
"1590",918,0.555814,1,2,1,"Würzburg",2003
"1591",918,0.540362,1,2,1,"Würzburg",2004
"1592",918,0.550489,1,2,1,"Würzburg",2005
"1593",918,0.529636,1,2,1,"Würzburg",2006
"1594",918,0.498792,1,2,1,"Würzburg",2007
"1595",918,0.473559,1,2,1,"Würzburg",2008
"1596",918,0.465759,1,2,1,"Würzburg",2009
"1597",918,0.44692,1,2,1,"Würzburg",2010
"1598",918,0.420752,1,2,1,"Würzburg",2011
"1599",918,0.405136,1,2,1,"Würzburg",2012
"1600",918,0.396071,1,2,1,"Würzburg",2013
"1601",918,0.368628,1,2,1,"Würzburg",2014
"1602",918,0.355307,1,2,1,"Würzburg",2015
"1603",918,0.338774,1,2,1,"Würzburg",2016
"1604",918,0.317584,1,2,1,"Würzburg",2017
"1605",918,0.281828,1,2,1,"Würzburg",2018
"1606",918,0.264172,1,2,1,"Würzburg",2019
"1607",1001,0.77684,4,7,2,"Saar",1998
"1608",1001,0.759293,4,7,2,"Saar",1999
"1609",1001,0.72029,4,7,2,"Saar",2000
"1610",1001,0.709415,4,7,2,"Saar",2001
"1611",1001,0.69581,4,7,2,"Saar",2002
"1612",1001,0.693063,4,7,2,"Saar",2003
"1613",1001,0.680144,4,7,2,"Saar",2004
"1614",1001,0.69017,3,6,2,"Saar",2005
"1615",1001,0.684315,3,6,2,"Saar",2006
"1616",1001,0.662461,3,6,2,"Saar",2007
"1617",1001,0.636939,4,7,2,"Saar",2008
"1618",1001,0.628207,4,7,2,"Saar",2009
"1619",1001,0.604493,3,6,2,"Saar",2010
"1620",1001,0.572276,3,6,2,"Saar",2011
"1621",1001,0.566408,4,7,2,"Saar",2012
"1622",1001,0.556487,4,7,2,"Saar",2013
"1623",1001,0.546161,4,7,2,"Saar",2014
"1624",1001,0.528585,4,7,2,"Saar",2015
"1625",1001,0.531857,4,8,2,"Saar",2016
"1626",1001,0.507968,4,8,2,"Saar",2017
"1627",1001,0.490399,4,8,2,"Saar",2018
"1628",1001,0.479883,4,8,2,"Saar",2019
"1629",1101,0.838898,4,8,2,"Berlin",1998
"1630",1101,0.81298,4,8,2,"Berlin",1999
"1631",1101,0.755985,4,8,2,"Berlin",2000
"1632",1101,0.721195,4,7,2,"Berlin",2001
"1633",1101,0.726935,4,7,2,"Berlin",2002
"1634",1101,0.737132,4,7,2,"Berlin",2003
"1635",1101,0.728171,4,7,2,"Berlin",2004
"1636",1101,0.736997,4,7,2,"Berlin",2005
"1637",1101,0.718507,4,7,2,"Berlin",2006
"1638",1101,0.69879,4,7,2,"Berlin",2007
"1639",1101,0.660841,4,7,2,"Berlin",2008
"1640",1101,0.626373,4,7,2,"Berlin",2009
"1641",1101,0.615062,4,7,2,"Berlin",2010
"1642",1101,0.57506,3,6,2,"Berlin",2011
"1643",1101,0.573195,4,7,2,"Berlin",2012
"1644",1101,0.546467,3,6,2,"Berlin",2013
"1645",1101,0.528245,3,6,2,"Berlin",2014
"1646",1101,0.497452,3,6,2,"Berlin",2015
"1647",1101,0.446492,3,5,2,"Berlin",2016
"1648",1101,0.416831,3,5,2,"Berlin",2017
"1649",1101,0.377392,2,4,2,"Berlin",2018
"1650",1101,0.331468,2,4,2,"Berlin",2019
"1651",1201,0.840213,4,8,2,"Havelland-Fläming",1998
"1652",1201,0.82358,4,8,2,"Havelland-Fläming",1999
"1653",1201,0.79531,4,8,2,"Havelland-Fläming",2000
"1654",1201,0.766562,4,8,2,"Havelland-Fläming",2001
"1655",1201,0.766299,4,8,2,"Havelland-Fläming",2002
"1656",1201,0.760383,4,8,2,"Havelland-Fläming",2003
"1657",1201,0.770234,4,8,2,"Havelland-Fläming",2004
"1658",1201,0.770373,4,8,2,"Havelland-Fläming",2005
"1659",1201,0.750313,4,8,2,"Havelland-Fläming",2006
"1660",1201,0.707821,4,8,2,"Havelland-Fläming",2007
"1661",1201,0.658584,4,7,2,"Havelland-Fläming",2008
"1662",1201,0.62243,3,6,2,"Havelland-Fläming",2009
"1663",1201,0.60665,4,7,2,"Havelland-Fläming",2010
"1664",1201,0.576002,4,7,2,"Havelland-Fläming",2011
"1665",1201,0.564644,3,6,2,"Havelland-Fläming",2012
"1666",1201,0.537119,3,6,2,"Havelland-Fläming",2013
"1667",1201,0.521589,3,6,2,"Havelland-Fläming",2014
"1668",1201,0.487223,3,6,2,"Havelland-Fläming",2015
"1669",1201,0.458418,3,6,2,"Havelland-Fläming",2016
"1670",1201,0.427786,3,5,2,"Havelland-Fläming",2017
"1671",1201,0.395948,3,5,2,"Havelland-Fläming",2018
"1672",1201,0.373734,3,5,2,"Havelland-Fläming",2019
"1673",1202,0.896805,5,9,3,"Lausitz-Spreewald",1998
"1674",1202,0.879414,5,9,3,"Lausitz-Spreewald",1999
"1675",1202,0.837791,5,9,3,"Lausitz-Spreewald",2000
"1676",1202,0.822151,5,9,3,"Lausitz-Spreewald",2001
"1677",1202,0.820101,5,9,3,"Lausitz-Spreewald",2002
"1678",1202,0.824214,5,9,3,"Lausitz-Spreewald",2003
"1679",1202,0.831542,5,9,3,"Lausitz-Spreewald",2004
"1680",1202,0.841617,5,9,3,"Lausitz-Spreewald",2005
"1681",1202,0.824594,5,9,3,"Lausitz-Spreewald",2006
"1682",1202,0.787023,5,9,3,"Lausitz-Spreewald",2007
"1683",1202,0.745975,5,9,3,"Lausitz-Spreewald",2008
"1684",1202,0.700183,5,9,3,"Lausitz-Spreewald",2009
"1685",1202,0.680652,5,9,3,"Lausitz-Spreewald",2010
"1686",1202,0.653324,4,8,2,"Lausitz-Spreewald",2011
"1687",1202,0.645449,4,8,2,"Lausitz-Spreewald",2012
"1688",1202,0.624157,4,8,2,"Lausitz-Spreewald",2013
"1689",1202,0.606948,5,9,3,"Lausitz-Spreewald",2014
"1690",1202,0.569828,4,8,2,"Lausitz-Spreewald",2015
"1691",1202,0.541289,4,8,2,"Lausitz-Spreewald",2016
"1692",1202,0.512927,4,8,2,"Lausitz-Spreewald",2017
"1693",1202,0.494446,4,8,2,"Lausitz-Spreewald",2018
"1694",1202,0.46452,4,7,2,"Lausitz-Spreewald",2019
"1695",1203,0.907068,5,9,3,"Oderland-Spree",1998
"1696",1203,0.888617,5,9,3,"Oderland-Spree",1999
"1697",1203,0.861611,5,9,3,"Oderland-Spree",2000
"1698",1203,0.843458,5,9,3,"Oderland-Spree",2001
"1699",1203,0.837479,5,9,3,"Oderland-Spree",2002
"1700",1203,0.841467,5,9,3,"Oderland-Spree",2003
"1701",1203,0.85318,5,9,3,"Oderland-Spree",2004
"1702",1203,0.86196,5,9,3,"Oderland-Spree",2005
"1703",1203,0.838533,5,9,3,"Oderland-Spree",2006
"1704",1203,0.80315,5,9,3,"Oderland-Spree",2007
"1705",1203,0.755746,5,9,3,"Oderland-Spree",2008
"1706",1203,0.713874,5,9,3,"Oderland-Spree",2009
"1707",1203,0.696283,5,9,3,"Oderland-Spree",2010
"1708",1203,0.660826,5,9,3,"Oderland-Spree",2011
"1709",1203,0.655345,5,9,3,"Oderland-Spree",2012
"1710",1203,0.629014,4,8,2,"Oderland-Spree",2013
"1711",1203,0.607204,5,9,3,"Oderland-Spree",2014
"1712",1203,0.588603,5,9,3,"Oderland-Spree",2015
"1713",1203,0.550927,4,8,2,"Oderland-Spree",2016
"1714",1203,0.519287,4,8,2,"Oderland-Spree",2017
"1715",1203,0.506249,4,8,2,"Oderland-Spree",2018
"1716",1203,0.479718,4,8,2,"Oderland-Spree",2019
"1717",1204,0.915665,5,9,3,"Prignitz-Oberhavel",1998
"1718",1204,0.902675,5,9,3,"Prignitz-Oberhavel",1999
"1719",1204,0.868717,5,9,3,"Prignitz-Oberhavel",2000
"1720",1204,0.847499,5,9,3,"Prignitz-Oberhavel",2001
"1721",1204,0.840308,5,9,3,"Prignitz-Oberhavel",2002
"1722",1204,0.847054,5,9,3,"Prignitz-Oberhavel",2003
"1723",1204,0.858694,5,10,3,"Prignitz-Oberhavel",2004
"1724",1204,0.862367,5,9,3,"Prignitz-Oberhavel",2005
"1725",1204,0.85025,5,9,3,"Prignitz-Oberhavel",2006
"1726",1204,0.812618,5,10,3,"Prignitz-Oberhavel",2007
"1727",1204,0.771973,5,10,3,"Prignitz-Oberhavel",2008
"1728",1204,0.728519,5,9,3,"Prignitz-Oberhavel",2009
"1729",1204,0.717237,5,9,3,"Prignitz-Oberhavel",2010
"1730",1204,0.698848,5,9,3,"Prignitz-Oberhavel",2011
"1731",1204,0.675814,5,9,3,"Prignitz-Oberhavel",2012
"1732",1204,0.64469,5,9,3,"Prignitz-Oberhavel",2013
"1733",1204,0.624275,5,9,3,"Prignitz-Oberhavel",2014
"1734",1204,0.597665,5,9,3,"Prignitz-Oberhavel",2015
"1735",1204,0.58576,5,9,3,"Prignitz-Oberhavel",2016
"1736",1204,0.548033,4,8,2,"Prignitz-Oberhavel",2017
"1737",1204,0.515462,4,8,2,"Prignitz-Oberhavel",2018
"1738",1204,0.499116,4,8,2,"Prignitz-Oberhavel",2019
"1739",1205,0.939734,5,10,3,"Uckermark-Barnim",1998
"1740",1205,0.929023,5,10,3,"Uckermark-Barnim",1999
"1741",1205,0.899786,5,10,3,"Uckermark-Barnim",2000
"1742",1205,0.872505,5,9,3,"Uckermark-Barnim",2001
"1743",1205,0.881591,5,10,3,"Uckermark-Barnim",2002
"1744",1205,0.87754,5,10,3,"Uckermark-Barnim",2003
"1745",1205,0.884059,5,10,3,"Uckermark-Barnim",2004
"1746",1205,0.88292,5,10,3,"Uckermark-Barnim",2005
"1747",1205,0.866894,5,10,3,"Uckermark-Barnim",2006
"1748",1205,0.838189,5,10,3,"Uckermark-Barnim",2007
"1749",1205,0.784491,5,10,3,"Uckermark-Barnim",2008
"1750",1205,0.739694,5,9,3,"Uckermark-Barnim",2009
"1751",1205,0.711105,5,9,3,"Uckermark-Barnim",2010
"1752",1205,0.708592,5,10,3,"Uckermark-Barnim",2011
"1753",1205,0.698651,5,10,3,"Uckermark-Barnim",2012
"1754",1205,0.658906,5,9,3,"Uckermark-Barnim",2013
"1755",1205,0.648748,5,10,3,"Uckermark-Barnim",2014
"1756",1205,0.607527,5,9,3,"Uckermark-Barnim",2015
"1757",1205,0.5856,5,9,3,"Uckermark-Barnim",2016
"1758",1205,0.55699,5,9,3,"Uckermark-Barnim",2017
"1759",1205,0.538455,5,9,3,"Uckermark-Barnim",2018
"1760",1205,0.50611,5,9,3,"Uckermark-Barnim",2019
"1761",1301,0.978932,5,10,3,"Mecklenburgische Seenplatte",1998
"1762",1301,0.960546,5,10,3,"Mecklenburgische Seenplatte",1999
"1763",1301,0.934591,5,10,3,"Mecklenburgische Seenplatte",2000
"1764",1301,0.917427,5,10,3,"Mecklenburgische Seenplatte",2001
"1765",1301,0.920951,5,10,3,"Mecklenburgische Seenplatte",2002
"1766",1301,0.913066,5,10,3,"Mecklenburgische Seenplatte",2003
"1767",1301,0.915578,5,10,3,"Mecklenburgische Seenplatte",2004
"1768",1301,0.922357,5,10,3,"Mecklenburgische Seenplatte",2005
"1769",1301,0.90332,5,10,3,"Mecklenburgische Seenplatte",2006
"1770",1301,0.871741,5,10,3,"Mecklenburgische Seenplatte",2007
"1771",1301,0.828043,5,10,3,"Mecklenburgische Seenplatte",2008
"1772",1301,0.812294,5,10,3,"Mecklenburgische Seenplatte",2009
"1773",1301,0.8045,5,10,3,"Mecklenburgische Seenplatte",2010
"1774",1301,0.794762,5,10,3,"Mecklenburgische Seenplatte",2011
"1775",1301,0.76738,5,10,3,"Mecklenburgische Seenplatte",2012
"1776",1301,0.716839,5,10,3,"Mecklenburgische Seenplatte",2013
"1777",1301,0.685198,5,10,3,"Mecklenburgische Seenplatte",2014
"1778",1301,0.653351,5,10,3,"Mecklenburgische Seenplatte",2015
"1779",1301,0.645169,5,10,3,"Mecklenburgische Seenplatte",2016
"1780",1301,0.612392,5,10,3,"Mecklenburgische Seenplatte",2017
"1781",1301,0.587854,5,10,3,"Mecklenburgische Seenplatte",2018
"1782",1301,0.555205,5,10,3,"Mecklenburgische Seenplatte",2019
"1783",1302,0.922343,5,9,3,"Mittleres Mecklenburg/Rostock",1998
"1784",1302,0.905178,5,10,3,"Mittleres Mecklenburg/Rostock",1999
"1785",1302,0.883246,5,9,3,"Mittleres Mecklenburg/Rostock",2000
"1786",1302,0.874785,5,10,3,"Mittleres Mecklenburg/Rostock",2001
"1787",1302,0.865917,5,10,3,"Mittleres Mecklenburg/Rostock",2002
"1788",1302,0.867745,5,10,3,"Mittleres Mecklenburg/Rostock",2003
"1789",1302,0.86792,5,10,3,"Mittleres Mecklenburg/Rostock",2004
"1790",1302,0.878205,5,10,3,"Mittleres Mecklenburg/Rostock",2005
"1791",1302,0.85517,5,10,3,"Mittleres Mecklenburg/Rostock",2006
"1792",1302,0.807083,5,9,3,"Mittleres Mecklenburg/Rostock",2007
"1793",1302,0.761816,5,9,3,"Mittleres Mecklenburg/Rostock",2008
"1794",1302,0.744461,5,10,3,"Mittleres Mecklenburg/Rostock",2009
"1795",1302,0.727278,5,10,3,"Mittleres Mecklenburg/Rostock",2010
"1796",1302,0.696055,5,9,3,"Mittleres Mecklenburg/Rostock",2011
"1797",1302,0.664412,5,9,3,"Mittleres Mecklenburg/Rostock",2012
"1798",1302,0.643608,5,9,3,"Mittleres Mecklenburg/Rostock",2013
"1799",1302,0.597946,4,8,2,"Mittleres Mecklenburg/Rostock",2014
"1800",1302,0.567782,4,8,2,"Mittleres Mecklenburg/Rostock",2015
"1801",1302,0.553423,4,8,2,"Mittleres Mecklenburg/Rostock",2016
"1802",1302,0.519965,4,8,2,"Mittleres Mecklenburg/Rostock",2017
"1803",1302,0.481379,4,7,2,"Mittleres Mecklenburg/Rostock",2018
"1804",1302,0.473214,4,8,2,"Mittleres Mecklenburg/Rostock",2019
"1805",1303,0.990193,5,10,3,"Vorpommern",1998
"1806",1303,0.974007,5,10,3,"Vorpommern",1999
"1807",1303,0.943718,5,10,3,"Vorpommern",2000
"1808",1303,0.92789,5,10,3,"Vorpommern",2001
"1809",1303,0.929469,5,10,3,"Vorpommern",2002
"1810",1303,0.938109,5,10,3,"Vorpommern",2003
"1811",1303,0.941425,5,10,3,"Vorpommern",2004
"1812",1303,0.949433,5,10,3,"Vorpommern",2005
"1813",1303,0.939557,5,10,3,"Vorpommern",2006
"1814",1303,0.879771,5,10,3,"Vorpommern",2007
"1815",1303,0.849253,5,10,3,"Vorpommern",2008
"1816",1303,0.813348,5,10,3,"Vorpommern",2009
"1817",1303,0.812302,5,10,3,"Vorpommern",2010
"1818",1303,0.791038,5,10,3,"Vorpommern",2011
"1819",1303,0.757563,5,10,3,"Vorpommern",2012
"1820",1303,0.745015,5,10,3,"Vorpommern",2013
"1821",1303,0.706261,5,10,3,"Vorpommern",2014
"1822",1303,0.668161,5,10,3,"Vorpommern",2015
"1823",1303,0.646003,5,10,3,"Vorpommern",2016
"1824",1303,0.607642,5,10,3,"Vorpommern",2017
"1825",1303,0.591602,5,10,3,"Vorpommern",2018
"1826",1303,0.560487,5,10,3,"Vorpommern",2019
"1827",1304,0.910186,5,9,3,"Westmecklenburg",1998
"1828",1304,0.898087,5,9,3,"Westmecklenburg",1999
"1829",1304,0.888804,5,10,3,"Westmecklenburg",2000
"1830",1304,0.875101,5,10,3,"Westmecklenburg",2001
"1831",1304,0.858013,5,9,3,"Westmecklenburg",2002
"1832",1304,0.859572,5,9,3,"Westmecklenburg",2003
"1833",1304,0.855389,5,9,3,"Westmecklenburg",2004
"1834",1304,0.868877,5,10,3,"Westmecklenburg",2005
"1835",1304,0.861044,5,10,3,"Westmecklenburg",2006
"1836",1304,0.826585,5,10,3,"Westmecklenburg",2007
"1837",1304,0.780517,5,10,3,"Westmecklenburg",2008
"1838",1304,0.76506,5,10,3,"Westmecklenburg",2009
"1839",1304,0.763161,5,10,3,"Westmecklenburg",2010
"1840",1304,0.743954,5,10,3,"Westmecklenburg",2011
"1841",1304,0.697533,5,10,3,"Westmecklenburg",2012
"1842",1304,0.669135,5,10,3,"Westmecklenburg",2013
"1843",1304,0.63069,5,9,3,"Westmecklenburg",2014
"1844",1304,0.610346,5,9,3,"Westmecklenburg",2015
"1845",1304,0.588913,5,9,3,"Westmecklenburg",2016
"1846",1304,0.5625,5,9,3,"Westmecklenburg",2017
"1847",1304,0.545745,5,9,3,"Westmecklenburg",2018
"1848",1304,0.517575,5,9,3,"Westmecklenburg",2019
"1849",1401,0.849776,4,8,2,"Oberes Elbtal/Osterzgebirge",1998
"1850",1401,0.828068,4,8,2,"Oberes Elbtal/Osterzgebirge",1999
"1851",1401,0.810233,4,8,2,"Oberes Elbtal/Osterzgebirge",2000
"1852",1401,0.775135,4,8,2,"Oberes Elbtal/Osterzgebirge",2001
"1853",1401,0.757221,4,8,2,"Oberes Elbtal/Osterzgebirge",2002
"1854",1401,0.73941,4,8,2,"Oberes Elbtal/Osterzgebirge",2003
"1855",1401,0.721445,4,7,2,"Oberes Elbtal/Osterzgebirge",2004
"1856",1401,0.724863,4,7,2,"Oberes Elbtal/Osterzgebirge",2005
"1857",1401,0.699684,4,7,2,"Oberes Elbtal/Osterzgebirge",2006
"1858",1401,0.658987,3,6,2,"Oberes Elbtal/Osterzgebirge",2007
"1859",1401,0.615104,3,6,2,"Oberes Elbtal/Osterzgebirge",2008
"1860",1401,0.592754,3,6,2,"Oberes Elbtal/Osterzgebirge",2009
"1861",1401,0.579528,3,6,2,"Oberes Elbtal/Osterzgebirge",2010
"1862",1401,0.541188,3,5,2,"Oberes Elbtal/Osterzgebirge",2011
"1863",1401,0.508945,3,5,2,"Oberes Elbtal/Osterzgebirge",2012
"1864",1401,0.492516,3,5,2,"Oberes Elbtal/Osterzgebirge",2013
"1865",1401,0.462241,2,4,2,"Oberes Elbtal/Osterzgebirge",2014
"1866",1401,0.431184,2,4,2,"Oberes Elbtal/Osterzgebirge",2015
"1867",1401,0.393013,2,3,2,"Oberes Elbtal/Osterzgebirge",2016
"1868",1401,0.376001,2,3,2,"Oberes Elbtal/Osterzgebirge",2017
"1869",1401,0.344411,2,3,2,"Oberes Elbtal/Osterzgebirge",2018
"1870",1401,0.321006,2,3,2,"Oberes Elbtal/Osterzgebirge",2019
"1871",1402,0.942751,5,10,3,"Oberlausitz-Niederschlesien",1998
"1872",1402,0.930433,5,10,3,"Oberlausitz-Niederschlesien",1999
"1873",1402,0.912227,5,10,3,"Oberlausitz-Niederschlesien",2000
"1874",1402,0.87929,5,10,3,"Oberlausitz-Niederschlesien",2001
"1875",1402,0.878503,5,10,3,"Oberlausitz-Niederschlesien",2002
"1876",1402,0.865716,5,10,3,"Oberlausitz-Niederschlesien",2003
"1877",1402,0.857418,5,9,3,"Oberlausitz-Niederschlesien",2004
"1878",1402,0.854821,5,9,3,"Oberlausitz-Niederschlesien",2005
"1879",1402,0.828425,5,9,3,"Oberlausitz-Niederschlesien",2006
"1880",1402,0.794769,5,9,3,"Oberlausitz-Niederschlesien",2007
"1881",1402,0.753061,5,9,3,"Oberlausitz-Niederschlesien",2008
"1882",1402,0.728706,5,9,3,"Oberlausitz-Niederschlesien",2009
"1883",1402,0.707034,5,9,3,"Oberlausitz-Niederschlesien",2010
"1884",1402,0.680772,5,9,3,"Oberlausitz-Niederschlesien",2011
"1885",1402,0.667786,5,9,3,"Oberlausitz-Niederschlesien",2012
"1886",1402,0.638414,5,9,3,"Oberlausitz-Niederschlesien",2013
"1887",1402,0.594442,4,8,2,"Oberlausitz-Niederschlesien",2014
"1888",1402,0.583213,5,9,3,"Oberlausitz-Niederschlesien",2015
"1889",1402,0.558901,5,9,3,"Oberlausitz-Niederschlesien",2016
"1890",1402,0.521632,4,8,2,"Oberlausitz-Niederschlesien",2017
"1891",1402,0.50753,4,8,2,"Oberlausitz-Niederschlesien",2018
"1892",1402,0.481273,4,8,2,"Oberlausitz-Niederschlesien",2019
"1893",1403,0.908,5,9,3,"Südsachsen",1998
"1894",1403,0.899988,5,9,3,"Südsachsen",1999
"1895",1403,0.878549,5,9,3,"Südsachsen",2000
"1896",1403,0.851575,5,9,3,"Südsachsen",2001
"1897",1403,0.84596,5,9,3,"Südsachsen",2002
"1898",1403,0.835624,5,9,3,"Südsachsen",2003
"1899",1403,0.815441,5,9,3,"Südsachsen",2004
"1900",1403,0.823455,5,9,3,"Südsachsen",2005
"1901",1403,0.789166,5,9,3,"Südsachsen",2006
"1902",1403,0.755301,5,9,3,"Südsachsen",2007
"1903",1403,0.709195,4,8,2,"Südsachsen",2008
"1904",1403,0.691671,5,9,3,"Südsachsen",2009
"1905",1403,0.673685,4,8,2,"Südsachsen",2010
"1906",1403,0.63795,4,8,2,"Südsachsen",2011
"1907",1403,0.613791,4,8,2,"Südsachsen",2012
"1908",1403,0.604329,4,8,2,"Südsachsen",2013
"1909",1403,0.575181,4,8,2,"Südsachsen",2014
"1910",1403,0.54683,4,8,2,"Südsachsen",2015
"1911",1403,0.518776,4,8,2,"Südsachsen",2016
"1912",1403,0.49662,4,7,2,"Südsachsen",2017
"1913",1403,0.47661,4,7,2,"Südsachsen",2018
"1914",1403,0.458068,4,7,2,"Südsachsen",2019
"1915",1404,0.924563,5,10,3,"Westsachsen",1998
"1916",1404,0.904048,5,9,3,"Westsachsen",1999
"1917",1404,0.8817,5,9,3,"Westsachsen",2000
"1918",1404,0.859275,5,9,3,"Westsachsen",2001
"1919",1404,0.850454,5,9,3,"Westsachsen",2002
"1920",1404,0.835989,5,9,3,"Westsachsen",2003
"1921",1404,0.824841,5,9,3,"Westsachsen",2004
"1922",1404,0.830839,5,9,3,"Westsachsen",2005
"1923",1404,0.804461,5,9,3,"Westsachsen",2006
"1924",1404,0.769826,5,9,3,"Westsachsen",2007
"1925",1404,0.723229,5,9,3,"Westsachsen",2008
"1926",1404,0.687784,4,8,2,"Westsachsen",2009
"1927",1404,0.686709,5,9,3,"Westsachsen",2010
"1928",1404,0.656745,4,8,2,"Westsachsen",2011
"1929",1404,0.625353,4,8,2,"Westsachsen",2012
"1930",1404,0.606798,4,8,2,"Westsachsen",2013
"1931",1404,0.565789,4,8,2,"Westsachsen",2014
"1932",1404,0.524398,4,7,2,"Westsachsen",2015
"1933",1404,0.497651,4,7,2,"Westsachsen",2016
"1934",1404,0.459097,3,6,2,"Westsachsen",2017
"1935",1404,0.438907,3,6,2,"Westsachsen",2018
"1936",1404,0.412475,3,6,2,"Westsachsen",2019
"1937",1501,0.998607,5,10,3,"Altmark",1998
"1938",1501,0.969196,5,10,3,"Altmark",1999
"1939",1501,0.984741,5,10,3,"Altmark",2000
"1940",1501,1,5,10,3,"Altmark",2001
"1941",1501,0.972961,5,10,3,"Altmark",2002
"1942",1501,0.983291,5,10,3,"Altmark",2003
"1943",1501,0.962791,5,10,3,"Altmark",2004
"1944",1501,0.969224,5,10,3,"Altmark",2005
"1945",1501,0.936898,5,10,3,"Altmark",2006
"1946",1501,0.891857,5,10,3,"Altmark",2007
"1947",1501,0.846046,5,10,3,"Altmark",2008
"1948",1501,0.826338,5,10,3,"Altmark",2009
"1949",1501,0.818308,5,10,3,"Altmark",2010
"1950",1501,0.791146,5,10,3,"Altmark",2011
"1951",1501,0.775055,5,10,3,"Altmark",2012
"1952",1501,0.734081,5,10,3,"Altmark",2013
"1953",1501,0.709369,5,10,3,"Altmark",2014
"1954",1501,0.684415,5,10,3,"Altmark",2015
"1955",1501,0.666204,5,10,3,"Altmark",2016
"1956",1501,0.633532,5,10,3,"Altmark",2017
"1957",1501,0.641651,5,10,3,"Altmark",2018
"1958",1501,0.61268,5,10,3,"Altmark",2019
"1959",1502,0.974636,5,10,3,"Anhalt-Bitterfeld-Wittenberg",1998
"1960",1502,0.94729,5,10,3,"Anhalt-Bitterfeld-Wittenberg",1999
"1961",1502,0.942065,5,10,3,"Anhalt-Bitterfeld-Wittenberg",2000
"1962",1502,0.923357,5,10,3,"Anhalt-Bitterfeld-Wittenberg",2001
"1963",1502,0.932201,5,10,3,"Anhalt-Bitterfeld-Wittenberg",2002
"1964",1502,0.922419,5,10,3,"Anhalt-Bitterfeld-Wittenberg",2003
"1965",1502,0.916435,5,10,3,"Anhalt-Bitterfeld-Wittenberg",2004
"1966",1502,0.901534,5,10,3,"Anhalt-Bitterfeld-Wittenberg",2005
"1967",1502,0.872742,5,10,3,"Anhalt-Bitterfeld-Wittenberg",2006
"1968",1502,0.828978,5,10,3,"Anhalt-Bitterfeld-Wittenberg",2007
"1969",1502,0.790253,5,10,3,"Anhalt-Bitterfeld-Wittenberg",2008
"1970",1502,0.759169,5,10,3,"Anhalt-Bitterfeld-Wittenberg",2009
"1971",1502,0.75562,5,10,3,"Anhalt-Bitterfeld-Wittenberg",2010
"1972",1502,0.728309,5,10,3,"Anhalt-Bitterfeld-Wittenberg",2011
"1973",1502,0.704025,5,10,3,"Anhalt-Bitterfeld-Wittenberg",2012
"1974",1502,0.691528,5,10,3,"Anhalt-Bitterfeld-Wittenberg",2013
"1975",1502,0.660378,5,10,3,"Anhalt-Bitterfeld-Wittenberg",2014
"1976",1502,0.63608,5,10,3,"Anhalt-Bitterfeld-Wittenberg",2015
"1977",1502,0.614666,5,10,3,"Anhalt-Bitterfeld-Wittenberg",2016
"1978",1502,0.594688,5,10,3,"Anhalt-Bitterfeld-Wittenberg",2017
"1979",1502,0.583361,5,10,3,"Anhalt-Bitterfeld-Wittenberg",2018
"1980",1502,0.561213,5,10,3,"Anhalt-Bitterfeld-Wittenberg",2019
"1981",1503,0.99388,5,10,3,"Halle/S.",1998
"1982",1503,0.967923,5,10,3,"Halle/S.",1999
"1983",1503,0.956318,5,10,3,"Halle/S.",2000
"1984",1503,0.945411,5,10,3,"Halle/S.",2001
"1985",1503,0.942268,5,10,3,"Halle/S.",2002
"1986",1503,0.951797,5,10,3,"Halle/S.",2003
"1987",1503,0.924159,5,10,3,"Halle/S.",2004
"1988",1503,0.920936,5,10,3,"Halle/S.",2005
"1989",1503,0.888959,5,10,3,"Halle/S.",2006
"1990",1503,0.852598,5,10,3,"Halle/S.",2007
"1991",1503,0.819257,5,10,3,"Halle/S.",2008
"1992",1503,0.781916,5,10,3,"Halle/S.",2009
"1993",1503,0.774824,5,10,3,"Halle/S.",2010
"1994",1503,0.743753,5,10,3,"Halle/S.",2011
"1995",1503,0.720532,5,10,3,"Halle/S.",2012
"1996",1503,0.699955,5,10,3,"Halle/S.",2013
"1997",1503,0.673652,5,10,3,"Halle/S.",2014
"1998",1503,0.659741,5,10,3,"Halle/S.",2015
"1999",1503,0.618238,5,10,3,"Halle/S.",2016
"2000",1503,0.594835,5,10,3,"Halle/S.",2017
"2001",1503,0.577561,5,10,3,"Halle/S.",2018
"2002",1503,0.556964,5,10,3,"Halle/S.",2019
"2003",1504,0.968386,5,10,3,"Magdeburg",1998
"2004",1504,0.946609,5,10,3,"Magdeburg",1999
"2005",1504,0.938958,5,10,3,"Magdeburg",2000
"2006",1504,0.927197,5,10,3,"Magdeburg",2001
"2007",1504,0.927721,5,10,3,"Magdeburg",2002
"2008",1504,0.919833,5,10,3,"Magdeburg",2003
"2009",1504,0.90404,5,10,3,"Magdeburg",2004
"2010",1504,0.897032,5,10,3,"Magdeburg",2005
"2011",1504,0.862235,5,10,3,"Magdeburg",2006
"2012",1504,0.822745,5,10,3,"Magdeburg",2007
"2013",1504,0.782015,5,10,3,"Magdeburg",2008
"2014",1504,0.748666,5,10,3,"Magdeburg",2009
"2015",1504,0.745623,5,10,3,"Magdeburg",2010
"2016",1504,0.713265,5,10,3,"Magdeburg",2011
"2017",1504,0.686735,5,10,3,"Magdeburg",2012
"2018",1504,0.665148,5,10,3,"Magdeburg",2013
"2019",1504,0.642534,5,9,3,"Magdeburg",2014
"2020",1504,0.624836,5,10,3,"Magdeburg",2015
"2021",1504,0.595608,5,9,3,"Magdeburg",2016
"2022",1504,0.569179,5,9,3,"Magdeburg",2017
"2023",1504,0.556565,5,9,3,"Magdeburg",2018
"2024",1504,0.535576,5,9,3,"Magdeburg",2019
"2025",1601,0.9132,5,9,3,"Mittelthüringen",1998
"2026",1601,0.890656,5,9,3,"Mittelthüringen",1999
"2027",1601,0.882379,5,9,3,"Mittelthüringen",2000
"2028",1601,0.84941,5,9,3,"Mittelthüringen",2001
"2029",1601,0.843075,5,9,3,"Mittelthüringen",2002
"2030",1601,0.81722,5,9,3,"Mittelthüringen",2003
"2031",1601,0.838946,5,9,3,"Mittelthüringen",2004
"2032",1601,0.832479,5,9,3,"Mittelthüringen",2005
"2033",1601,0.809841,5,9,3,"Mittelthüringen",2006
"2034",1601,0.761171,5,9,3,"Mittelthüringen",2007
"2035",1601,0.704304,4,8,2,"Mittelthüringen",2008
"2036",1601,0.68031,4,8,2,"Mittelthüringen",2009
"2037",1601,0.672933,4,8,2,"Mittelthüringen",2010
"2038",1601,0.639034,4,8,2,"Mittelthüringen",2011
"2039",1601,0.604335,4,8,2,"Mittelthüringen",2012
"2040",1601,0.583907,4,8,2,"Mittelthüringen",2013
"2041",1601,0.554509,4,7,2,"Mittelthüringen",2014
"2042",1601,0.534364,4,7,2,"Mittelthüringen",2015
"2043",1601,0.504598,4,7,2,"Mittelthüringen",2016
"2044",1601,0.494802,4,7,2,"Mittelthüringen",2017
"2045",1601,0.479409,4,7,2,"Mittelthüringen",2018
"2046",1601,0.457261,4,7,2,"Mittelthüringen",2019
"2047",1602,0.938263,5,10,3,"Nordthüringen",1998
"2048",1602,0.919793,5,10,3,"Nordthüringen",1999
"2049",1602,0.908683,5,10,3,"Nordthüringen",2000
"2050",1602,0.887479,5,10,3,"Nordthüringen",2001
"2051",1602,0.892957,5,10,3,"Nordthüringen",2002
"2052",1602,0.862053,5,10,3,"Nordthüringen",2003
"2053",1602,0.867585,5,10,3,"Nordthüringen",2004
"2054",1602,0.869162,5,10,3,"Nordthüringen",2005
"2055",1602,0.855114,5,10,3,"Nordthüringen",2006
"2056",1602,0.816327,5,10,3,"Nordthüringen",2007
"2057",1602,0.75931,5,9,3,"Nordthüringen",2008
"2058",1602,0.748362,5,10,3,"Nordthüringen",2009
"2059",1602,0.746079,5,10,3,"Nordthüringen",2010
"2060",1602,0.708634,5,10,3,"Nordthüringen",2011
"2061",1602,0.690172,5,10,3,"Nordthüringen",2012
"2062",1602,0.681144,5,10,3,"Nordthüringen",2013
"2063",1602,0.644983,5,9,3,"Nordthüringen",2014
"2064",1602,0.624924,5,10,3,"Nordthüringen",2015
"2065",1602,0.60103,5,10,3,"Nordthüringen",2016
"2066",1602,0.574931,5,9,3,"Nordthüringen",2017
"2067",1602,0.566421,5,10,3,"Nordthüringen",2018
"2068",1602,0.553051,5,10,3,"Nordthüringen",2019
"2069",1603,0.888191,5,9,3,"Ostthüringen",1998
"2070",1603,0.872511,5,9,3,"Ostthüringen",1999
"2071",1603,0.850492,5,9,3,"Ostthüringen",2000
"2072",1603,0.827572,5,9,3,"Ostthüringen",2001
"2073",1603,0.816856,5,9,3,"Ostthüringen",2002
"2074",1603,0.797141,5,9,3,"Ostthüringen",2003
"2075",1603,0.799342,5,9,3,"Ostthüringen",2004
"2076",1603,0.803725,5,9,3,"Ostthüringen",2005
"2077",1603,0.769137,4,8,2,"Ostthüringen",2006
"2078",1603,0.730345,4,8,2,"Ostthüringen",2007
"2079",1603,0.69397,4,8,2,"Ostthüringen",2008
"2080",1603,0.676707,4,8,2,"Ostthüringen",2009
"2081",1603,0.657501,4,8,2,"Ostthüringen",2010
"2082",1603,0.626094,4,8,2,"Ostthüringen",2011
"2083",1603,0.592134,4,7,2,"Ostthüringen",2012
"2084",1603,0.573102,4,7,2,"Ostthüringen",2013
"2085",1603,0.551028,4,7,2,"Ostthüringen",2014
"2086",1603,0.530235,4,7,2,"Ostthüringen",2015
"2087",1603,0.504444,4,7,2,"Ostthüringen",2016
"2088",1603,0.475049,3,6,2,"Ostthüringen",2017
"2089",1603,0.463982,4,7,2,"Ostthüringen",2018
"2090",1603,0.447245,4,7,2,"Ostthüringen",2019
"2091",1604,0.859966,5,9,3,"Südthüringen",1998
"2092",1604,0.84292,4,8,2,"Südthüringen",1999
"2093",1604,0.846042,5,9,3,"Südthüringen",2000
"2094",1604,0.823214,5,9,3,"Südthüringen",2001
"2095",1604,0.807159,4,8,2,"Südthüringen",2002
"2096",1604,0.785991,4,8,2,"Südthüringen",2003
"2097",1604,0.796114,4,8,2,"Südthüringen",2004
"2098",1604,0.798285,4,8,2,"Südthüringen",2005
"2099",1604,0.775244,4,8,2,"Südthüringen",2006
"2100",1604,0.722089,4,8,2,"Südthüringen",2007
"2101",1604,0.686012,4,8,2,"Südthüringen",2008
"2102",1604,0.678334,4,8,2,"Südthüringen",2009
"2103",1604,0.659446,4,8,2,"Südthüringen",2010
"2104",1604,0.620772,4,8,2,"Südthüringen",2011
"2105",1604,0.593589,4,7,2,"Südthüringen",2012
"2106",1604,0.583037,4,7,2,"Südthüringen",2013
"2107",1604,0.556487,4,7,2,"Südthüringen",2014
"2108",1604,0.538306,4,8,2,"Südthüringen",2015
"2109",1604,0.517572,4,7,2,"Südthüringen",2016
"2110",1604,0.514786,4,8,2,"Südthüringen",2017
"2111",1604,0.50154,4,8,2,"Südthüringen",2018
"2112",1604,0.489054,4,8,2,"Südthüringen",2019
