"ror_id","gisd_score","gisd_5","gisd_10","gisd_k","ror_name","year"
"0101",0.57633,4,7,2,"Schleswig-Holstein Mitte",1998
"0101",0.57955,4,7,2,"Schleswig-Holstein Mitte",1999
"0101",0.51526,4,7,2,"Schleswig-Holstein Mitte",2000
"0101",0.5162,4,7,2,"Schleswig-Holstein Mitte",2001
"0101",0.50691,3,6,2,"Schleswig-Holstein Mitte",2002
"0101",0.50731,3,6,2,"Schleswig-Holstein Mitte",2003
"0101",0.52028,4,7,2,"Schleswig-Holstein Mitte",2004
"0101",0.53846,4,7,2,"Schleswig-Holstein Mitte",2005
"0101",0.56992,4,7,2,"Schleswig-Holstein Mitte",2006
"0101",0.58817,4,7,2,"Schleswig-Holstein Mitte",2007
"0101",0.62585,4,7,2,"Schleswig-Holstein Mitte",2008
"0101",0.60608,4,7,2,"Schleswig-Holstein Mitte",2009
"0101",0.62032,4,7,2,"Schleswig-Holstein Mitte",2010
"0101",0.62482,4,7,2,"Schleswig-Holstein Mitte",2011
"0101",0.6448,4,7,2,"Schleswig-Holstein Mitte",2012
"0101",0.68684,4,7,2,"Schleswig-Holstein Mitte",2013
"0101",0.71866,4,7,2,"Schleswig-Holstein Mitte",2014
"0101",0.71593,4,7,2,"Schleswig-Holstein Mitte",2015
"0101",0.7396,4,7,2,"Schleswig-Holstein Mitte",2016
"0101",0.74792,4,7,2,"Schleswig-Holstein Mitte",2017
"0101",0.70101,4,7,2,"Schleswig-Holstein Mitte",2018
"0101",0.71654,4,7,2,"Schleswig-Holstein Mitte",2019
"0101",0.71904,4,7,2,"Schleswig-Holstein Mitte",2020
"0102",0.60508,4,7,2,"Schleswig-Holstein Nord",1998
"0102",0.6326,4,7,2,"Schleswig-Holstein Nord",1999
"0102",0.5741,4,7,2,"Schleswig-Holstein Nord",2000
"0102",0.60192,4,8,2,"Schleswig-Holstein Nord",2001
"0102",0.59426,4,8,2,"Schleswig-Holstein Nord",2002
"0102",0.57228,4,8,2,"Schleswig-Holstein Nord",2003
"0102",0.60635,4,8,2,"Schleswig-Holstein Nord",2004
"0102",0.62909,4,8,2,"Schleswig-Holstein Nord",2005
"0102",0.63894,4,8,2,"Schleswig-Holstein Nord",2006
"0102",0.69613,4,8,2,"Schleswig-Holstein Nord",2007
"0102",0.72668,4,8,2,"Schleswig-Holstein Nord",2008
"0102",0.71051,4,8,2,"Schleswig-Holstein Nord",2009
"0102",0.73026,4,8,2,"Schleswig-Holstein Nord",2010
"0102",0.71689,4,8,2,"Schleswig-Holstein Nord",2011
"0102",0.7498,4,8,2,"Schleswig-Holstein Nord",2012
"0102",0.78238,4,8,2,"Schleswig-Holstein Nord",2013
"0102",0.82551,5,9,3,"Schleswig-Holstein Nord",2014
"0102",0.81304,5,9,3,"Schleswig-Holstein Nord",2015
"0102",0.83222,5,9,3,"Schleswig-Holstein Nord",2016
"0102",0.84367,5,9,3,"Schleswig-Holstein Nord",2017
"0102",0.82481,5,9,3,"Schleswig-Holstein Nord",2018
"0102",0.82187,5,9,3,"Schleswig-Holstein Nord",2019
"0102",0.83084,5,9,3,"Schleswig-Holstein Nord",2020
"0103",0.64212,4,8,2,"Schleswig-Holstein Ost",1998
"0103",0.66765,4,8,2,"Schleswig-Holstein Ost",1999
"0103",0.61588,4,8,2,"Schleswig-Holstein Ost",2000
"0103",0.63337,4,8,2,"Schleswig-Holstein Ost",2001
"0103",0.62774,4,8,2,"Schleswig-Holstein Ost",2002
"0103",0.59529,4,8,2,"Schleswig-Holstein Ost",2003
"0103",0.60079,4,8,2,"Schleswig-Holstein Ost",2004
"0103",0.64591,4,8,2,"Schleswig-Holstein Ost",2005
"0103",0.66992,4,8,2,"Schleswig-Holstein Ost",2006
"0103",0.68598,4,8,2,"Schleswig-Holstein Ost",2007
"0103",0.71644,4,8,2,"Schleswig-Holstein Ost",2008
"0103",0.69398,4,8,2,"Schleswig-Holstein Ost",2009
"0103",0.70654,4,8,2,"Schleswig-Holstein Ost",2010
"0103",0.7396,4,8,2,"Schleswig-Holstein Ost",2011
"0103",0.77598,5,9,3,"Schleswig-Holstein Ost",2012
"0103",0.79368,5,9,3,"Schleswig-Holstein Ost",2013
"0103",0.85296,5,9,3,"Schleswig-Holstein Ost",2014
"0103",0.82798,5,9,3,"Schleswig-Holstein Ost",2015
"0103",0.82621,5,9,3,"Schleswig-Holstein Ost",2016
"0103",0.83649,5,9,3,"Schleswig-Holstein Ost",2017
"0103",0.79865,5,9,3,"Schleswig-Holstein Ost",2018
"0103",0.81138,5,9,3,"Schleswig-Holstein Ost",2019
"0103",0.8073,5,9,3,"Schleswig-Holstein Ost",2020
"0104",0.34516,2,3,2,"Schleswig-Holstein Süd",1998
"0104",0.36891,2,3,2,"Schleswig-Holstein Süd",1999
"0104",0.31383,1,2,1,"Schleswig-Holstein Süd",2000
"0104",0.32089,1,2,1,"Schleswig-Holstein Süd",2001
"0104",0.30964,1,2,1,"Schleswig-Holstein Süd",2002
"0104",0.29571,1,2,1,"Schleswig-Holstein Süd",2003
"0104",0.30266,1,2,1,"Schleswig-Holstein Süd",2004
"0104",0.31903,2,3,2,"Schleswig-Holstein Süd",2005
"0104",0.34475,2,3,2,"Schleswig-Holstein Süd",2006
"0104",0.34727,2,3,2,"Schleswig-Holstein Süd",2007
"0104",0.39447,2,3,2,"Schleswig-Holstein Süd",2008
"0104",0.37216,1,2,1,"Schleswig-Holstein Süd",2009
"0104",0.38864,2,3,2,"Schleswig-Holstein Süd",2010
"0104",0.39869,2,3,2,"Schleswig-Holstein Süd",2011
"0104",0.43432,2,3,2,"Schleswig-Holstein Süd",2012
"0104",0.46227,2,4,2,"Schleswig-Holstein Süd",2013
"0104",0.50586,2,4,2,"Schleswig-Holstein Süd",2014
"0104",0.49555,2,3,2,"Schleswig-Holstein Süd",2015
"0104",0.53598,2,4,2,"Schleswig-Holstein Süd",2016
"0104",0.5432,2,4,2,"Schleswig-Holstein Süd",2017
"0104",0.52401,2,4,2,"Schleswig-Holstein Süd",2018
"0104",0.53981,2,4,2,"Schleswig-Holstein Süd",2019
"0104",0.54577,2,4,2,"Schleswig-Holstein Süd",2020
"0105",0.61245,4,7,2,"Schleswig-Holstein Süd-West",1998
"0105",0.65056,4,8,2,"Schleswig-Holstein Süd-West",1999
"0105",0.57742,4,8,2,"Schleswig-Holstein Süd-West",2000
"0105",0.59602,4,8,2,"Schleswig-Holstein Süd-West",2001
"0105",0.60022,4,8,2,"Schleswig-Holstein Süd-West",2002
"0105",0.56297,4,8,2,"Schleswig-Holstein Süd-West",2003
"0105",0.60184,4,8,2,"Schleswig-Holstein Süd-West",2004
"0105",0.60568,4,8,2,"Schleswig-Holstein Süd-West",2005
"0105",0.61459,4,8,2,"Schleswig-Holstein Süd-West",2006
"0105",0.62106,4,7,2,"Schleswig-Holstein Süd-West",2007
"0105",0.6752,4,8,2,"Schleswig-Holstein Süd-West",2008
"0105",0.6647,4,7,2,"Schleswig-Holstein Süd-West",2009
"0105",0.68873,4,8,2,"Schleswig-Holstein Süd-West",2010
"0105",0.71192,4,8,2,"Schleswig-Holstein Süd-West",2011
"0105",0.7653,4,8,2,"Schleswig-Holstein Süd-West",2012
"0105",0.76369,4,8,2,"Schleswig-Holstein Süd-West",2013
"0105",0.84206,5,9,3,"Schleswig-Holstein Süd-West",2014
"0105",0.82843,5,9,3,"Schleswig-Holstein Süd-West",2015
"0105",0.85,5,9,3,"Schleswig-Holstein Süd-West",2016
"0105",0.84775,5,9,3,"Schleswig-Holstein Süd-West",2017
"0105",0.81604,5,9,3,"Schleswig-Holstein Süd-West",2018
"0105",0.82827,5,9,3,"Schleswig-Holstein Süd-West",2019
"0105",0.83863,5,9,3,"Schleswig-Holstein Süd-West",2020
"0201",0.30722,1,2,1,"Hamburg",1998
"0201",0.33021,1,2,1,"Hamburg",1999
"0201",0.29875,1,2,1,"Hamburg",2000
"0201",0.28297,1,2,1,"Hamburg",2001
"0201",0.30199,1,2,1,"Hamburg",2002
"0201",0.27784,1,2,1,"Hamburg",2003
"0201",0.28713,1,2,1,"Hamburg",2004
"0201",0.29992,1,2,1,"Hamburg",2005
"0201",0.33149,2,3,2,"Hamburg",2006
"0201",0.345,2,3,2,"Hamburg",2007
"0201",0.34768,1,2,1,"Hamburg",2008
"0201",0.34066,1,2,1,"Hamburg",2009
"0201",0.34874,1,2,1,"Hamburg",2010
"0201",0.31098,1,2,1,"Hamburg",2011
"0201",0.28321,1,1,1,"Hamburg",2012
"0201",0.26586,1,1,1,"Hamburg",2013
"0201",0.31014,1,1,1,"Hamburg",2014
"0201",0.29488,1,1,1,"Hamburg",2015
"0201",0.30278,1,1,1,"Hamburg",2016
"0201",0.31505,1,1,1,"Hamburg",2017
"0201",0.30861,1,1,1,"Hamburg",2018
"0201",0.30994,1,1,1,"Hamburg",2019
"0201",0.34529,1,1,1,"Hamburg",2020
"0301",0.464,3,5,2,"Braunschweig",1998
"0301",0.45919,3,5,2,"Braunschweig",1999
"0301",0.43861,3,5,2,"Braunschweig",2000
"0301",0.427,3,5,2,"Braunschweig",2001
"0301",0.46752,3,5,2,"Braunschweig",2002
"0301",0.45965,3,5,2,"Braunschweig",2003
"0301",0.42401,3,5,2,"Braunschweig",2004
"0301",0.46397,3,5,2,"Braunschweig",2005
"0301",0.4747,3,5,2,"Braunschweig",2006
"0301",0.44936,3,5,2,"Braunschweig",2007
"0301",0.47985,2,4,2,"Braunschweig",2008
"0301",0.46888,2,4,2,"Braunschweig",2009
"0301",0.46178,2,4,2,"Braunschweig",2010
"0301",0.47802,3,5,2,"Braunschweig",2011
"0301",0.4445,2,4,2,"Braunschweig",2012
"0301",0.45381,2,3,2,"Braunschweig",2013
"0301",0.47717,2,3,2,"Braunschweig",2014
"0301",0.47696,2,3,2,"Braunschweig",2015
"0301",0.49883,2,3,2,"Braunschweig",2016
"0301",0.52489,2,3,2,"Braunschweig",2017
"0301",0.50164,2,3,2,"Braunschweig",2018
"0301",0.49716,2,3,2,"Braunschweig",2019
"0301",0.52412,2,3,2,"Braunschweig",2020
"0302",0.52684,3,6,2,"Bremen-Umland",1998
"0302",0.55615,3,6,2,"Bremen-Umland",1999
"0302",0.48145,3,6,2,"Bremen-Umland",2000
"0302",0.47468,3,6,2,"Bremen-Umland",2001
"0302",0.47301,3,5,2,"Bremen-Umland",2002
"0302",0.46685,3,5,2,"Bremen-Umland",2003
"0302",0.43588,3,5,2,"Bremen-Umland",2004
"0302",0.47945,3,6,2,"Bremen-Umland",2005
"0302",0.48668,3,6,2,"Bremen-Umland",2006
"0302",0.5194,3,6,2,"Bremen-Umland",2007
"0302",0.54484,3,6,2,"Bremen-Umland",2008
"0302",0.54535,3,5,2,"Bremen-Umland",2009
"0302",0.55525,3,6,2,"Bremen-Umland",2010
"0302",0.57237,3,6,2,"Bremen-Umland",2011
"0302",0.57362,3,6,2,"Bremen-Umland",2012
"0302",0.59858,3,6,2,"Bremen-Umland",2013
"0302",0.61686,3,6,2,"Bremen-Umland",2014
"0302",0.61954,3,6,2,"Bremen-Umland",2015
"0302",0.63671,3,6,2,"Bremen-Umland",2016
"0302",0.67732,3,6,2,"Bremen-Umland",2017
"0302",0.63502,3,6,2,"Bremen-Umland",2018
"0302",0.66558,3,6,2,"Bremen-Umland",2019
"0302",0.69297,3,6,2,"Bremen-Umland",2020
"0303",0.74891,5,9,3,"Bremerhaven",1998
"0303",0.75131,4,8,2,"Bremerhaven",1999
"0303",0.66502,4,8,2,"Bremerhaven",2000
"0303",0.66263,4,8,2,"Bremerhaven",2001
"0303",0.68288,4,8,2,"Bremerhaven",2002
"0303",0.67704,5,9,3,"Bremerhaven",2003
"0303",0.66749,4,8,2,"Bremerhaven",2004
"0303",0.70228,4,8,2,"Bremerhaven",2005
"0303",0.70282,4,8,2,"Bremerhaven",2006
"0303",0.73534,5,9,3,"Bremerhaven",2007
"0303",0.74489,5,9,3,"Bremerhaven",2008
"0303",0.7608,5,9,3,"Bremerhaven",2009
"0303",0.75558,5,9,3,"Bremerhaven",2010
"0303",0.77142,5,9,3,"Bremerhaven",2011
"0303",0.77793,5,9,3,"Bremerhaven",2012
"0303",0.80636,5,9,3,"Bremerhaven",2013
"0303",0.84513,5,9,3,"Bremerhaven",2014
"0303",0.85163,5,9,3,"Bremerhaven",2015
"0303",0.86306,5,9,3,"Bremerhaven",2016
"0303",0.89367,5,10,3,"Bremerhaven",2017
"0303",0.87152,5,10,3,"Bremerhaven",2018
"0303",0.8844,5,10,3,"Bremerhaven",2019
"0303",0.92153,5,10,3,"Bremerhaven",2020
"0304",0.58168,4,7,2,"Emsland",1998
"0304",0.6078,4,7,2,"Emsland",1999
"0304",0.56768,4,7,2,"Emsland",2000
"0304",0.56982,4,7,2,"Emsland",2001
"0304",0.55898,4,7,2,"Emsland",2002
"0304",0.55178,4,7,2,"Emsland",2003
"0304",0.54706,4,7,2,"Emsland",2004
"0304",0.56179,4,7,2,"Emsland",2005
"0304",0.55951,4,7,2,"Emsland",2006
"0304",0.58265,4,7,2,"Emsland",2007
"0304",0.59062,3,6,2,"Emsland",2008
"0304",0.6093,4,7,2,"Emsland",2009
"0304",0.61823,4,7,2,"Emsland",2010
"0304",0.60139,3,6,2,"Emsland",2011
"0304",0.60864,3,6,2,"Emsland",2012
"0304",0.625,3,6,2,"Emsland",2013
"0304",0.65439,3,6,2,"Emsland",2014
"0304",0.66972,4,7,2,"Emsland",2015
"0304",0.69297,4,7,2,"Emsland",2016
"0304",0.70731,4,7,2,"Emsland",2017
"0304",0.65728,3,6,2,"Emsland",2018
"0304",0.68666,4,7,2,"Emsland",2019
"0304",0.73891,4,7,2,"Emsland",2020
"0305",0.54107,3,6,2,"Göttingen",1998
"0305",0.57835,3,6,2,"Göttingen",1999
"0305",0.50841,3,6,2,"Göttingen",2000
"0305",0.50713,3,6,2,"Göttingen",2001
"0305",0.52303,3,6,2,"Göttingen",2002
"0305",0.53028,4,7,2,"Göttingen",2003
"0305",0.48478,3,6,2,"Göttingen",2004
"0305",0.52779,3,6,2,"Göttingen",2005
"0305",0.53501,3,6,2,"Göttingen",2006
"0305",0.54685,3,6,2,"Göttingen",2007
"0305",0.58552,3,6,2,"Göttingen",2008
"0305",0.56349,3,6,2,"Göttingen",2009
"0305",0.55729,3,6,2,"Göttingen",2010
"0305",0.5637,3,6,2,"Göttingen",2011
"0305",0.56847,3,6,2,"Göttingen",2012
"0305",0.58575,3,6,2,"Göttingen",2013
"0305",0.61554,3,5,2,"Göttingen",2014
"0305",0.62109,3,6,2,"Göttingen",2015
"0305",0.61664,3,6,2,"Göttingen",2016
"0305",0.63146,3,5,2,"Göttingen",2017
"0305",0.62838,3,6,2,"Göttingen",2018
"0305",0.64914,3,6,2,"Göttingen",2019
"0305",0.69612,3,6,2,"Göttingen",2020
"0306",0.39719,2,4,2,"Hamburg-Umland-Süd",1998
"0306",0.43281,2,4,2,"Hamburg-Umland-Süd",1999
"0306",0.4247,3,5,2,"Hamburg-Umland-Süd",2000
"0306",0.39742,2,4,2,"Hamburg-Umland-Süd",2001
"0306",0.40165,2,4,2,"Hamburg-Umland-Süd",2002
"0306",0.36681,2,4,2,"Hamburg-Umland-Süd",2003
"0306",0.37134,2,4,2,"Hamburg-Umland-Süd",2004
"0306",0.41462,3,5,2,"Hamburg-Umland-Süd",2005
"0306",0.39986,2,4,2,"Hamburg-Umland-Süd",2006
"0306",0.43223,2,4,2,"Hamburg-Umland-Süd",2007
"0306",0.47248,2,4,2,"Hamburg-Umland-Süd",2008
"0306",0.45804,2,4,2,"Hamburg-Umland-Süd",2009
"0306",0.45605,2,4,2,"Hamburg-Umland-Süd",2010
"0306",0.47146,2,4,2,"Hamburg-Umland-Süd",2011
"0306",0.47906,2,4,2,"Hamburg-Umland-Süd",2012
"0306",0.49205,2,4,2,"Hamburg-Umland-Süd",2013
"0306",0.51229,2,4,2,"Hamburg-Umland-Süd",2014
"0306",0.51547,2,4,2,"Hamburg-Umland-Süd",2015
"0306",0.5515,2,4,2,"Hamburg-Umland-Süd",2016
"0306",0.56124,2,4,2,"Hamburg-Umland-Süd",2017
"0306",0.55158,3,5,2,"Hamburg-Umland-Süd",2018
"0306",0.57361,3,5,2,"Hamburg-Umland-Süd",2019
"0306",0.62095,3,5,2,"Hamburg-Umland-Süd",2020
"0307",0.46727,3,5,2,"Hannover",1998
"0307",0.48355,3,5,2,"Hannover",1999
"0307",0.41352,2,4,2,"Hannover",2000
"0307",0.43518,3,5,2,"Hannover",2001
"0307",0.44531,3,5,2,"Hannover",2002
"0307",0.4482,3,5,2,"Hannover",2003
"0307",0.40856,2,4,2,"Hannover",2004
"0307",0.4644,3,5,2,"Hannover",2005
"0307",0.46223,3,5,2,"Hannover",2006
"0307",0.4837,3,5,2,"Hannover",2007
"0307",0.52097,3,5,2,"Hannover",2008
"0307",0.48825,3,5,2,"Hannover",2009
"0307",0.49814,3,5,2,"Hannover",2010
"0307",0.50237,3,5,2,"Hannover",2011
"0307",0.5128,3,5,2,"Hannover",2012
"0307",0.53081,3,5,2,"Hannover",2013
"0307",0.56125,3,5,2,"Hannover",2014
"0307",0.55605,3,5,2,"Hannover",2015
"0307",0.57206,3,5,2,"Hannover",2016
"0307",0.59236,3,5,2,"Hannover",2017
"0307",0.57341,3,5,2,"Hannover",2018
"0307",0.58147,3,5,2,"Hannover",2019
"0307",0.62302,3,5,2,"Hannover",2020
"0308",0.53036,3,6,2,"Hildesheim",1998
"0308",0.54146,3,6,2,"Hildesheim",1999
"0308",0.49521,3,6,2,"Hildesheim",2000
"0308",0.49411,3,6,2,"Hildesheim",2001
"0308",0.49422,3,6,2,"Hildesheim",2002
"0308",0.4991,3,6,2,"Hildesheim",2003
"0308",0.45917,3,6,2,"Hildesheim",2004
"0308",0.53061,4,7,2,"Hildesheim",2005
"0308",0.54236,3,6,2,"Hildesheim",2006
"0308",0.54389,3,6,2,"Hildesheim",2007
"0308",0.57563,3,6,2,"Hildesheim",2008
"0308",0.58571,3,6,2,"Hildesheim",2009
"0308",0.59153,3,6,2,"Hildesheim",2010
"0308",0.61398,4,7,2,"Hildesheim",2011
"0308",0.61952,4,7,2,"Hildesheim",2012
"0308",0.65294,4,7,2,"Hildesheim",2013
"0308",0.67842,4,7,2,"Hildesheim",2014
"0308",0.67851,4,7,2,"Hildesheim",2015
"0308",0.66196,3,6,2,"Hildesheim",2016
"0308",0.69366,3,6,2,"Hildesheim",2017
"0308",0.67121,4,7,2,"Hildesheim",2018
"0308",0.70316,4,7,2,"Hildesheim",2019
"0308",0.74714,4,7,2,"Hildesheim",2020
"0309",0.59259,4,7,2,"Lüneburg",1998
"0309",0.59044,4,7,2,"Lüneburg",1999
"0309",0.55773,4,7,2,"Lüneburg",2000
"0309",0.5691,4,7,2,"Lüneburg",2001
"0309",0.55747,4,7,2,"Lüneburg",2002
"0309",0.55705,4,7,2,"Lüneburg",2003
"0309",0.54226,4,7,2,"Lüneburg",2004
"0309",0.57318,4,7,2,"Lüneburg",2005
"0309",0.57823,4,7,2,"Lüneburg",2006
"0309",0.6034,4,7,2,"Lüneburg",2007
"0309",0.63965,4,7,2,"Lüneburg",2008
"0309",0.60932,4,7,2,"Lüneburg",2009
"0309",0.61019,4,7,2,"Lüneburg",2010
"0309",0.61815,4,7,2,"Lüneburg",2011
"0309",0.62127,4,7,2,"Lüneburg",2012
"0309",0.63549,4,7,2,"Lüneburg",2013
"0309",0.663,4,7,2,"Lüneburg",2014
"0309",0.65589,3,6,2,"Lüneburg",2015
"0309",0.66863,3,6,2,"Lüneburg",2016
"0309",0.69849,4,7,2,"Lüneburg",2017
"0309",0.66547,3,6,2,"Lüneburg",2018
"0309",0.69067,4,7,2,"Lüneburg",2019
"0309",0.73572,4,7,2,"Lüneburg",2020
"0310",0.59475,4,7,2,"Oldenburg",1998
"0310",0.59686,4,7,2,"Oldenburg",1999
"0310",0.56747,4,7,2,"Oldenburg",2000
"0310",0.55836,4,7,2,"Oldenburg",2001
"0310",0.54798,4,7,2,"Oldenburg",2002
"0310",0.53733,4,7,2,"Oldenburg",2003
"0310",0.53791,4,7,2,"Oldenburg",2004
"0310",0.57011,4,7,2,"Oldenburg",2005
"0310",0.57252,4,7,2,"Oldenburg",2006
"0310",0.59451,4,7,2,"Oldenburg",2007
"0310",0.64444,4,7,2,"Oldenburg",2008
"0310",0.62717,4,7,2,"Oldenburg",2009
"0310",0.62622,4,7,2,"Oldenburg",2010
"0310",0.6229,4,7,2,"Oldenburg",2011
"0310",0.61043,3,6,2,"Oldenburg",2012
"0310",0.62727,3,6,2,"Oldenburg",2013
"0310",0.64696,3,6,2,"Oldenburg",2014
"0310",0.65058,3,6,2,"Oldenburg",2015
"0310",0.66181,3,6,2,"Oldenburg",2016
"0310",0.69624,4,7,2,"Oldenburg",2017
"0310",0.64349,3,6,2,"Oldenburg",2018
"0310",0.67502,3,6,2,"Oldenburg",2019
"0310",0.71408,3,6,2,"Oldenburg",2020
"0311",0.52182,3,6,2,"Osnabrück",1998
"0311",0.52467,3,6,2,"Osnabrück",1999
"0311",0.48305,3,6,2,"Osnabrück",2000
"0311",0.48014,3,6,2,"Osnabrück",2001
"0311",0.51692,3,6,2,"Osnabrück",2002
"0311",0.50322,3,6,2,"Osnabrück",2003
"0311",0.45375,3,5,2,"Osnabrück",2004
"0311",0.49235,3,6,2,"Osnabrück",2005
"0311",0.50581,3,6,2,"Osnabrück",2006
"0311",0.52908,3,6,2,"Osnabrück",2007
"0311",0.566,3,6,2,"Osnabrück",2008
"0311",0.56408,3,6,2,"Osnabrück",2009
"0311",0.58306,3,6,2,"Osnabrück",2010
"0311",0.56088,3,6,2,"Osnabrück",2011
"0311",0.57537,3,6,2,"Osnabrück",2012
"0311",0.57497,3,6,2,"Osnabrück",2013
"0311",0.61679,3,6,2,"Osnabrück",2014
"0311",0.63725,3,6,2,"Osnabrück",2015
"0311",0.63131,3,6,2,"Osnabrück",2016
"0311",0.66735,3,6,2,"Osnabrück",2017
"0311",0.62913,3,6,2,"Osnabrück",2018
"0311",0.64416,3,6,2,"Osnabrück",2019
"0311",0.68647,3,6,2,"Osnabrück",2020
"0312",0.73778,4,8,2,"Ost-Friesland",1998
"0312",0.76772,4,8,2,"Ost-Friesland",1999
"0312",0.69269,4,8,2,"Ost-Friesland",2000
"0312",0.70455,4,8,2,"Ost-Friesland",2001
"0312",0.72255,5,9,3,"Ost-Friesland",2002
"0312",0.71028,5,9,3,"Ost-Friesland",2003
"0312",0.69943,5,9,3,"Ost-Friesland",2004
"0312",0.74374,5,9,3,"Ost-Friesland",2005
"0312",0.76708,5,9,3,"Ost-Friesland",2006
"0312",0.76364,5,9,3,"Ost-Friesland",2007
"0312",0.81027,5,9,3,"Ost-Friesland",2008
"0312",0.79604,5,9,3,"Ost-Friesland",2009
"0312",0.80382,5,9,3,"Ost-Friesland",2010
"0312",0.81067,5,9,3,"Ost-Friesland",2011
"0312",0.81386,5,9,3,"Ost-Friesland",2012
"0312",0.83202,5,9,3,"Ost-Friesland",2013
"0312",0.85864,5,9,3,"Ost-Friesland",2014
"0312",0.84552,5,9,3,"Ost-Friesland",2015
"0312",0.8528,5,9,3,"Ost-Friesland",2016
"0312",0.89355,5,10,3,"Ost-Friesland",2017
"0312",0.84899,5,9,3,"Ost-Friesland",2018
"0312",0.86521,5,10,3,"Ost-Friesland",2019
"0312",0.90225,5,10,3,"Ost-Friesland",2020
"0313",0.62026,4,8,2,"Südheide",1998
"0313",0.64341,4,8,2,"Südheide",1999
"0313",0.57599,4,8,2,"Südheide",2000
"0313",0.5856,4,7,2,"Südheide",2001
"0313",0.59019,4,8,2,"Südheide",2002
"0313",0.57934,4,8,2,"Südheide",2003
"0313",0.58184,4,7,2,"Südheide",2004
"0313",0.6165,4,8,2,"Südheide",2005
"0313",0.61988,4,8,2,"Südheide",2006
"0313",0.63409,4,7,2,"Südheide",2007
"0313",0.6389,4,7,2,"Südheide",2008
"0313",0.65662,4,7,2,"Südheide",2009
"0313",0.68276,4,8,2,"Südheide",2010
"0313",0.68038,4,8,2,"Südheide",2011
"0313",0.6905,4,8,2,"Südheide",2012
"0313",0.7119,4,8,2,"Südheide",2013
"0313",0.72183,4,7,2,"Südheide",2014
"0313",0.74755,4,7,2,"Südheide",2015
"0313",0.76115,4,8,2,"Südheide",2016
"0313",0.79873,4,8,2,"Südheide",2017
"0313",0.76586,4,8,2,"Südheide",2018
"0313",0.76014,4,8,2,"Südheide",2019
"0313",0.83482,5,9,3,"Südheide",2020
"0401",0.52757,3,6,2,"Bremen",1998
"0401",0.51029,3,6,2,"Bremen",1999
"0401",0.46679,3,6,2,"Bremen",2000
"0401",0.44686,3,5,2,"Bremen",2001
"0401",0.43707,3,5,2,"Bremen",2002
"0401",0.42811,3,5,2,"Bremen",2003
"0401",0.46445,3,6,2,"Bremen",2004
"0401",0.46771,3,5,2,"Bremen",2005
"0401",0.45573,3,5,2,"Bremen",2006
"0401",0.48647,3,5,2,"Bremen",2007
"0401",0.49159,3,5,2,"Bremen",2008
"0401",0.50403,3,5,2,"Bremen",2009
"0401",0.50982,3,5,2,"Bremen",2010
"0401",0.54661,3,6,2,"Bremen",2011
"0401",0.55449,3,5,2,"Bremen",2012
"0401",0.56886,3,5,2,"Bremen",2013
"0401",0.61921,3,6,2,"Bremen",2014
"0401",0.61534,3,6,2,"Bremen",2015
"0401",0.63662,3,6,2,"Bremen",2016
"0401",0.69564,3,6,2,"Bremen",2017
"0401",0.6676,4,7,2,"Bremen",2018
"0401",0.70335,4,7,2,"Bremen",2019
"0401",0.73803,4,7,2,"Bremen",2020
"0501",0.5695,4,7,2,"Aachen",1998
"0501",0.58193,4,7,2,"Aachen",1999
"0501",0.51011,4,7,2,"Aachen",2000
"0501",0.51933,4,7,2,"Aachen",2001
"0501",0.53305,4,7,2,"Aachen",2002
"0501",0.52094,4,7,2,"Aachen",2003
"0501",0.54198,4,7,2,"Aachen",2004
"0501",0.56504,4,7,2,"Aachen",2005
"0501",0.59681,4,7,2,"Aachen",2006
"0501",0.63903,4,8,2,"Aachen",2007
"0501",0.66572,4,7,2,"Aachen",2008
"0501",0.67041,4,8,2,"Aachen",2009
"0501",0.67484,4,7,2,"Aachen",2010
"0501",0.65783,4,7,2,"Aachen",2011
"0501",0.65486,4,7,2,"Aachen",2012
"0501",0.70732,4,7,2,"Aachen",2013
"0501",0.73571,4,7,2,"Aachen",2014
"0501",0.74122,4,7,2,"Aachen",2015
"0501",0.7369,4,7,2,"Aachen",2016
"0501",0.75309,4,7,2,"Aachen",2017
"0501",0.73236,4,7,2,"Aachen",2018
"0501",0.73664,4,7,2,"Aachen",2019
"0501",0.74818,4,8,2,"Aachen",2020
"0502",0.46695,3,5,2,"Arnsberg",1998
"0502",0.50003,3,5,2,"Arnsberg",1999
"0502",0.45348,3,5,2,"Arnsberg",2000
"0502",0.47228,3,6,2,"Arnsberg",2001
"0502",0.50658,3,6,2,"Arnsberg",2002
"0502",0.48153,3,6,2,"Arnsberg",2003
"0502",0.48868,3,6,2,"Arnsberg",2004
"0502",0.50263,3,6,2,"Arnsberg",2005
"0502",0.51424,3,6,2,"Arnsberg",2006
"0502",0.5429,3,6,2,"Arnsberg",2007
"0502",0.55814,3,6,2,"Arnsberg",2008
"0502",0.57752,3,6,2,"Arnsberg",2009
"0502",0.57656,3,6,2,"Arnsberg",2010
"0502",0.57426,3,6,2,"Arnsberg",2011
"0502",0.58755,3,6,2,"Arnsberg",2012
"0502",0.60376,3,6,2,"Arnsberg",2013
"0502",0.62473,3,6,2,"Arnsberg",2014
"0502",0.63737,3,6,2,"Arnsberg",2015
"0502",0.66718,3,6,2,"Arnsberg",2016
"0502",0.67853,3,6,2,"Arnsberg",2017
"0502",0.62981,3,6,2,"Arnsberg",2018
"0502",0.63076,3,6,2,"Arnsberg",2019
"0502",0.64169,3,6,2,"Arnsberg",2020
"0503",0.43339,2,4,2,"Bielefeld",1998
"0503",0.45584,2,4,2,"Bielefeld",1999
"0503",0.39323,2,4,2,"Bielefeld",2000
"0503",0.40481,2,4,2,"Bielefeld",2001
"0503",0.41471,2,4,2,"Bielefeld",2002
"0503",0.40801,2,4,2,"Bielefeld",2003
"0503",0.41308,3,5,2,"Bielefeld",2004
"0503",0.42229,3,5,2,"Bielefeld",2005
"0503",0.43356,3,5,2,"Bielefeld",2006
"0503",0.46883,3,5,2,"Bielefeld",2007
"0503",0.50123,3,5,2,"Bielefeld",2008
"0503",0.54055,3,5,2,"Bielefeld",2009
"0503",0.533,3,5,2,"Bielefeld",2010
"0503",0.54064,3,5,2,"Bielefeld",2011
"0503",0.5587,3,6,2,"Bielefeld",2012
"0503",0.60322,3,6,2,"Bielefeld",2013
"0503",0.63077,3,6,2,"Bielefeld",2014
"0503",0.6386,3,6,2,"Bielefeld",2015
"0503",0.63973,3,6,2,"Bielefeld",2016
"0503",0.67898,3,6,2,"Bielefeld",2017
"0503",0.6341,3,6,2,"Bielefeld",2018
"0503",0.64879,3,6,2,"Bielefeld",2019
"0503",0.66738,3,6,2,"Bielefeld",2020
"0504",0.55216,3,6,2,"Bochum/Hagen",1998
"0504",0.56331,3,6,2,"Bochum/Hagen",1999
"0504",0.49211,3,6,2,"Bochum/Hagen",2000
"0504",0.50281,3,6,2,"Bochum/Hagen",2001
"0504",0.50582,3,6,2,"Bochum/Hagen",2002
"0504",0.50026,3,6,2,"Bochum/Hagen",2003
"0504",0.51194,4,7,2,"Bochum/Hagen",2004
"0504",0.50291,3,6,2,"Bochum/Hagen",2005
"0504",0.54257,3,6,2,"Bochum/Hagen",2006
"0504",0.57334,4,7,2,"Bochum/Hagen",2007
"0504",0.6173,4,7,2,"Bochum/Hagen",2008
"0504",0.64809,4,7,2,"Bochum/Hagen",2009
"0504",0.64034,4,7,2,"Bochum/Hagen",2010
"0504",0.63913,4,7,2,"Bochum/Hagen",2011
"0504",0.65495,4,7,2,"Bochum/Hagen",2012
"0504",0.70709,4,7,2,"Bochum/Hagen",2013
"0504",0.7389,4,8,2,"Bochum/Hagen",2014
"0504",0.75377,4,8,2,"Bochum/Hagen",2015
"0504",0.76172,4,8,2,"Bochum/Hagen",2016
"0504",0.80006,4,8,2,"Bochum/Hagen",2017
"0504",0.77365,4,8,2,"Bochum/Hagen",2018
"0504",0.79347,4,8,2,"Bochum/Hagen",2019
"0504",0.82522,5,9,3,"Bochum/Hagen",2020
"0505",0.28847,1,2,1,"Bonn",1998
"0505",0.30812,1,1,1,"Bonn",1999
"0505",0.26376,1,1,1,"Bonn",2000
"0505",0.26126,1,1,1,"Bonn",2001
"0505",0.27492,1,1,1,"Bonn",2002
"0505",0.25821,1,1,1,"Bonn",2003
"0505",0.26806,1,2,1,"Bonn",2004
"0505",0.27861,1,2,1,"Bonn",2005
"0505",0.31435,1,2,1,"Bonn",2006
"0505",0.34434,2,3,2,"Bonn",2007
"0505",0.39557,2,3,2,"Bonn",2008
"0505",0.37331,2,3,2,"Bonn",2009
"0505",0.364,2,3,2,"Bonn",2010
"0505",0.35206,2,3,2,"Bonn",2011
"0505",0.3702,2,3,2,"Bonn",2012
"0505",0.41693,2,3,2,"Bonn",2013
"0505",0.43539,2,3,2,"Bonn",2014
"0505",0.42538,2,3,2,"Bonn",2015
"0505",0.44317,2,3,2,"Bonn",2016
"0505",0.46301,2,3,2,"Bonn",2017
"0505",0.42606,2,3,2,"Bonn",2018
"0505",0.44391,2,3,2,"Bonn",2019
"0505",0.44443,2,3,2,"Bonn",2020
"0506",0.61386,4,8,2,"Dortmund",1998
"0506",0.6368,4,7,2,"Dortmund",1999
"0506",0.54794,4,7,2,"Dortmund",2000
"0506",0.55994,4,7,2,"Dortmund",2001
"0506",0.55332,4,7,2,"Dortmund",2002
"0506",0.55219,4,7,2,"Dortmund",2003
"0506",0.58687,4,8,2,"Dortmund",2004
"0506",0.58434,4,7,2,"Dortmund",2005
"0506",0.63732,4,8,2,"Dortmund",2006
"0506",0.67262,4,8,2,"Dortmund",2007
"0506",0.70701,4,8,2,"Dortmund",2008
"0506",0.72455,4,8,2,"Dortmund",2009
"0506",0.73619,5,9,3,"Dortmund",2010
"0506",0.73985,5,9,3,"Dortmund",2011
"0506",0.74987,4,8,2,"Dortmund",2012
"0506",0.80816,5,9,3,"Dortmund",2013
"0506",0.83954,5,9,3,"Dortmund",2014
"0506",0.83826,5,9,3,"Dortmund",2015
"0506",0.83452,5,9,3,"Dortmund",2016
"0506",0.87477,5,9,3,"Dortmund",2017
"0506",0.83488,5,9,3,"Dortmund",2018
"0506",0.85264,5,9,3,"Dortmund",2019
"0506",0.86087,5,9,3,"Dortmund",2020
"0507",0.57473,4,7,2,"Duisburg/Essen",1998
"0507",0.58987,4,7,2,"Duisburg/Essen",1999
"0507",0.50279,3,6,2,"Duisburg/Essen",2000
"0507",0.51606,4,7,2,"Duisburg/Essen",2001
"0507",0.51837,3,6,2,"Duisburg/Essen",2002
"0507",0.50919,4,7,2,"Duisburg/Essen",2003
"0507",0.53009,4,7,2,"Duisburg/Essen",2004
"0507",0.54798,4,7,2,"Duisburg/Essen",2005
"0507",0.58678,4,7,2,"Duisburg/Essen",2006
"0507",0.63207,4,7,2,"Duisburg/Essen",2007
"0507",0.66387,4,7,2,"Duisburg/Essen",2008
"0507",0.67224,4,8,2,"Duisburg/Essen",2009
"0507",0.67881,4,8,2,"Duisburg/Essen",2010
"0507",0.68873,4,8,2,"Duisburg/Essen",2011
"0507",0.6961,4,8,2,"Duisburg/Essen",2012
"0507",0.75512,4,8,2,"Duisburg/Essen",2013
"0507",0.8013,4,8,2,"Duisburg/Essen",2014
"0507",0.80104,4,8,2,"Duisburg/Essen",2015
"0507",0.81779,5,9,3,"Duisburg/Essen",2016
"0507",0.85535,5,9,3,"Duisburg/Essen",2017
"0507",0.81514,5,9,3,"Duisburg/Essen",2018
"0507",0.83414,5,9,3,"Duisburg/Essen",2019
"0507",0.84341,5,9,3,"Duisburg/Essen",2020
"0508",0.40198,2,4,2,"Düsseldorf",1998
"0508",0.41673,2,4,2,"Düsseldorf",1999
"0508",0.35343,2,4,2,"Düsseldorf",2000
"0508",0.36893,2,4,2,"Düsseldorf",2001
"0508",0.3834,2,4,2,"Düsseldorf",2002
"0508",0.3678,2,4,2,"Düsseldorf",2003
"0508",0.37442,2,4,2,"Düsseldorf",2004
"0508",0.38686,2,4,2,"Düsseldorf",2005
"0508",0.42175,2,4,2,"Düsseldorf",2006
"0508",0.46851,3,5,2,"Düsseldorf",2007
"0508",0.49686,3,5,2,"Düsseldorf",2008
"0508",0.50199,3,5,2,"Düsseldorf",2009
"0508",0.50448,3,5,2,"Düsseldorf",2010
"0508",0.49624,3,5,2,"Düsseldorf",2011
"0508",0.50748,3,5,2,"Düsseldorf",2012
"0508",0.55886,3,5,2,"Düsseldorf",2013
"0508",0.58654,3,5,2,"Düsseldorf",2014
"0508",0.5728,3,5,2,"Düsseldorf",2015
"0508",0.57889,3,5,2,"Düsseldorf",2016
"0508",0.60167,3,5,2,"Düsseldorf",2017
"0508",0.5785,3,5,2,"Düsseldorf",2018
"0508",0.58851,3,5,2,"Düsseldorf",2019
"0508",0.60034,3,5,2,"Düsseldorf",2020
"0509",0.64687,4,8,2,"Emscher-Lippe",1998
"0509",0.68029,4,8,2,"Emscher-Lippe",1999
"0509",0.59555,4,8,2,"Emscher-Lippe",2000
"0509",0.62279,4,8,2,"Emscher-Lippe",2001
"0509",0.61022,4,8,2,"Emscher-Lippe",2002
"0509",0.59623,4,8,2,"Emscher-Lippe",2003
"0509",0.62645,4,8,2,"Emscher-Lippe",2004
"0509",0.62846,4,8,2,"Emscher-Lippe",2005
"0509",0.66853,4,8,2,"Emscher-Lippe",2006
"0509",0.72366,4,8,2,"Emscher-Lippe",2007
"0509",0.76146,5,9,3,"Emscher-Lippe",2008
"0509",0.75704,5,9,3,"Emscher-Lippe",2009
"0509",0.78175,5,9,3,"Emscher-Lippe",2010
"0509",0.79843,5,9,3,"Emscher-Lippe",2011
"0509",0.80052,5,9,3,"Emscher-Lippe",2012
"0509",0.86372,5,10,3,"Emscher-Lippe",2013
"0509",0.91568,5,10,3,"Emscher-Lippe",2014
"0509",0.92235,5,10,3,"Emscher-Lippe",2015
"0509",0.93501,5,10,3,"Emscher-Lippe",2016
"0509",0.96916,5,10,3,"Emscher-Lippe",2017
"0509",0.91964,5,10,3,"Emscher-Lippe",2018
"0509",0.92909,5,10,3,"Emscher-Lippe",2019
"0509",0.94436,5,10,3,"Emscher-Lippe",2020
"0510",0.36488,2,3,2,"Köln",1998
"0510",0.37733,2,3,2,"Köln",1999
"0510",0.31573,1,2,1,"Köln",2000
"0510",0.31544,1,2,1,"Köln",2001
"0510",0.34318,1,2,1,"Köln",2002
"0510",0.3318,2,3,2,"Köln",2003
"0510",0.33981,2,3,2,"Köln",2004
"0510",0.36397,2,4,2,"Köln",2005
"0510",0.39356,2,4,2,"Köln",2006
"0510",0.43357,2,4,2,"Köln",2007
"0510",0.44851,2,4,2,"Köln",2008
"0510",0.44301,2,4,2,"Köln",2009
"0510",0.45319,2,4,2,"Köln",2010
"0510",0.45289,2,4,2,"Köln",2011
"0510",0.44506,2,4,2,"Köln",2012
"0510",0.48777,2,4,2,"Köln",2013
"0510",0.51074,2,4,2,"Köln",2014
"0510",0.50279,2,4,2,"Köln",2015
"0510",0.518,2,3,2,"Köln",2016
"0510",0.52063,2,3,2,"Köln",2017
"0510",0.4959,2,3,2,"Köln",2018
"0510",0.50498,2,3,2,"Köln",2019
"0510",0.5051,2,3,2,"Köln",2020
"0511",0.35226,2,3,2,"Münster",1998
"0511",0.38792,2,3,2,"Münster",1999
"0511",0.3525,2,3,2,"Münster",2000
"0511",0.35329,2,3,2,"Münster",2001
"0511",0.36185,2,3,2,"Münster",2002
"0511",0.34667,2,3,2,"Münster",2003
"0511",0.35445,2,4,2,"Münster",2004
"0511",0.35372,2,4,2,"Münster",2005
"0511",0.37882,2,4,2,"Münster",2006
"0511",0.3992,2,4,2,"Münster",2007
"0511",0.4356,2,4,2,"Münster",2008
"0511",0.45421,2,4,2,"Münster",2009
"0511",0.44986,2,4,2,"Münster",2010
"0511",0.45638,2,4,2,"Münster",2011
"0511",0.47551,2,4,2,"Münster",2012
"0511",0.51404,2,4,2,"Münster",2013
"0511",0.54136,3,5,2,"Münster",2014
"0511",0.54911,2,4,2,"Münster",2015
"0511",0.56559,3,5,2,"Münster",2016
"0511",0.5925,3,5,2,"Münster",2017
"0511",0.54631,2,4,2,"Münster",2018
"0511",0.55861,2,4,2,"Münster",2019
"0511",0.56594,2,4,2,"Münster",2020
"0512",0.46874,3,5,2,"Paderborn",1998
"0512",0.50147,3,5,2,"Paderborn",1999
"0512",0.44987,3,5,2,"Paderborn",2000
"0512",0.45716,3,5,2,"Paderborn",2001
"0512",0.47865,3,5,2,"Paderborn",2002
"0512",0.46009,3,5,2,"Paderborn",2003
"0512",0.46808,3,6,2,"Paderborn",2004
"0512",0.47032,3,6,2,"Paderborn",2005
"0512",0.49663,3,6,2,"Paderborn",2006
"0512",0.51866,3,6,2,"Paderborn",2007
"0512",0.5445,3,6,2,"Paderborn",2008
"0512",0.58035,3,6,2,"Paderborn",2009
"0512",0.56764,3,6,2,"Paderborn",2010
"0512",0.5619,3,6,2,"Paderborn",2011
"0512",0.56418,3,6,2,"Paderborn",2012
"0512",0.60966,3,6,2,"Paderborn",2013
"0512",0.65952,3,6,2,"Paderborn",2014
"0512",0.64951,3,6,2,"Paderborn",2015
"0512",0.66815,3,6,2,"Paderborn",2016
"0512",0.66251,3,6,2,"Paderborn",2017
"0512",0.61687,3,6,2,"Paderborn",2018
"0512",0.64032,3,6,2,"Paderborn",2019
"0512",0.64758,3,6,2,"Paderborn",2020
"0513",0.36768,2,3,2,"Siegen",1998
"0513",0.39231,2,4,2,"Siegen",1999
"0513",0.37595,2,4,2,"Siegen",2000
"0513",0.38626,2,4,2,"Siegen",2001
"0513",0.41484,2,4,2,"Siegen",2002
"0513",0.38569,2,4,2,"Siegen",2003
"0513",0.38771,2,4,2,"Siegen",2004
"0513",0.39456,2,4,2,"Siegen",2005
"0513",0.38659,2,4,2,"Siegen",2006
"0513",0.4094,2,4,2,"Siegen",2007
"0513",0.43034,2,4,2,"Siegen",2008
"0513",0.46285,2,4,2,"Siegen",2009
"0513",0.47433,2,4,2,"Siegen",2010
"0513",0.45084,2,4,2,"Siegen",2011
"0513",0.45694,2,4,2,"Siegen",2012
"0513",0.51422,2,4,2,"Siegen",2013
"0513",0.51837,2,4,2,"Siegen",2014
"0513",0.55317,3,5,2,"Siegen",2015
"0513",0.54978,2,4,2,"Siegen",2016
"0513",0.55776,2,4,2,"Siegen",2017
"0513",0.53688,2,4,2,"Siegen",2018
"0513",0.5518,2,4,2,"Siegen",2019
"0513",0.57985,3,5,2,"Siegen",2020
"0601",0.44269,3,5,2,"Mittelhessen",1998
"0601",0.46376,3,5,2,"Mittelhessen",1999
"0601",0.41561,2,4,2,"Mittelhessen",2000
"0601",0.40375,2,4,2,"Mittelhessen",2001
"0601",0.40132,2,4,2,"Mittelhessen",2002
"0601",0.40062,2,4,2,"Mittelhessen",2003
"0601",0.39744,2,4,2,"Mittelhessen",2004
"0601",0.40059,2,4,2,"Mittelhessen",2005
"0601",0.41728,2,4,2,"Mittelhessen",2006
"0601",0.44271,2,4,2,"Mittelhessen",2007
"0601",0.47832,2,4,2,"Mittelhessen",2008
"0601",0.47568,2,4,2,"Mittelhessen",2009
"0601",0.47346,2,4,2,"Mittelhessen",2010
"0601",0.47319,2,4,2,"Mittelhessen",2011
"0601",0.48652,3,5,2,"Mittelhessen",2012
"0601",0.52468,3,5,2,"Mittelhessen",2013
"0601",0.54745,3,5,2,"Mittelhessen",2014
"0601",0.55005,3,5,2,"Mittelhessen",2015
"0601",0.57392,3,5,2,"Mittelhessen",2016
"0601",0.59308,3,5,2,"Mittelhessen",2017
"0601",0.57168,3,5,2,"Mittelhessen",2018
"0601",0.58852,3,5,2,"Mittelhessen",2019
"0601",0.59591,3,5,2,"Mittelhessen",2020
"0602",0.49716,3,6,2,"Nordhessen",1998
"0602",0.5146,3,6,2,"Nordhessen",1999
"0602",0.49295,3,6,2,"Nordhessen",2000
"0602",0.46274,3,5,2,"Nordhessen",2001
"0602",0.46596,3,5,2,"Nordhessen",2002
"0602",0.45996,3,5,2,"Nordhessen",2003
"0602",0.4536,3,5,2,"Nordhessen",2004
"0602",0.46468,3,5,2,"Nordhessen",2005
"0602",0.47893,3,5,2,"Nordhessen",2006
"0602",0.49239,3,6,2,"Nordhessen",2007
"0602",0.51085,3,5,2,"Nordhessen",2008
"0602",0.51986,3,5,2,"Nordhessen",2009
"0602",0.50756,3,5,2,"Nordhessen",2010
"0602",0.50773,3,5,2,"Nordhessen",2011
"0602",0.5408,3,5,2,"Nordhessen",2012
"0602",0.56732,3,5,2,"Nordhessen",2013
"0602",0.59099,3,5,2,"Nordhessen",2014
"0602",0.57613,3,5,2,"Nordhessen",2015
"0602",0.60528,3,5,2,"Nordhessen",2016
"0602",0.61149,3,5,2,"Nordhessen",2017
"0602",0.58044,3,5,2,"Nordhessen",2018
"0602",0.59435,3,5,2,"Nordhessen",2019
"0602",0.60332,3,5,2,"Nordhessen",2020
"0603",0.39506,2,4,2,"Osthessen",1998
"0603",0.41757,2,4,2,"Osthessen",1999
"0603",0.39662,2,4,2,"Osthessen",2000
"0603",0.38399,2,4,2,"Osthessen",2001
"0603",0.36322,2,3,2,"Osthessen",2002
"0603",0.35905,2,4,2,"Osthessen",2003
"0603",0.36933,2,4,2,"Osthessen",2004
"0603",0.34717,2,3,2,"Osthessen",2005
"0603",0.36256,2,3,2,"Osthessen",2006
"0603",0.38285,2,4,2,"Osthessen",2007
"0603",0.41716,2,4,2,"Osthessen",2008
"0603",0.43462,2,4,2,"Osthessen",2009
"0603",0.41233,2,3,2,"Osthessen",2010
"0603",0.39236,2,3,2,"Osthessen",2011
"0603",0.43028,2,3,2,"Osthessen",2012
"0603",0.45347,2,3,2,"Osthessen",2013
"0603",0.46858,2,3,2,"Osthessen",2014
"0603",0.4823,2,3,2,"Osthessen",2015
"0603",0.50898,2,3,2,"Osthessen",2016
"0603",0.5115,2,3,2,"Osthessen",2017
"0603",0.48897,2,3,2,"Osthessen",2018
"0603",0.50813,2,3,2,"Osthessen",2019
"0603",0.52952,2,4,2,"Osthessen",2020
"0604",0.24787,1,1,1,"Rhein-Main",1998
"0604",0.27983,1,1,1,"Rhein-Main",1999
"0604",0.24607,1,1,1,"Rhein-Main",2000
"0604",0.20985,1,1,1,"Rhein-Main",2001
"0604",0.20871,1,1,1,"Rhein-Main",2002
"0604",0.21302,1,1,1,"Rhein-Main",2003
"0604",0.21028,1,1,1,"Rhein-Main",2004
"0604",0.22184,1,1,1,"Rhein-Main",2005
"0604",0.23263,1,1,1,"Rhein-Main",2006
"0604",0.25299,1,1,1,"Rhein-Main",2007
"0604",0.27024,1,1,1,"Rhein-Main",2008
"0604",0.26283,1,1,1,"Rhein-Main",2009
"0604",0.26448,1,1,1,"Rhein-Main",2010
"0604",0.25746,1,1,1,"Rhein-Main",2011
"0604",0.27884,1,1,1,"Rhein-Main",2012
"0604",0.31261,1,1,1,"Rhein-Main",2013
"0604",0.32385,1,1,1,"Rhein-Main",2014
"0604",0.31564,1,1,1,"Rhein-Main",2015
"0604",0.34474,1,1,1,"Rhein-Main",2016
"0604",0.35137,1,1,1,"Rhein-Main",2017
"0604",0.33427,1,1,1,"Rhein-Main",2018
"0604",0.35088,1,1,1,"Rhein-Main",2019
"0604",0.35404,1,1,1,"Rhein-Main",2020
"0605",0.27488,1,1,1,"Starkenburg",1998
"0605",0.31436,1,2,1,"Starkenburg",1999
"0605",0.28874,1,2,1,"Starkenburg",2000
"0605",0.26358,1,2,1,"Starkenburg",2001
"0605",0.2478,1,1,1,"Starkenburg",2002
"0605",0.24185,1,1,1,"Starkenburg",2003
"0605",0.25319,1,1,1,"Starkenburg",2004
"0605",0.26637,1,1,1,"Starkenburg",2005
"0605",0.279,1,2,1,"Starkenburg",2006
"0605",0.29104,1,2,1,"Starkenburg",2007
"0605",0.33643,1,2,1,"Starkenburg",2008
"0605",0.32127,1,2,1,"Starkenburg",2009
"0605",0.327,1,2,1,"Starkenburg",2010
"0605",0.33491,1,2,1,"Starkenburg",2011
"0605",0.36209,1,2,1,"Starkenburg",2012
"0605",0.39186,2,3,2,"Starkenburg",2013
"0605",0.41805,2,3,2,"Starkenburg",2014
"0605",0.41414,1,2,1,"Starkenburg",2015
"0605",0.4365,2,3,2,"Starkenburg",2016
"0605",0.43899,1,2,1,"Starkenburg",2017
"0605",0.4235,2,3,2,"Starkenburg",2018
"0605",0.44223,2,3,2,"Starkenburg",2019
"0605",0.46436,2,3,2,"Starkenburg",2020
"0701",0.52524,3,6,2,"Mittelrhein-Westerwald",1998
"0701",0.54985,3,6,2,"Mittelrhein-Westerwald",1999
"0701",0.48602,3,6,2,"Mittelrhein-Westerwald",2000
"0701",0.47798,3,6,2,"Mittelrhein-Westerwald",2001
"0701",0.50069,3,6,2,"Mittelrhein-Westerwald",2002
"0701",0.48878,3,6,2,"Mittelrhein-Westerwald",2003
"0701",0.47778,3,6,2,"Mittelrhein-Westerwald",2004
"0701",0.49214,3,6,2,"Mittelrhein-Westerwald",2005
"0701",0.49987,3,6,2,"Mittelrhein-Westerwald",2006
"0701",0.52667,3,6,2,"Mittelrhein-Westerwald",2007
"0701",0.56355,3,6,2,"Mittelrhein-Westerwald",2008
"0701",0.5595,3,6,2,"Mittelrhein-Westerwald",2009
"0701",0.56173,3,6,2,"Mittelrhein-Westerwald",2010
"0701",0.57787,3,6,2,"Mittelrhein-Westerwald",2011
"0701",0.60034,3,6,2,"Mittelrhein-Westerwald",2012
"0701",0.63058,3,6,2,"Mittelrhein-Westerwald",2013
"0701",0.6615,3,6,2,"Mittelrhein-Westerwald",2014
"0701",0.66548,3,6,2,"Mittelrhein-Westerwald",2015
"0701",0.6702,4,7,2,"Mittelrhein-Westerwald",2016
"0701",0.69368,3,6,2,"Mittelrhein-Westerwald",2017
"0701",0.66692,4,7,2,"Mittelrhein-Westerwald",2018
"0701",0.68642,3,6,2,"Mittelrhein-Westerwald",2019
"0701",0.69282,3,6,2,"Mittelrhein-Westerwald",2020
"0702",0.41354,2,4,2,"Rheinhessen-Nahe",1998
"0702",0.43287,2,4,2,"Rheinhessen-Nahe",1999
"0702",0.38371,2,4,2,"Rheinhessen-Nahe",2000
"0702",0.36264,2,4,2,"Rheinhessen-Nahe",2001
"0702",0.36533,2,3,2,"Rheinhessen-Nahe",2002
"0702",0.35137,2,3,2,"Rheinhessen-Nahe",2003
"0702",0.34047,2,3,2,"Rheinhessen-Nahe",2004
"0702",0.34607,2,3,2,"Rheinhessen-Nahe",2005
"0702",0.37508,2,4,2,"Rheinhessen-Nahe",2006
"0702",0.39385,2,4,2,"Rheinhessen-Nahe",2007
"0702",0.42241,2,4,2,"Rheinhessen-Nahe",2008
"0702",0.40486,2,3,2,"Rheinhessen-Nahe",2009
"0702",0.39839,2,3,2,"Rheinhessen-Nahe",2010
"0702",0.4169,2,4,2,"Rheinhessen-Nahe",2011
"0702",0.44313,2,3,2,"Rheinhessen-Nahe",2012
"0702",0.46799,2,4,2,"Rheinhessen-Nahe",2013
"0702",0.51033,2,4,2,"Rheinhessen-Nahe",2014
"0702",0.51271,2,4,2,"Rheinhessen-Nahe",2015
"0702",0.53549,2,4,2,"Rheinhessen-Nahe",2016
"0702",0.55808,2,4,2,"Rheinhessen-Nahe",2017
"0702",0.53263,2,4,2,"Rheinhessen-Nahe",2018
"0702",0.56087,3,5,2,"Rheinhessen-Nahe",2019
"0702",0.56003,2,4,2,"Rheinhessen-Nahe",2020
"0703",0.45648,3,5,2,"Rheinpfalz",1998
"0703",0.48004,3,5,2,"Rheinpfalz",1999
"0703",0.43944,3,5,2,"Rheinpfalz",2000
"0703",0.43988,3,5,2,"Rheinpfalz",2001
"0703",0.45378,3,5,2,"Rheinpfalz",2002
"0703",0.43582,3,5,2,"Rheinpfalz",2003
"0703",0.41503,3,5,2,"Rheinpfalz",2004
"0703",0.39572,2,4,2,"Rheinpfalz",2005
"0703",0.42529,3,5,2,"Rheinpfalz",2006
"0703",0.44617,3,5,2,"Rheinpfalz",2007
"0703",0.49199,3,5,2,"Rheinpfalz",2008
"0703",0.46935,2,4,2,"Rheinpfalz",2009
"0703",0.47708,3,5,2,"Rheinpfalz",2010
"0703",0.48133,3,5,2,"Rheinpfalz",2011
"0703",0.49088,3,5,2,"Rheinpfalz",2012
"0703",0.51766,3,5,2,"Rheinpfalz",2013
"0703",0.56759,3,5,2,"Rheinpfalz",2014
"0703",0.56424,3,5,2,"Rheinpfalz",2015
"0703",0.5993,3,5,2,"Rheinpfalz",2016
"0703",0.63366,3,5,2,"Rheinpfalz",2017
"0703",0.59744,3,5,2,"Rheinpfalz",2018
"0703",0.61734,3,5,2,"Rheinpfalz",2019
"0703",0.63446,3,6,2,"Rheinpfalz",2020
"0704",0.52295,3,6,2,"Trier",1998
"0704",0.55055,3,6,2,"Trier",1999
"0704",0.51531,4,7,2,"Trier",2000
"0704",0.51448,3,6,2,"Trier",2001
"0704",0.53431,4,7,2,"Trier",2002
"0704",0.49118,3,6,2,"Trier",2003
"0704",0.49663,3,6,2,"Trier",2004
"0704",0.49607,3,6,2,"Trier",2005
"0704",0.50712,3,6,2,"Trier",2006
"0704",0.54532,3,6,2,"Trier",2007
"0704",0.59324,4,7,2,"Trier",2008
"0704",0.60522,3,6,2,"Trier",2009
"0704",0.60405,3,6,2,"Trier",2010
"0704",0.6315,4,7,2,"Trier",2011
"0704",0.65941,4,7,2,"Trier",2012
"0704",0.68747,4,7,2,"Trier",2013
"0704",0.73135,4,7,2,"Trier",2014
"0704",0.75428,4,8,2,"Trier",2015
"0704",0.75503,4,8,2,"Trier",2016
"0704",0.78051,4,8,2,"Trier",2017
"0704",0.74437,4,8,2,"Trier",2018
"0704",0.77564,4,8,2,"Trier",2019
"0704",0.79178,4,8,2,"Trier",2020
"0705",0.68785,4,8,2,"Westpfalz",1998
"0705",0.70429,4,8,2,"Westpfalz",1999
"0705",0.62009,4,8,2,"Westpfalz",2000
"0705",0.60499,4,8,2,"Westpfalz",2001
"0705",0.61892,4,8,2,"Westpfalz",2002
"0705",0.59237,4,8,2,"Westpfalz",2003
"0705",0.59981,4,8,2,"Westpfalz",2004
"0705",0.58635,4,8,2,"Westpfalz",2005
"0705",0.61105,4,7,2,"Westpfalz",2006
"0705",0.6526,4,8,2,"Westpfalz",2007
"0705",0.67002,4,8,2,"Westpfalz",2008
"0705",0.67536,4,8,2,"Westpfalz",2009
"0705",0.67745,4,7,2,"Westpfalz",2010
"0705",0.69338,4,8,2,"Westpfalz",2011
"0705",0.71596,4,8,2,"Westpfalz",2012
"0705",0.73604,4,8,2,"Westpfalz",2013
"0705",0.77749,4,8,2,"Westpfalz",2014
"0705",0.77978,4,8,2,"Westpfalz",2015
"0705",0.78882,4,8,2,"Westpfalz",2016
"0705",0.83779,5,9,3,"Westpfalz",2017
"0705",0.79947,5,9,3,"Westpfalz",2018
"0705",0.82689,5,9,3,"Westpfalz",2019
"0705",0.82767,5,9,3,"Westpfalz",2020
"0801",0.30594,1,2,1,"Bodensee-Oberschwaben",1998
"0801",0.31731,1,2,1,"Bodensee-Oberschwaben",1999
"0801",0.33122,1,2,1,"Bodensee-Oberschwaben",2000
"0801",0.3068,1,2,1,"Bodensee-Oberschwaben",2001
"0801",0.33943,1,2,1,"Bodensee-Oberschwaben",2002
"0801",0.31179,1,2,1,"Bodensee-Oberschwaben",2003
"0801",0.31042,1,2,1,"Bodensee-Oberschwaben",2004
"0801",0.29407,1,2,1,"Bodensee-Oberschwaben",2005
"0801",0.28991,1,2,1,"Bodensee-Oberschwaben",2006
"0801",0.29359,1,2,1,"Bodensee-Oberschwaben",2007
"0801",0.32429,1,2,1,"Bodensee-Oberschwaben",2008
"0801",0.35065,1,2,1,"Bodensee-Oberschwaben",2009
"0801",0.34165,1,2,1,"Bodensee-Oberschwaben",2010
"0801",0.30215,1,2,1,"Bodensee-Oberschwaben",2011
"0801",0.36084,1,2,1,"Bodensee-Oberschwaben",2012
"0801",0.35097,1,2,1,"Bodensee-Oberschwaben",2013
"0801",0.37831,1,2,1,"Bodensee-Oberschwaben",2014
"0801",0.42036,2,3,2,"Bodensee-Oberschwaben",2015
"0801",0.4057,1,2,1,"Bodensee-Oberschwaben",2016
"0801",0.44419,1,2,1,"Bodensee-Oberschwaben",2017
"0801",0.40652,1,2,1,"Bodensee-Oberschwaben",2018
"0801",0.41444,1,2,1,"Bodensee-Oberschwaben",2019
"0801",0.42135,1,2,1,"Bodensee-Oberschwaben",2020
"0802",0.24343,1,1,1,"Donau-Iller (BW)",1998
"0802",0.26399,1,1,1,"Donau-Iller (BW)",1999
"0802",0.25774,1,1,1,"Donau-Iller (BW)",2000
"0802",0.24492,1,1,1,"Donau-Iller (BW)",2001
"0802",0.27352,1,1,1,"Donau-Iller (BW)",2002
"0802",0.24508,1,1,1,"Donau-Iller (BW)",2003
"0802",0.23989,1,1,1,"Donau-Iller (BW)",2004
"0802",0.22733,1,1,1,"Donau-Iller (BW)",2005
"0802",0.23186,1,1,1,"Donau-Iller (BW)",2006
"0802",0.23601,1,1,1,"Donau-Iller (BW)",2007
"0802",0.26025,1,1,1,"Donau-Iller (BW)",2008
"0802",0.28151,1,1,1,"Donau-Iller (BW)",2009
"0802",0.2662,1,1,1,"Donau-Iller (BW)",2010
"0802",0.23602,1,1,1,"Donau-Iller (BW)",2011
"0802",0.27846,1,1,1,"Donau-Iller (BW)",2012
"0802",0.28615,1,1,1,"Donau-Iller (BW)",2013
"0802",0.30531,1,1,1,"Donau-Iller (BW)",2014
"0802",0.33452,1,1,1,"Donau-Iller (BW)",2015
"0802",0.35835,1,1,1,"Donau-Iller (BW)",2016
"0802",0.37363,1,1,1,"Donau-Iller (BW)",2017
"0802",0.35213,1,1,1,"Donau-Iller (BW)",2018
"0802",0.36479,1,1,1,"Donau-Iller (BW)",2019
"0802",0.36894,1,1,1,"Donau-Iller (BW)",2020
"0803",0.32969,1,2,1,"Franken",1998
"0803",0.34785,1,2,1,"Franken",1999
"0803",0.34979,2,3,2,"Franken",2000
"0803",0.3431,2,3,2,"Franken",2001
"0803",0.37277,2,4,2,"Franken",2002
"0803",0.34907,2,3,2,"Franken",2003
"0803",0.33769,2,3,2,"Franken",2004
"0803",0.31779,2,3,2,"Franken",2005
"0803",0.31348,1,2,1,"Franken",2006
"0803",0.31469,1,2,1,"Franken",2007
"0803",0.33935,1,2,1,"Franken",2008
"0803",0.38236,2,3,2,"Franken",2009
"0803",0.3634,1,2,1,"Franken",2010
"0803",0.32354,1,2,1,"Franken",2011
"0803",0.36725,1,2,1,"Franken",2012
"0803",0.36277,1,2,1,"Franken",2013
"0803",0.39587,1,2,1,"Franken",2014
"0803",0.39404,1,2,1,"Franken",2015
"0803",0.40474,1,2,1,"Franken",2016
"0803",0.41972,1,2,1,"Franken",2017
"0803",0.4231,1,2,1,"Franken",2018
"0803",0.42249,1,2,1,"Franken",2019
"0803",0.43867,1,2,1,"Franken",2020
"0804",0.48895,3,6,2,"Hochrhein-Bodensee",1998
"0804",0.52031,3,6,2,"Hochrhein-Bodensee",1999
"0804",0.47758,3,6,2,"Hochrhein-Bodensee",2000
"0804",0.47024,3,6,2,"Hochrhein-Bodensee",2001
"0804",0.48178,3,5,2,"Hochrhein-Bodensee",2002
"0804",0.45117,3,5,2,"Hochrhein-Bodensee",2003
"0804",0.44574,3,5,2,"Hochrhein-Bodensee",2004
"0804",0.43106,3,5,2,"Hochrhein-Bodensee",2005
"0804",0.44409,3,5,2,"Hochrhein-Bodensee",2006
"0804",0.48414,3,5,2,"Hochrhein-Bodensee",2007
"0804",0.51678,3,5,2,"Hochrhein-Bodensee",2008
"0804",0.547,3,6,2,"Hochrhein-Bodensee",2009
"0804",0.52571,3,5,2,"Hochrhein-Bodensee",2010
"0804",0.50959,3,5,2,"Hochrhein-Bodensee",2011
"0804",0.55232,3,5,2,"Hochrhein-Bodensee",2012
"0804",0.55076,3,5,2,"Hochrhein-Bodensee",2013
"0804",0.61555,3,6,2,"Hochrhein-Bodensee",2014
"0804",0.57718,3,5,2,"Hochrhein-Bodensee",2015
"0804",0.59385,3,5,2,"Hochrhein-Bodensee",2016
"0804",0.63465,3,6,2,"Hochrhein-Bodensee",2017
"0804",0.60683,3,5,2,"Hochrhein-Bodensee",2018
"0804",0.614,3,5,2,"Hochrhein-Bodensee",2019
"0804",0.62943,3,5,2,"Hochrhein-Bodensee",2020
"0805",0.24333,1,1,1,"Mittlerer Oberrhein",1998
"0805",0.26302,1,1,1,"Mittlerer Oberrhein",1999
"0805",0.23897,1,1,1,"Mittlerer Oberrhein",2000
"0805",0.21374,1,1,1,"Mittlerer Oberrhein",2001
"0805",0.22843,1,1,1,"Mittlerer Oberrhein",2002
"0805",0.21683,1,1,1,"Mittlerer Oberrhein",2003
"0805",0.20709,1,1,1,"Mittlerer Oberrhein",2004
"0805",0.20091,1,1,1,"Mittlerer Oberrhein",2005
"0805",0.20467,1,1,1,"Mittlerer Oberrhein",2006
"0805",0.21256,1,1,1,"Mittlerer Oberrhein",2007
"0805",0.24595,1,1,1,"Mittlerer Oberrhein",2008
"0805",0.2782,1,1,1,"Mittlerer Oberrhein",2009
"0805",0.27308,1,1,1,"Mittlerer Oberrhein",2010
"0805",0.26032,1,1,1,"Mittlerer Oberrhein",2011
"0805",0.31331,1,2,1,"Mittlerer Oberrhein",2012
"0805",0.30678,1,1,1,"Mittlerer Oberrhein",2013
"0805",0.34828,1,1,1,"Mittlerer Oberrhein",2014
"0805",0.34647,1,2,1,"Mittlerer Oberrhein",2015
"0805",0.36479,1,1,1,"Mittlerer Oberrhein",2016
"0805",0.38449,1,1,1,"Mittlerer Oberrhein",2017
"0805",0.37407,1,2,1,"Mittlerer Oberrhein",2018
"0805",0.3711,1,1,1,"Mittlerer Oberrhein",2019
"0805",0.37542,1,1,1,"Mittlerer Oberrhein",2020
"0806",0.32097,1,2,1,"Neckar-Alb",1998
"0806",0.33256,1,2,1,"Neckar-Alb",1999
"0806",0.31113,1,2,1,"Neckar-Alb",2000
"0806",0.28733,1,2,1,"Neckar-Alb",2001
"0806",0.33313,1,2,1,"Neckar-Alb",2002
"0806",0.30888,1,2,1,"Neckar-Alb",2003
"0806",0.29861,1,2,1,"Neckar-Alb",2004
"0806",0.28368,1,2,1,"Neckar-Alb",2005
"0806",0.29031,1,2,1,"Neckar-Alb",2006
"0806",0.29756,1,2,1,"Neckar-Alb",2007
"0806",0.3262,1,2,1,"Neckar-Alb",2008
"0806",0.36355,1,2,1,"Neckar-Alb",2009
"0806",0.35533,1,2,1,"Neckar-Alb",2010
"0806",0.32092,1,2,1,"Neckar-Alb",2011
"0806",0.36283,1,2,1,"Neckar-Alb",2012
"0806",0.3706,1,2,1,"Neckar-Alb",2013
"0806",0.39348,1,2,1,"Neckar-Alb",2014
"0806",0.38893,1,2,1,"Neckar-Alb",2015
"0806",0.40568,1,2,1,"Neckar-Alb",2016
"0806",0.42809,1,2,1,"Neckar-Alb",2017
"0806",0.40274,1,2,1,"Neckar-Alb",2018
"0806",0.41247,1,2,1,"Neckar-Alb",2019
"0806",0.42314,1,2,1,"Neckar-Alb",2020
"0807",0.36354,2,3,2,"Nordschwarzwald",1998
"0807",0.38136,2,3,2,"Nordschwarzwald",1999
"0807",0.34154,2,3,2,"Nordschwarzwald",2000
"0807",0.32401,2,3,2,"Nordschwarzwald",2001
"0807",0.37064,2,3,2,"Nordschwarzwald",2002
"0807",0.35233,2,3,2,"Nordschwarzwald",2003
"0807",0.33631,2,3,2,"Nordschwarzwald",2004
"0807",0.34374,2,3,2,"Nordschwarzwald",2005
"0807",0.34589,2,3,2,"Nordschwarzwald",2006
"0807",0.32938,2,3,2,"Nordschwarzwald",2007
"0807",0.39403,2,3,2,"Nordschwarzwald",2008
"0807",0.42173,2,3,2,"Nordschwarzwald",2009
"0807",0.42102,2,4,2,"Nordschwarzwald",2010
"0807",0.38654,2,3,2,"Nordschwarzwald",2011
"0807",0.44651,2,4,2,"Nordschwarzwald",2012
"0807",0.45673,2,3,2,"Nordschwarzwald",2013
"0807",0.48627,2,3,2,"Nordschwarzwald",2014
"0807",0.49794,2,4,2,"Nordschwarzwald",2015
"0807",0.52793,2,4,2,"Nordschwarzwald",2016
"0807",0.57711,2,4,2,"Nordschwarzwald",2017
"0807",0.53357,2,4,2,"Nordschwarzwald",2018
"0807",0.54452,2,4,2,"Nordschwarzwald",2019
"0807",0.55711,2,4,2,"Nordschwarzwald",2020
"0808",0.30131,1,2,1,"Ostwürttemberg",1998
"0808",0.3327,1,2,1,"Ostwürttemberg",1999
"0808",0.31996,1,2,1,"Ostwürttemberg",2000
"0808",0.29895,1,2,1,"Ostwürttemberg",2001
"0808",0.34373,1,2,1,"Ostwürttemberg",2002
"0808",0.31817,1,2,1,"Ostwürttemberg",2003
"0808",0.30888,1,2,1,"Ostwürttemberg",2004
"0808",0.30341,1,2,1,"Ostwürttemberg",2005
"0808",0.28405,1,2,1,"Ostwürttemberg",2006
"0808",0.28735,1,2,1,"Ostwürttemberg",2007
"0808",0.31244,1,2,1,"Ostwürttemberg",2008
"0808",0.35892,1,2,1,"Ostwürttemberg",2009
"0808",0.34818,1,2,1,"Ostwürttemberg",2010
"0808",0.32737,1,2,1,"Ostwürttemberg",2011
"0808",0.36877,2,3,2,"Ostwürttemberg",2012
"0808",0.34548,1,2,1,"Ostwürttemberg",2013
"0808",0.39138,1,2,1,"Ostwürttemberg",2014
"0808",0.40667,1,2,1,"Ostwürttemberg",2015
"0808",0.44379,2,3,2,"Ostwürttemberg",2016
"0808",0.44644,1,2,1,"Ostwürttemberg",2017
"0808",0.41639,1,2,1,"Ostwürttemberg",2018
"0808",0.41111,1,2,1,"Ostwürttemberg",2019
"0808",0.42576,1,2,1,"Ostwürttemberg",2020
"0809",0.40578,2,4,2,"Schwarzwald-Baar-Heuberg",1998
"0809",0.42334,2,4,2,"Schwarzwald-Baar-Heuberg",1999
"0809",0.40827,2,4,2,"Schwarzwald-Baar-Heuberg",2000
"0809",0.38509,2,4,2,"Schwarzwald-Baar-Heuberg",2001
"0809",0.43359,2,4,2,"Schwarzwald-Baar-Heuberg",2002
"0809",0.40577,2,4,2,"Schwarzwald-Baar-Heuberg",2003
"0809",0.40268,2,4,2,"Schwarzwald-Baar-Heuberg",2004
"0809",0.38461,2,4,2,"Schwarzwald-Baar-Heuberg",2005
"0809",0.37255,2,3,2,"Schwarzwald-Baar-Heuberg",2006
"0809",0.38052,2,3,2,"Schwarzwald-Baar-Heuberg",2007
"0809",0.41407,2,3,2,"Schwarzwald-Baar-Heuberg",2008
"0809",0.46133,2,4,2,"Schwarzwald-Baar-Heuberg",2009
"0809",0.45367,2,4,2,"Schwarzwald-Baar-Heuberg",2010
"0809",0.42242,2,4,2,"Schwarzwald-Baar-Heuberg",2011
"0809",0.47489,2,4,2,"Schwarzwald-Baar-Heuberg",2012
"0809",0.49045,2,4,2,"Schwarzwald-Baar-Heuberg",2013
"0809",0.52466,2,4,2,"Schwarzwald-Baar-Heuberg",2014
"0809",0.50859,2,4,2,"Schwarzwald-Baar-Heuberg",2015
"0809",0.54135,2,4,2,"Schwarzwald-Baar-Heuberg",2016
"0809",0.57343,2,4,2,"Schwarzwald-Baar-Heuberg",2017
"0809",0.52719,2,4,2,"Schwarzwald-Baar-Heuberg",2018
"0809",0.52454,2,4,2,"Schwarzwald-Baar-Heuberg",2019
"0809",0.54169,2,4,2,"Schwarzwald-Baar-Heuberg",2020
"0810",0.16995,1,1,1,"Stuttgart",1998
"0810",0.18438,1,1,1,"Stuttgart",1999
"0810",0.16151,1,1,1,"Stuttgart",2000
"0810",0.14952,1,1,1,"Stuttgart",2001
"0810",0.18556,1,1,1,"Stuttgart",2002
"0810",0.15515,1,1,1,"Stuttgart",2003
"0810",0.13143,1,1,1,"Stuttgart",2004
"0810",0.12645,1,1,1,"Stuttgart",2005
"0810",0.12409,1,1,1,"Stuttgart",2006
"0810",0.11626,1,1,1,"Stuttgart",2007
"0810",0.16067,1,1,1,"Stuttgart",2008
"0810",0.19075,1,1,1,"Stuttgart",2009
"0810",0.18985,1,1,1,"Stuttgart",2010
"0810",0.16417,1,1,1,"Stuttgart",2011
"0810",0.2217,1,1,1,"Stuttgart",2012
"0810",0.21472,1,1,1,"Stuttgart",2013
"0810",0.24934,1,1,1,"Stuttgart",2014
"0810",0.2434,1,1,1,"Stuttgart",2015
"0810",0.26771,1,1,1,"Stuttgart",2016
"0810",0.28536,1,1,1,"Stuttgart",2017
"0810",0.25338,1,1,1,"Stuttgart",2018
"0810",0.25,1,1,1,"Stuttgart",2019
"0810",0.25991,1,1,1,"Stuttgart",2020
"0811",0.35483,2,3,2,"Südlicher Oberrhein",1998
"0811",0.38564,2,3,2,"Südlicher Oberrhein",1999
"0811",0.34201,2,3,2,"Südlicher Oberrhein",2000
"0811",0.34377,2,3,2,"Südlicher Oberrhein",2001
"0811",0.36547,2,3,2,"Südlicher Oberrhein",2002
"0811",0.3382,2,3,2,"Südlicher Oberrhein",2003
"0811",0.33235,2,3,2,"Südlicher Oberrhein",2004
"0811",0.33252,2,3,2,"Südlicher Oberrhein",2005
"0811",0.33967,2,3,2,"Südlicher Oberrhein",2006
"0811",0.35956,2,3,2,"Südlicher Oberrhein",2007
"0811",0.38579,2,3,2,"Südlicher Oberrhein",2008
"0811",0.41708,2,3,2,"Südlicher Oberrhein",2009
"0811",0.40578,2,3,2,"Südlicher Oberrhein",2010
"0811",0.38185,2,3,2,"Südlicher Oberrhein",2011
"0811",0.42317,2,3,2,"Südlicher Oberrhein",2012
"0811",0.42636,2,3,2,"Südlicher Oberrhein",2013
"0811",0.45809,2,3,2,"Südlicher Oberrhein",2014
"0811",0.45434,2,3,2,"Südlicher Oberrhein",2015
"0811",0.46932,2,3,2,"Südlicher Oberrhein",2016
"0811",0.51039,2,3,2,"Südlicher Oberrhein",2017
"0811",0.46321,2,3,2,"Südlicher Oberrhein",2018
"0811",0.47188,2,3,2,"Südlicher Oberrhein",2019
"0811",0.47881,2,3,2,"Südlicher Oberrhein",2020
"0812",0.31463,1,2,1,"Unterer Neckar",1998
"0812",0.33501,1,2,1,"Unterer Neckar",1999
"0812",0.30453,1,2,1,"Unterer Neckar",2000
"0812",0.29233,1,2,1,"Unterer Neckar",2001
"0812",0.29959,1,2,1,"Unterer Neckar",2002
"0812",0.27885,1,2,1,"Unterer Neckar",2003
"0812",0.27383,1,2,1,"Unterer Neckar",2004
"0812",0.28048,1,2,1,"Unterer Neckar",2005
"0812",0.27396,1,1,1,"Unterer Neckar",2006
"0812",0.28615,1,2,1,"Unterer Neckar",2007
"0812",0.31253,1,2,1,"Unterer Neckar",2008
"0812",0.33294,1,2,1,"Unterer Neckar",2009
"0812",0.32596,1,2,1,"Unterer Neckar",2010
"0812",0.30369,1,2,1,"Unterer Neckar",2011
"0812",0.32404,1,2,1,"Unterer Neckar",2012
"0812",0.32204,1,2,1,"Unterer Neckar",2013
"0812",0.38308,1,2,1,"Unterer Neckar",2014
"0812",0.36786,1,2,1,"Unterer Neckar",2015
"0812",0.39463,1,2,1,"Unterer Neckar",2016
"0812",0.41688,1,2,1,"Unterer Neckar",2017
"0812",0.3994,1,2,1,"Unterer Neckar",2018
"0812",0.38454,1,2,1,"Unterer Neckar",2019
"0812",0.38616,1,2,1,"Unterer Neckar",2020
"0901",0.34679,2,3,2,"Allgäu",1998
"0901",0.36104,2,3,2,"Allgäu",1999
"0901",0.33798,2,3,2,"Allgäu",2000
"0901",0.3203,1,2,1,"Allgäu",2001
"0901",0.34396,1,2,1,"Allgäu",2002
"0901",0.34023,2,3,2,"Allgäu",2003
"0901",0.33144,2,3,2,"Allgäu",2004
"0901",0.33749,2,3,2,"Allgäu",2005
"0901",0.32974,2,3,2,"Allgäu",2006
"0901",0.33449,2,3,2,"Allgäu",2007
"0901",0.36814,2,3,2,"Allgäu",2008
"0901",0.37941,2,3,2,"Allgäu",2009
"0901",0.37154,2,3,2,"Allgäu",2010
"0901",0.37602,2,3,2,"Allgäu",2011
"0901",0.36731,2,3,2,"Allgäu",2012
"0901",0.39089,2,3,2,"Allgäu",2013
"0901",0.41798,2,3,2,"Allgäu",2014
"0901",0.41842,2,3,2,"Allgäu",2015
"0901",0.44957,2,3,2,"Allgäu",2016
"0901",0.45456,2,3,2,"Allgäu",2017
"0901",0.41279,1,2,1,"Allgäu",2018
"0901",0.41919,1,2,1,"Allgäu",2019
"0901",0.44706,2,3,2,"Allgäu",2020
"0902",0.36934,2,4,2,"Augsburg",1998
"0902",0.36906,2,3,2,"Augsburg",1999
"0902",0.33362,2,3,2,"Augsburg",2000
"0902",0.32524,2,3,2,"Augsburg",2001
"0902",0.35782,2,3,2,"Augsburg",2002
"0902",0.33757,2,3,2,"Augsburg",2003
"0902",0.34133,2,3,2,"Augsburg",2004
"0902",0.34725,2,3,2,"Augsburg",2005
"0902",0.34988,2,3,2,"Augsburg",2006
"0902",0.3567,2,3,2,"Augsburg",2007
"0902",0.37682,2,3,2,"Augsburg",2008
"0902",0.38587,2,3,2,"Augsburg",2009
"0902",0.37859,2,3,2,"Augsburg",2010
"0902",0.37783,2,3,2,"Augsburg",2011
"0902",0.37231,2,3,2,"Augsburg",2012
"0902",0.39114,2,3,2,"Augsburg",2013
"0902",0.41344,2,3,2,"Augsburg",2014
"0902",0.41697,2,3,2,"Augsburg",2015
"0902",0.43508,1,2,1,"Augsburg",2016
"0902",0.45616,2,3,2,"Augsburg",2017
"0902",0.42836,2,3,2,"Augsburg",2018
"0902",0.44289,2,3,2,"Augsburg",2019
"0902",0.44853,2,3,2,"Augsburg",2020
"0903",0.36806,2,3,2,"Bayerischer Untermain",1998
"0903",0.3865,2,3,2,"Bayerischer Untermain",1999
"0903",0.3649,2,4,2,"Bayerischer Untermain",2000
"0903",0.34698,2,3,2,"Bayerischer Untermain",2001
"0903",0.38302,2,4,2,"Bayerischer Untermain",2002
"0903",0.36303,2,4,2,"Bayerischer Untermain",2003
"0903",0.35248,2,3,2,"Bayerischer Untermain",2004
"0903",0.33465,2,3,2,"Bayerischer Untermain",2005
"0903",0.33291,2,3,2,"Bayerischer Untermain",2006
"0903",0.32285,2,3,2,"Bayerischer Untermain",2007
"0903",0.3605,2,3,2,"Bayerischer Untermain",2008
"0903",0.38249,2,3,2,"Bayerischer Untermain",2009
"0903",0.3709,2,3,2,"Bayerischer Untermain",2010
"0903",0.37969,2,3,2,"Bayerischer Untermain",2011
"0903",0.38424,2,3,2,"Bayerischer Untermain",2012
"0903",0.39986,2,3,2,"Bayerischer Untermain",2013
"0903",0.42463,2,3,2,"Bayerischer Untermain",2014
"0903",0.41963,2,3,2,"Bayerischer Untermain",2015
"0903",0.47968,2,3,2,"Bayerischer Untermain",2016
"0903",0.46683,2,3,2,"Bayerischer Untermain",2017
"0903",0.45295,2,3,2,"Bayerischer Untermain",2018
"0903",0.43898,2,3,2,"Bayerischer Untermain",2019
"0903",0.47888,2,3,2,"Bayerischer Untermain",2020
"0904",0.34833,2,3,2,"Donau-Iller (BY)",1998
"0904",0.33788,1,2,1,"Donau-Iller (BY)",1999
"0904",0.34211,2,3,2,"Donau-Iller (BY)",2000
"0904",0.33385,2,3,2,"Donau-Iller (BY)",2001
"0904",0.36064,2,3,2,"Donau-Iller (BY)",2002
"0904",0.32454,1,2,1,"Donau-Iller (BY)",2003
"0904",0.31625,1,2,1,"Donau-Iller (BY)",2004
"0904",0.31176,1,2,1,"Donau-Iller (BY)",2005
"0904",0.29111,1,2,1,"Donau-Iller (BY)",2006
"0904",0.27874,1,1,1,"Donau-Iller (BY)",2007
"0904",0.31878,1,2,1,"Donau-Iller (BY)",2008
"0904",0.35327,1,2,1,"Donau-Iller (BY)",2009
"0904",0.34204,1,2,1,"Donau-Iller (BY)",2010
"0904",0.33114,1,2,1,"Donau-Iller (BY)",2011
"0904",0.35902,1,2,1,"Donau-Iller (BY)",2012
"0904",0.38379,1,2,1,"Donau-Iller (BY)",2013
"0904",0.39156,1,2,1,"Donau-Iller (BY)",2014
"0904",0.40378,1,2,1,"Donau-Iller (BY)",2015
"0904",0.43206,1,2,1,"Donau-Iller (BY)",2016
"0904",0.45369,2,3,2,"Donau-Iller (BY)",2017
"0904",0.42673,2,3,2,"Donau-Iller (BY)",2018
"0904",0.43689,2,3,2,"Donau-Iller (BY)",2019
"0904",0.44411,1,2,1,"Donau-Iller (BY)",2020
"0905",0.48384,3,5,2,"Donau-Wald",1998
"0905",0.50829,3,5,2,"Donau-Wald",1999
"0905",0.46569,3,5,2,"Donau-Wald",2000
"0905",0.46704,3,6,2,"Donau-Wald",2001
"0905",0.52887,4,7,2,"Donau-Wald",2002
"0905",0.49622,3,6,2,"Donau-Wald",2003
"0905",0.48108,3,6,2,"Donau-Wald",2004
"0905",0.47642,3,6,2,"Donau-Wald",2005
"0905",0.48069,3,6,2,"Donau-Wald",2006
"0905",0.4672,3,5,2,"Donau-Wald",2007
"0905",0.53267,3,6,2,"Donau-Wald",2008
"0905",0.55278,3,6,2,"Donau-Wald",2009
"0905",0.54593,3,6,2,"Donau-Wald",2010
"0905",0.53175,3,5,2,"Donau-Wald",2011
"0905",0.5169,3,5,2,"Donau-Wald",2012
"0905",0.52236,3,5,2,"Donau-Wald",2013
"0905",0.54988,3,5,2,"Donau-Wald",2014
"0905",0.55633,3,5,2,"Donau-Wald",2015
"0905",0.58332,3,5,2,"Donau-Wald",2016
"0905",0.59728,3,5,2,"Donau-Wald",2017
"0905",0.55291,3,5,2,"Donau-Wald",2018
"0905",0.56009,2,4,2,"Donau-Wald",2019
"0905",0.57205,2,4,2,"Donau-Wald",2020
"0906",0.31805,1,2,1,"Industrieregion Mittelfranken",1998
"0906",0.33286,1,2,1,"Industrieregion Mittelfranken",1999
"0906",0.29015,1,2,1,"Industrieregion Mittelfranken",2000
"0906",0.28588,1,2,1,"Industrieregion Mittelfranken",2001
"0906",0.30467,1,2,1,"Industrieregion Mittelfranken",2002
"0906",0.30115,1,2,1,"Industrieregion Mittelfranken",2003
"0906",0.30112,1,2,1,"Industrieregion Mittelfranken",2004
"0906",0.2899,1,2,1,"Industrieregion Mittelfranken",2005
"0906",0.29283,1,2,1,"Industrieregion Mittelfranken",2006
"0906",0.29358,1,2,1,"Industrieregion Mittelfranken",2007
"0906",0.31147,1,1,1,"Industrieregion Mittelfranken",2008
"0906",0.31191,1,1,1,"Industrieregion Mittelfranken",2009
"0906",0.31099,1,1,1,"Industrieregion Mittelfranken",2010
"0906",0.28886,1,1,1,"Industrieregion Mittelfranken",2011
"0906",0.30548,1,1,1,"Industrieregion Mittelfranken",2012
"0906",0.32255,1,2,1,"Industrieregion Mittelfranken",2013
"0906",0.36265,1,2,1,"Industrieregion Mittelfranken",2014
"0906",0.34583,1,1,1,"Industrieregion Mittelfranken",2015
"0906",0.3767,1,2,1,"Industrieregion Mittelfranken",2016
"0906",0.39381,1,2,1,"Industrieregion Mittelfranken",2017
"0906",0.37962,1,2,1,"Industrieregion Mittelfranken",2018
"0906",0.37882,1,2,1,"Industrieregion Mittelfranken",2019
"0906",0.37894,1,2,1,"Industrieregion Mittelfranken",2020
"0907",0.23798,1,1,1,"Ingolstadt",1998
"0907",0.23634,1,1,1,"Ingolstadt",1999
"0907",0.25878,1,1,1,"Ingolstadt",2000
"0907",0.24717,1,1,1,"Ingolstadt",2001
"0907",0.29675,1,2,1,"Ingolstadt",2002
"0907",0.25532,1,1,1,"Ingolstadt",2003
"0907",0.22903,1,1,1,"Ingolstadt",2004
"0907",0.21211,1,1,1,"Ingolstadt",2005
"0907",0.20526,1,1,1,"Ingolstadt",2006
"0907",0.21599,1,1,1,"Ingolstadt",2007
"0907",0.25406,1,1,1,"Ingolstadt",2008
"0907",0.25122,1,1,1,"Ingolstadt",2009
"0907",0.21789,1,1,1,"Ingolstadt",2010
"0907",0.21338,1,1,1,"Ingolstadt",2011
"0907",0.21773,1,1,1,"Ingolstadt",2012
"0907",0.19466,1,1,1,"Ingolstadt",2013
"0907",0.20746,1,1,1,"Ingolstadt",2014
"0907",0.18491,1,1,1,"Ingolstadt",2015
"0907",0.20884,1,1,1,"Ingolstadt",2016
"0907",0.22941,1,1,1,"Ingolstadt",2017
"0907",0.22302,1,1,1,"Ingolstadt",2018
"0907",0.22475,1,1,1,"Ingolstadt",2019
"0907",0.22926,1,1,1,"Ingolstadt",2020
"0908",0.32225,1,2,1,"Landshut",1998
"0908",0.35484,2,3,2,"Landshut",1999
"0908",0.33233,2,3,2,"Landshut",2000
"0908",0.33342,2,3,2,"Landshut",2001
"0908",0.35295,2,3,2,"Landshut",2002
"0908",0.33854,2,3,2,"Landshut",2003
"0908",0.33429,2,3,2,"Landshut",2004
"0908",0.32168,2,3,2,"Landshut",2005
"0908",0.31855,2,3,2,"Landshut",2006
"0908",0.31596,1,2,1,"Landshut",2007
"0908",0.37413,2,3,2,"Landshut",2008
"0908",0.38253,2,3,2,"Landshut",2009
"0908",0.36508,2,3,2,"Landshut",2010
"0908",0.37083,2,3,2,"Landshut",2011
"0908",0.36107,1,2,1,"Landshut",2012
"0908",0.36588,1,2,1,"Landshut",2013
"0908",0.40764,1,2,1,"Landshut",2014
"0908",0.39699,1,2,1,"Landshut",2015
"0908",0.42064,1,2,1,"Landshut",2016
"0908",0.42878,1,2,1,"Landshut",2017
"0908",0.41358,1,2,1,"Landshut",2018
"0908",0.43543,1,2,1,"Landshut",2019
"0908",0.44349,1,2,1,"Landshut",2020
"0909",0.46692,3,5,2,"Main-Rhön",1998
"0909",0.48099,3,5,2,"Main-Rhön",1999
"0909",0.43055,3,5,2,"Main-Rhön",2000
"0909",0.42143,3,5,2,"Main-Rhön",2001
"0909",0.46865,3,5,2,"Main-Rhön",2002
"0909",0.46547,3,5,2,"Main-Rhön",2003
"0909",0.43625,3,5,2,"Main-Rhön",2004
"0909",0.41299,2,4,2,"Main-Rhön",2005
"0909",0.42941,3,5,2,"Main-Rhön",2006
"0909",0.43271,2,4,2,"Main-Rhön",2007
"0909",0.49227,3,5,2,"Main-Rhön",2008
"0909",0.49045,3,5,2,"Main-Rhön",2009
"0909",0.47701,3,5,2,"Main-Rhön",2010
"0909",0.47611,2,4,2,"Main-Rhön",2011
"0909",0.4744,2,4,2,"Main-Rhön",2012
"0909",0.4678,2,4,2,"Main-Rhön",2013
"0909",0.50469,2,4,2,"Main-Rhön",2014
"0909",0.49679,2,4,2,"Main-Rhön",2015
"0909",0.54216,2,4,2,"Main-Rhön",2016
"0909",0.5602,2,4,2,"Main-Rhön",2017
"0909",0.52513,2,4,2,"Main-Rhön",2018
"0909",0.51871,2,4,2,"Main-Rhön",2019
"0909",0.51105,2,3,2,"Main-Rhön",2020
"0910",0,1,1,1,"München",1998
"0910",0,1,1,1,"München",1999
"0910",0,1,1,1,"München",2000
"0910",0,1,1,1,"München",2001
"0910",0,1,1,1,"München",2002
"0910",0,1,1,1,"München",2003
"0910",0,1,1,1,"München",2004
"0910",0,1,1,1,"München",2005
"0910",0,1,1,1,"München",2006
"0910",0,1,1,1,"München",2007
"0910",0,1,1,1,"München",2008
"0910",0,1,1,1,"München",2009
"0910",0,1,1,1,"München",2010
"0910",0,1,1,1,"München",2011
"0910",0,1,1,1,"München",2012
"0910",0,1,1,1,"München",2013
"0910",0,1,1,1,"München",2014
"0910",0,1,1,1,"München",2015
"0910",0,1,1,1,"München",2016
"0910",0,1,1,1,"München",2017
"0910",0,1,1,1,"München",2018
"0910",0,1,1,1,"München",2019
"0910",0,1,1,1,"München",2020
"0911",0.45075,3,5,2,"Oberfranken-Ost",1998
"0911",0.47252,3,5,2,"Oberfranken-Ost",1999
"0911",0.42679,3,5,2,"Oberfranken-Ost",2000
"0911",0.44064,3,5,2,"Oberfranken-Ost",2001
"0911",0.49199,3,6,2,"Oberfranken-Ost",2002
"0911",0.47437,3,6,2,"Oberfranken-Ost",2003
"0911",0.45893,3,6,2,"Oberfranken-Ost",2004
"0911",0.45705,3,5,2,"Oberfranken-Ost",2005
"0911",0.4573,3,5,2,"Oberfranken-Ost",2006
"0911",0.4664,3,5,2,"Oberfranken-Ost",2007
"0911",0.50176,3,5,2,"Oberfranken-Ost",2008
"0911",0.50878,3,5,2,"Oberfranken-Ost",2009
"0911",0.49279,3,5,2,"Oberfranken-Ost",2010
"0911",0.49658,3,5,2,"Oberfranken-Ost",2011
"0911",0.50632,3,5,2,"Oberfranken-Ost",2012
"0911",0.5189,3,5,2,"Oberfranken-Ost",2013
"0911",0.54052,3,5,2,"Oberfranken-Ost",2014
"0911",0.54939,3,5,2,"Oberfranken-Ost",2015
"0911",0.56204,3,5,2,"Oberfranken-Ost",2016
"0911",0.57935,3,5,2,"Oberfranken-Ost",2017
"0911",0.55203,3,5,2,"Oberfranken-Ost",2018
"0911",0.5629,3,5,2,"Oberfranken-Ost",2019
"0911",0.57771,3,5,2,"Oberfranken-Ost",2020
"0912",0.38327,2,4,2,"Oberfranken-West",1998
"0912",0.4035,2,4,2,"Oberfranken-West",1999
"0912",0.35308,2,3,2,"Oberfranken-West",2000
"0912",0.34257,2,3,2,"Oberfranken-West",2001
"0912",0.40373,2,4,2,"Oberfranken-West",2002
"0912",0.38113,2,4,2,"Oberfranken-West",2003
"0912",0.37089,2,4,2,"Oberfranken-West",2004
"0912",0.36908,2,4,2,"Oberfranken-West",2005
"0912",0.37614,2,4,2,"Oberfranken-West",2006
"0912",0.36797,2,3,2,"Oberfranken-West",2007
"0912",0.40065,2,3,2,"Oberfranken-West",2008
"0912",0.40787,2,3,2,"Oberfranken-West",2009
"0912",0.39539,2,3,2,"Oberfranken-West",2010
"0912",0.399,2,3,2,"Oberfranken-West",2011
"0912",0.4116,2,3,2,"Oberfranken-West",2012
"0912",0.416,2,3,2,"Oberfranken-West",2013
"0912",0.45309,2,3,2,"Oberfranken-West",2014
"0912",0.43025,2,3,2,"Oberfranken-West",2015
"0912",0.44948,2,3,2,"Oberfranken-West",2016
"0912",0.47514,2,3,2,"Oberfranken-West",2017
"0912",0.45214,2,3,2,"Oberfranken-West",2018
"0912",0.46472,2,3,2,"Oberfranken-West",2019
"0912",0.46598,2,3,2,"Oberfranken-West",2020
"0913",0.19279,1,1,1,"Oberland",1998
"0913",0.21241,1,1,1,"Oberland",1999
"0913",0.19181,1,1,1,"Oberland",2000
"0913",0.20467,1,1,1,"Oberland",2001
"0913",0.2144,1,1,1,"Oberland",2002
"0913",0.19558,1,1,1,"Oberland",2003
"0913",0.20885,1,1,1,"Oberland",2004
"0913",0.20916,1,1,1,"Oberland",2005
"0913",0.19352,1,1,1,"Oberland",2006
"0913",0.19614,1,1,1,"Oberland",2007
"0913",0.23063,1,1,1,"Oberland",2008
"0913",0.23254,1,1,1,"Oberland",2009
"0913",0.23467,1,1,1,"Oberland",2010
"0913",0.23513,1,1,1,"Oberland",2011
"0913",0.25015,1,1,1,"Oberland",2012
"0913",0.24942,1,1,1,"Oberland",2013
"0913",0.28924,1,1,1,"Oberland",2014
"0913",0.29374,1,1,1,"Oberland",2015
"0913",0.30959,1,1,1,"Oberland",2016
"0913",0.32989,1,1,1,"Oberland",2017
"0913",0.30798,1,1,1,"Oberland",2018
"0913",0.29942,1,1,1,"Oberland",2019
"0913",0.29766,1,1,1,"Oberland",2020
"0914",0.46453,3,5,2,"Oberpfalz-Nord",1998
"0914",0.49385,3,5,2,"Oberpfalz-Nord",1999
"0914",0.44505,3,5,2,"Oberpfalz-Nord",2000
"0914",0.44437,3,5,2,"Oberpfalz-Nord",2001
"0914",0.48443,3,6,2,"Oberpfalz-Nord",2002
"0914",0.48092,3,6,2,"Oberpfalz-Nord",2003
"0914",0.45204,3,5,2,"Oberpfalz-Nord",2004
"0914",0.45402,3,5,2,"Oberpfalz-Nord",2005
"0914",0.45437,3,5,2,"Oberpfalz-Nord",2006
"0914",0.44998,3,5,2,"Oberpfalz-Nord",2007
"0914",0.51258,3,5,2,"Oberpfalz-Nord",2008
"0914",0.53961,3,5,2,"Oberpfalz-Nord",2009
"0914",0.5122,3,5,2,"Oberpfalz-Nord",2010
"0914",0.52749,3,5,2,"Oberpfalz-Nord",2011
"0914",0.50186,3,5,2,"Oberpfalz-Nord",2012
"0914",0.51448,3,5,2,"Oberpfalz-Nord",2013
"0914",0.52907,2,4,2,"Oberpfalz-Nord",2014
"0914",0.52984,2,4,2,"Oberpfalz-Nord",2015
"0914",0.55225,2,4,2,"Oberpfalz-Nord",2016
"0914",0.56816,2,4,2,"Oberpfalz-Nord",2017
"0914",0.53444,2,4,2,"Oberpfalz-Nord",2018
"0914",0.5375,2,4,2,"Oberpfalz-Nord",2019
"0914",0.56457,2,4,2,"Oberpfalz-Nord",2020
"0915",0.34074,2,3,2,"Regensburg",1998
"0915",0.3531,2,3,2,"Regensburg",1999
"0915",0.33808,2,3,2,"Regensburg",2000
"0915",0.35439,2,4,2,"Regensburg",2001
"0915",0.36148,2,3,2,"Regensburg",2002
"0915",0.33383,2,3,2,"Regensburg",2003
"0915",0.32403,2,3,2,"Regensburg",2004
"0915",0.31078,1,2,1,"Regensburg",2005
"0915",0.30174,1,2,1,"Regensburg",2006
"0915",0.30287,1,2,1,"Regensburg",2007
"0915",0.33314,1,2,1,"Regensburg",2008
"0915",0.35585,1,2,1,"Regensburg",2009
"0915",0.34213,1,2,1,"Regensburg",2010
"0915",0.33436,1,2,1,"Regensburg",2011
"0915",0.33485,1,2,1,"Regensburg",2012
"0915",0.34525,1,2,1,"Regensburg",2013
"0915",0.36463,1,2,1,"Regensburg",2014
"0915",0.36077,1,2,1,"Regensburg",2015
"0915",0.37682,1,2,1,"Regensburg",2016
"0915",0.39643,1,2,1,"Regensburg",2017
"0915",0.37389,1,1,1,"Regensburg",2018
"0915",0.38785,1,2,1,"Regensburg",2019
"0915",0.39234,1,2,1,"Regensburg",2020
"0916",0.307,1,2,1,"Südostoberbayern",1998
"0916",0.3388,1,2,1,"Südostoberbayern",1999
"0916",0.30834,1,2,1,"Südostoberbayern",2000
"0916",0.33308,2,3,2,"Südostoberbayern",2001
"0916",0.35831,2,3,2,"Südostoberbayern",2002
"0916",0.31726,1,2,1,"Südostoberbayern",2003
"0916",0.3096,1,2,1,"Südostoberbayern",2004
"0916",0.29601,1,2,1,"Südostoberbayern",2005
"0916",0.29023,1,2,1,"Südostoberbayern",2006
"0916",0.28923,1,2,1,"Südostoberbayern",2007
"0916",0.33492,1,2,1,"Südostoberbayern",2008
"0916",0.3544,1,2,1,"Südostoberbayern",2009
"0916",0.35408,1,2,1,"Südostoberbayern",2010
"0916",0.34533,1,2,1,"Südostoberbayern",2011
"0916",0.35748,1,2,1,"Südostoberbayern",2012
"0916",0.36681,1,2,1,"Südostoberbayern",2013
"0916",0.38974,1,2,1,"Südostoberbayern",2014
"0916",0.39078,1,2,1,"Südostoberbayern",2015
"0916",0.40997,1,2,1,"Südostoberbayern",2016
"0916",0.41931,1,2,1,"Südostoberbayern",2017
"0916",0.40297,1,2,1,"Südostoberbayern",2018
"0916",0.39788,1,2,1,"Südostoberbayern",2019
"0916",0.41902,1,2,1,"Südostoberbayern",2020
"0917",0.43312,2,4,2,"Westmittelfranken",1998
"0917",0.43577,2,4,2,"Westmittelfranken",1999
"0917",0.41593,3,5,2,"Westmittelfranken",2000
"0917",0.40885,3,5,2,"Westmittelfranken",2001
"0917",0.45729,3,5,2,"Westmittelfranken",2002
"0917",0.43108,3,5,2,"Westmittelfranken",2003
"0917",0.43605,3,5,2,"Westmittelfranken",2004
"0917",0.42167,3,5,2,"Westmittelfranken",2005
"0917",0.41614,2,4,2,"Westmittelfranken",2006
"0917",0.41986,2,4,2,"Westmittelfranken",2007
"0917",0.46734,2,4,2,"Westmittelfranken",2008
"0917",0.49259,3,5,2,"Westmittelfranken",2009
"0917",0.46013,2,4,2,"Westmittelfranken",2010
"0917",0.45992,2,4,2,"Westmittelfranken",2011
"0917",0.46461,2,4,2,"Westmittelfranken",2012
"0917",0.49079,2,4,2,"Westmittelfranken",2013
"0917",0.50326,2,4,2,"Westmittelfranken",2014
"0917",0.5109,2,4,2,"Westmittelfranken",2015
"0917",0.5346,2,4,2,"Westmittelfranken",2016
"0917",0.56755,2,4,2,"Westmittelfranken",2017
"0917",0.54632,2,4,2,"Westmittelfranken",2018
"0917",0.55254,2,4,2,"Westmittelfranken",2019
"0917",0.57333,3,5,2,"Westmittelfranken",2020
"0918",0.27478,1,1,1,"Würzburg",1998
"0918",0.26976,1,1,1,"Würzburg",1999
"0918",0.25423,1,1,1,"Würzburg",2000
"0918",0.26147,1,1,1,"Würzburg",2001
"0918",0.2865,1,1,1,"Würzburg",2002
"0918",0.28074,1,2,1,"Würzburg",2003
"0918",0.25757,1,1,1,"Würzburg",2004
"0918",0.2682,1,1,1,"Würzburg",2005
"0918",0.27176,1,1,1,"Würzburg",2006
"0918",0.26673,1,1,1,"Würzburg",2007
"0918",0.30001,1,1,1,"Würzburg",2008
"0918",0.30126,1,1,1,"Würzburg",2009
"0918",0.29141,1,1,1,"Würzburg",2010
"0918",0.28818,1,1,1,"Würzburg",2011
"0918",0.3019,1,1,1,"Würzburg",2012
"0918",0.32152,1,1,1,"Würzburg",2013
"0918",0.33432,1,1,1,"Würzburg",2014
"0918",0.33968,1,1,1,"Würzburg",2015
"0918",0.36601,1,1,1,"Würzburg",2016
"0918",0.37773,1,1,1,"Würzburg",2017
"0918",0.34571,1,1,1,"Würzburg",2018
"0918",0.36162,1,1,1,"Würzburg",2019
"0918",0.36149,1,1,1,"Würzburg",2020
"1001",0.62517,4,8,2,"Saar",1998
"1001",0.64753,4,8,2,"Saar",1999
"1001",0.56539,4,7,2,"Saar",2000
"1001",0.56503,4,7,2,"Saar",2001
"1001",0.53491,4,7,2,"Saar",2002
"1001",0.51698,4,7,2,"Saar",2003
"1001",0.50391,3,6,2,"Saar",2004
"1001",0.50886,3,6,2,"Saar",2005
"1001",0.54257,4,7,2,"Saar",2006
"1001",0.57366,4,7,2,"Saar",2007
"1001",0.61177,4,7,2,"Saar",2008
"1001",0.62151,4,7,2,"Saar",2009
"1001",0.60616,4,7,2,"Saar",2010
"1001",0.5983,3,6,2,"Saar",2011
"1001",0.64821,4,7,2,"Saar",2012
"1001",0.67898,4,7,2,"Saar",2013
"1001",0.7226,4,7,2,"Saar",2014
"1001",0.71143,4,7,2,"Saar",2015
"1001",0.75518,4,8,2,"Saar",2016
"1001",0.76721,4,8,2,"Saar",2017
"1001",0.7375,4,8,2,"Saar",2018
"1001",0.76238,4,8,2,"Saar",2019
"1001",0.78011,4,8,2,"Saar",2020
"1101",0.77211,5,9,3,"Berlin",1998
"1101",0.78607,5,9,3,"Berlin",1999
"1101",0.67327,4,8,2,"Berlin",2000
"1101",0.66879,4,8,2,"Berlin",2001
"1101",0.67584,4,8,2,"Berlin",2002
"1101",0.68609,5,9,3,"Berlin",2003
"1101",0.70232,5,9,3,"Berlin",2004
"1101",0.71441,5,9,3,"Berlin",2005
"1101",0.74185,5,9,3,"Berlin",2006
"1101",0.78943,5,9,3,"Berlin",2007
"1101",0.81117,5,9,3,"Berlin",2008
"1101",0.79054,5,9,3,"Berlin",2009
"1101",0.80205,5,9,3,"Berlin",2010
"1101",0.78224,5,9,3,"Berlin",2011
"1101",0.74711,4,8,2,"Berlin",2012
"1101",0.76239,4,8,2,"Berlin",2013
"1101",0.79887,4,8,2,"Berlin",2014
"1101",0.77806,4,8,2,"Berlin",2015
"1101",0.73429,4,7,2,"Berlin",2016
"1101",0.75134,4,7,2,"Berlin",2017
"1101",0.69322,4,7,2,"Berlin",2018
"1101",0.66718,3,6,2,"Berlin",2019
"1101",0.64103,3,6,2,"Berlin",2020
"1201",0.6577,4,8,2,"Havelland-Fläming",1998
"1201",0.70453,4,8,2,"Havelland-Fläming",1999
"1201",0.67386,4,8,2,"Havelland-Fläming",2000
"1201",0.66378,4,8,2,"Havelland-Fläming",2001
"1201",0.63051,4,8,2,"Havelland-Fläming",2002
"1201",0.61551,4,8,2,"Havelland-Fläming",2003
"1201",0.65802,4,8,2,"Havelland-Fläming",2004
"1201",0.65823,4,8,2,"Havelland-Fläming",2005
"1201",0.681,4,8,2,"Havelland-Fläming",2006
"1201",0.68474,4,8,2,"Havelland-Fläming",2007
"1201",0.68272,4,8,2,"Havelland-Fläming",2008
"1201",0.65024,4,7,2,"Havelland-Fläming",2009
"1201",0.64843,4,7,2,"Havelland-Fläming",2010
"1201",0.64381,4,7,2,"Havelland-Fläming",2011
"1201",0.66691,4,7,2,"Havelland-Fläming",2012
"1201",0.6676,4,7,2,"Havelland-Fläming",2013
"1201",0.70507,4,7,2,"Havelland-Fläming",2014
"1201",0.67551,4,7,2,"Havelland-Fläming",2015
"1201",0.67153,4,7,2,"Havelland-Fläming",2016
"1201",0.67547,3,6,2,"Havelland-Fläming",2017
"1201",0.62871,3,6,2,"Havelland-Fläming",2018
"1201",0.64111,3,6,2,"Havelland-Fläming",2019
"1201",0.63315,3,5,2,"Havelland-Fläming",2020
"1202",0.72871,4,8,2,"Lausitz-Spreewald",1998
"1202",0.7686,5,9,3,"Lausitz-Spreewald",1999
"1202",0.71742,5,9,3,"Lausitz-Spreewald",2000
"1202",0.73257,5,9,3,"Lausitz-Spreewald",2001
"1202",0.69564,5,9,3,"Lausitz-Spreewald",2002
"1202",0.69083,5,9,3,"Lausitz-Spreewald",2003
"1202",0.72823,5,9,3,"Lausitz-Spreewald",2004
"1202",0.74039,5,9,3,"Lausitz-Spreewald",2005
"1202",0.76753,5,9,3,"Lausitz-Spreewald",2006
"1202",0.78076,5,9,3,"Lausitz-Spreewald",2007
"1202",0.79113,5,9,3,"Lausitz-Spreewald",2008
"1202",0.74226,5,9,3,"Lausitz-Spreewald",2009
"1202",0.73107,4,8,2,"Lausitz-Spreewald",2010
"1202",0.73131,4,8,2,"Lausitz-Spreewald",2011
"1202",0.77498,5,9,3,"Lausitz-Spreewald",2012
"1202",0.78883,4,8,2,"Lausitz-Spreewald",2013
"1202",0.82042,4,8,2,"Lausitz-Spreewald",2014
"1202",0.78535,4,8,2,"Lausitz-Spreewald",2015
"1202",0.77712,4,8,2,"Lausitz-Spreewald",2016
"1202",0.78399,4,8,2,"Lausitz-Spreewald",2017
"1202",0.75285,4,8,2,"Lausitz-Spreewald",2018
"1202",0.74407,4,8,2,"Lausitz-Spreewald",2019
"1202",0.71907,4,7,2,"Lausitz-Spreewald",2020
"1203",0.76692,5,9,3,"Oderland-Spree",1998
"1203",0.81,5,9,3,"Oderland-Spree",1999
"1203",0.76729,5,9,3,"Oderland-Spree",2000
"1203",0.77612,5,9,3,"Oderland-Spree",2001
"1203",0.73372,5,9,3,"Oderland-Spree",2002
"1203",0.72611,5,9,3,"Oderland-Spree",2003
"1203",0.76963,5,9,3,"Oderland-Spree",2004
"1203",0.77901,5,9,3,"Oderland-Spree",2005
"1203",0.79376,5,9,3,"Oderland-Spree",2006
"1203",0.81313,5,9,3,"Oderland-Spree",2007
"1203",0.81153,5,9,3,"Oderland-Spree",2008
"1203",0.77008,5,9,3,"Oderland-Spree",2009
"1203",0.76092,5,9,3,"Oderland-Spree",2010
"1203",0.74505,5,9,3,"Oderland-Spree",2011
"1203",0.7926,5,9,3,"Oderland-Spree",2012
"1203",0.79805,5,9,3,"Oderland-Spree",2013
"1203",0.8243,5,9,3,"Oderland-Spree",2014
"1203",0.82036,5,9,3,"Oderland-Spree",2015
"1203",0.7973,4,8,2,"Oderland-Spree",2016
"1203",0.80188,4,8,2,"Oderland-Spree",2017
"1203",0.78009,4,8,2,"Oderland-Spree",2018
"1203",0.77968,4,8,2,"Oderland-Spree",2019
"1203",0.74459,4,7,2,"Oderland-Spree",2020
"1204",0.8207,5,9,3,"Prignitz-Oberhavel",1998
"1204",0.86077,5,10,3,"Prignitz-Oberhavel",1999
"1204",0.80101,5,9,3,"Prignitz-Oberhavel",2000
"1204",0.81078,5,9,3,"Prignitz-Oberhavel",2001
"1204",0.77063,5,9,3,"Prignitz-Oberhavel",2002
"1204",0.76363,5,9,3,"Prignitz-Oberhavel",2003
"1204",0.81085,5,9,3,"Prignitz-Oberhavel",2004
"1204",0.80982,5,9,3,"Prignitz-Oberhavel",2005
"1204",0.84311,5,9,3,"Prignitz-Oberhavel",2006
"1204",0.85541,5,10,3,"Prignitz-Oberhavel",2007
"1204",0.86485,5,10,3,"Prignitz-Oberhavel",2008
"1204",0.82455,5,10,3,"Prignitz-Oberhavel",2009
"1204",0.82501,5,10,3,"Prignitz-Oberhavel",2010
"1204",0.84267,5,10,3,"Prignitz-Oberhavel",2011
"1204",0.84551,5,10,3,"Prignitz-Oberhavel",2012
"1204",0.84251,5,9,3,"Prignitz-Oberhavel",2013
"1204",0.86923,5,9,3,"Prignitz-Oberhavel",2014
"1204",0.85094,5,9,3,"Prignitz-Oberhavel",2015
"1204",0.87029,5,10,3,"Prignitz-Oberhavel",2016
"1204",0.86301,5,9,3,"Prignitz-Oberhavel",2017
"1204",0.80347,5,9,3,"Prignitz-Oberhavel",2018
"1204",0.82272,5,9,3,"Prignitz-Oberhavel",2019
"1204",0.79544,4,8,2,"Prignitz-Oberhavel",2020
"1205",0.85444,5,10,3,"Uckermark-Barnim",1998
"1205",0.9031,5,10,3,"Uckermark-Barnim",1999
"1205",0.8438,5,10,3,"Uckermark-Barnim",2000
"1205",0.8339,5,10,3,"Uckermark-Barnim",2001
"1205",0.81793,5,10,3,"Uckermark-Barnim",2002
"1205",0.79853,5,10,3,"Uckermark-Barnim",2003
"1205",0.83631,5,10,3,"Uckermark-Barnim",2004
"1205",0.82763,5,10,3,"Uckermark-Barnim",2005
"1205",0.8528,5,10,3,"Uckermark-Barnim",2006
"1205",0.88393,5,10,3,"Uckermark-Barnim",2007
"1205",0.8668,5,10,3,"Uckermark-Barnim",2008
"1205",0.82268,5,9,3,"Uckermark-Barnim",2009
"1205",0.79201,5,9,3,"Uckermark-Barnim",2010
"1205",0.83693,5,10,3,"Uckermark-Barnim",2011
"1205",0.87134,5,10,3,"Uckermark-Barnim",2012
"1205",0.85457,5,10,3,"Uckermark-Barnim",2013
"1205",0.90143,5,10,3,"Uckermark-Barnim",2014
"1205",0.85788,5,10,3,"Uckermark-Barnim",2015
"1205",0.85908,5,9,3,"Uckermark-Barnim",2016
"1205",0.86874,5,9,3,"Uckermark-Barnim",2017
"1205",0.83051,5,9,3,"Uckermark-Barnim",2018
"1205",0.82206,5,9,3,"Uckermark-Barnim",2019
"1205",0.80677,4,8,2,"Uckermark-Barnim",2020
"1301",0.88458,5,10,3,"Mecklenburgische Seenplatte",1998
"1301",0.91023,5,10,3,"Mecklenburgische Seenplatte",1999
"1301",0.87259,5,10,3,"Mecklenburgische Seenplatte",2000
"1301",0.93657,5,10,3,"Mecklenburgische Seenplatte",2001
"1301",0.88548,5,10,3,"Mecklenburgische Seenplatte",2002
"1301",0.85892,5,10,3,"Mecklenburgische Seenplatte",2003
"1301",0.90381,5,10,3,"Mecklenburgische Seenplatte",2004
"1301",0.90957,5,10,3,"Mecklenburgische Seenplatte",2005
"1301",0.93497,5,10,3,"Mecklenburgische Seenplatte",2006
"1301",0.96439,5,10,3,"Mecklenburgische Seenplatte",2007
"1301",0.96214,5,10,3,"Mecklenburgische Seenplatte",2008
"1301",0.97662,5,10,3,"Mecklenburgische Seenplatte",2009
"1301",0.97376,5,10,3,"Mecklenburgische Seenplatte",2010
"1301",1,5,10,3,"Mecklenburgische Seenplatte",2011
"1301",0.99046,5,10,3,"Mecklenburgische Seenplatte",2012
"1301",0.958,5,10,3,"Mecklenburgische Seenplatte",2013
"1301",0.96358,5,10,3,"Mecklenburgische Seenplatte",2014
"1301",0.93586,5,10,3,"Mecklenburgische Seenplatte",2015
"1301",0.95774,5,10,3,"Mecklenburgische Seenplatte",2016
"1301",0.96309,5,10,3,"Mecklenburgische Seenplatte",2017
"1301",0.91174,5,10,3,"Mecklenburgische Seenplatte",2018
"1301",0.90094,5,10,3,"Mecklenburgische Seenplatte",2019
"1301",0.88622,5,10,3,"Mecklenburgische Seenplatte",2020
"1302",0.82625,5,10,3,"Mittleres Mecklenburg/Rostock",1998
"1302",0.84558,5,9,3,"Mittleres Mecklenburg/Rostock",1999
"1302",0.79046,5,9,3,"Mittleres Mecklenburg/Rostock",2000
"1302",0.83729,5,10,3,"Mittleres Mecklenburg/Rostock",2001
"1302",0.78573,5,9,3,"Mittleres Mecklenburg/Rostock",2002
"1302",0.77997,5,10,3,"Mittleres Mecklenburg/Rostock",2003
"1302",0.81736,5,10,3,"Mittleres Mecklenburg/Rostock",2004
"1302",0.83109,5,10,3,"Mittleres Mecklenburg/Rostock",2005
"1302",0.8488,5,10,3,"Mittleres Mecklenburg/Rostock",2006
"1302",0.85159,5,10,3,"Mittleres Mecklenburg/Rostock",2007
"1302",0.85706,5,10,3,"Mittleres Mecklenburg/Rostock",2008
"1302",0.8659,5,10,3,"Mittleres Mecklenburg/Rostock",2009
"1302",0.85622,5,10,3,"Mittleres Mecklenburg/Rostock",2010
"1302",0.84482,5,10,3,"Mittleres Mecklenburg/Rostock",2011
"1302",0.8299,5,9,3,"Mittleres Mecklenburg/Rostock",2012
"1302",0.84868,5,9,3,"Mittleres Mecklenburg/Rostock",2013
"1302",0.82764,5,9,3,"Mittleres Mecklenburg/Rostock",2014
"1302",0.80741,5,9,3,"Mittleres Mecklenburg/Rostock",2015
"1302",0.82289,5,9,3,"Mittleres Mecklenburg/Rostock",2016
"1302",0.82595,4,8,2,"Mittleres Mecklenburg/Rostock",2017
"1302",0.75787,4,8,2,"Mittleres Mecklenburg/Rostock",2018
"1302",0.79346,4,8,2,"Mittleres Mecklenburg/Rostock",2019
"1302",0.77393,4,8,2,"Mittleres Mecklenburg/Rostock",2020
"1303",0.91653,5,10,3,"Vorpommern",1998
"1303",0.95245,5,10,3,"Vorpommern",1999
"1303",0.89634,5,10,3,"Vorpommern",2000
"1303",0.94581,5,10,3,"Vorpommern",2001
"1303",0.91183,5,10,3,"Vorpommern",2002
"1303",0.909,5,10,3,"Vorpommern",2003
"1303",0.95198,5,10,3,"Vorpommern",2004
"1303",0.94987,5,10,3,"Vorpommern",2005
"1303",0.98885,5,10,3,"Vorpommern",2006
"1303",0.96886,5,10,3,"Vorpommern",2007
"1303",0.99099,5,10,3,"Vorpommern",2008
"1303",0.96569,5,10,3,"Vorpommern",2009
"1303",0.97973,5,10,3,"Vorpommern",2010
"1303",0.98671,5,10,3,"Vorpommern",2011
"1303",0.96271,5,10,3,"Vorpommern",2012
"1303",1,5,10,3,"Vorpommern",2013
"1303",0.99301,5,10,3,"Vorpommern",2014
"1303",0.96487,5,10,3,"Vorpommern",2015
"1303",0.96101,5,10,3,"Vorpommern",2016
"1303",0.95767,5,10,3,"Vorpommern",2017
"1303",0.92412,5,10,3,"Vorpommern",2018
"1303",0.91884,5,10,3,"Vorpommern",2019
"1303",0.9219,5,10,3,"Vorpommern",2020
"1304",0.86191,5,10,3,"Westmecklenburg",1998
"1304",0.89792,5,10,3,"Westmecklenburg",1999
"1304",0.85365,5,10,3,"Westmecklenburg",2000
"1304",0.86915,5,10,3,"Westmecklenburg",2001
"1304",0.81642,5,10,3,"Westmecklenburg",2002
"1304",0.80612,5,10,3,"Westmecklenburg",2003
"1304",0.82763,5,10,3,"Westmecklenburg",2004
"1304",0.84452,5,10,3,"Westmecklenburg",2005
"1304",0.88565,5,10,3,"Westmecklenburg",2006
"1304",0.90829,5,10,3,"Westmecklenburg",2007
"1304",0.90831,5,10,3,"Westmecklenburg",2008
"1304",0.91914,5,10,3,"Westmecklenburg",2009
"1304",0.93196,5,10,3,"Westmecklenburg",2010
"1304",0.93918,5,10,3,"Westmecklenburg",2011
"1304",0.8779,5,10,3,"Westmecklenburg",2012
"1304",0.8824,5,10,3,"Westmecklenburg",2013
"1304",0.87978,5,10,3,"Westmecklenburg",2014
"1304",0.8736,5,10,3,"Westmecklenburg",2015
"1304",0.87308,5,10,3,"Westmecklenburg",2016
"1304",0.88748,5,9,3,"Westmecklenburg",2017
"1304",0.85643,5,10,3,"Westmecklenburg",2018
"1304",0.85368,5,9,3,"Westmecklenburg",2019
"1304",0.85578,5,9,3,"Westmecklenburg",2020
"1401",0.59602,4,7,2,"Oberes Elbtal/Osterzgebirge",1998
"1401",0.63396,4,7,2,"Oberes Elbtal/Osterzgebirge",1999
"1401",0.62905,4,8,2,"Oberes Elbtal/Osterzgebirge",2000
"1401",0.62533,4,8,2,"Oberes Elbtal/Osterzgebirge",2001
"1401",0.55609,4,7,2,"Oberes Elbtal/Osterzgebirge",2002
"1401",0.52794,4,7,2,"Oberes Elbtal/Osterzgebirge",2003
"1401",0.524,4,7,2,"Oberes Elbtal/Osterzgebirge",2004
"1401",0.53494,4,7,2,"Oberes Elbtal/Osterzgebirge",2005
"1401",0.55149,4,7,2,"Oberes Elbtal/Osterzgebirge",2006
"1401",0.55888,3,6,2,"Oberes Elbtal/Osterzgebirge",2007
"1401",0.57115,3,6,2,"Oberes Elbtal/Osterzgebirge",2008
"1401",0.56322,3,6,2,"Oberes Elbtal/Osterzgebirge",2009
"1401",0.57435,3,6,2,"Oberes Elbtal/Osterzgebirge",2010
"1401",0.55995,3,6,2,"Oberes Elbtal/Osterzgebirge",2011
"1401",0.57906,3,6,2,"Oberes Elbtal/Osterzgebirge",2012
"1401",0.59859,3,6,2,"Oberes Elbtal/Osterzgebirge",2013
"1401",0.61025,3,5,2,"Oberes Elbtal/Osterzgebirge",2014
"1401",0.58826,3,5,2,"Oberes Elbtal/Osterzgebirge",2015
"1401",0.57413,3,5,2,"Oberes Elbtal/Osterzgebirge",2016
"1401",0.60721,3,5,2,"Oberes Elbtal/Osterzgebirge",2017
"1401",0.56472,3,5,2,"Oberes Elbtal/Osterzgebirge",2018
"1401",0.57278,3,5,2,"Oberes Elbtal/Osterzgebirge",2019
"1401",0.56955,2,4,2,"Oberes Elbtal/Osterzgebirge",2020
"1402",0.79467,5,9,3,"Oberlausitz-Niederschlesien",1998
"1402",0.85285,5,9,3,"Oberlausitz-Niederschlesien",1999
"1402",0.82425,5,10,3,"Oberlausitz-Niederschlesien",2000
"1402",0.8162,5,9,3,"Oberlausitz-Niederschlesien",2001
"1402",0.79573,5,10,3,"Oberlausitz-Niederschlesien",2002
"1402",0.76134,5,9,3,"Oberlausitz-Niederschlesien",2003
"1402",0.77099,5,9,3,"Oberlausitz-Niederschlesien",2004
"1402",0.75927,5,9,3,"Oberlausitz-Niederschlesien",2005
"1402",0.77116,5,9,3,"Oberlausitz-Niederschlesien",2006
"1402",0.79,5,9,3,"Oberlausitz-Niederschlesien",2007
"1402",0.7966,5,9,3,"Oberlausitz-Niederschlesien",2008
"1402",0.78729,5,9,3,"Oberlausitz-Niederschlesien",2009
"1402",0.77104,5,9,3,"Oberlausitz-Niederschlesien",2010
"1402",0.77136,5,9,3,"Oberlausitz-Niederschlesien",2011
"1402",0.81374,5,9,3,"Oberlausitz-Niederschlesien",2012
"1402",0.81391,5,9,3,"Oberlausitz-Niederschlesien",2013
"1402",0.79438,4,8,2,"Oberlausitz-Niederschlesien",2014
"1402",0.80305,4,8,2,"Oberlausitz-Niederschlesien",2015
"1402",0.80531,4,8,2,"Oberlausitz-Niederschlesien",2016
"1402",0.79767,4,8,2,"Oberlausitz-Niederschlesien",2017
"1402",0.7694,4,8,2,"Oberlausitz-Niederschlesien",2018
"1402",0.76447,4,8,2,"Oberlausitz-Niederschlesien",2019
"1402",0.77419,4,8,2,"Oberlausitz-Niederschlesien",2020
"1403",0.74512,5,9,3,"Südsachsen",1998
"1403",0.81098,5,9,3,"Südsachsen",1999
"1403",0.76137,5,9,3,"Südsachsen",2000
"1403",0.76336,5,9,3,"Südsachsen",2001
"1403",0.72329,5,9,3,"Südsachsen",2002
"1403",0.69505,5,9,3,"Südsachsen",2003
"1403",0.68498,4,8,2,"Südsachsen",2004
"1403",0.69602,4,8,2,"Südsachsen",2005
"1403",0.69443,4,8,2,"Südsachsen",2006
"1403",0.71326,4,8,2,"Südsachsen",2007
"1403",0.71809,4,8,2,"Südsachsen",2008
"1403",0.71969,4,8,2,"Südsachsen",2009
"1403",0.7127,4,8,2,"Südsachsen",2010
"1403",0.69972,4,8,2,"Südsachsen",2011
"1403",0.72164,4,8,2,"Südsachsen",2012
"1403",0.7544,4,8,2,"Südsachsen",2013
"1403",0.7641,4,8,2,"Südsachsen",2014
"1403",0.74818,4,8,2,"Südsachsen",2015
"1403",0.74427,4,7,2,"Südsachsen",2016
"1403",0.7653,4,7,2,"Südsachsen",2017
"1403",0.73129,4,7,2,"Südsachsen",2018
"1403",0.74038,4,7,2,"Südsachsen",2019
"1403",0.74888,4,8,2,"Südsachsen",2020
"1404",0.78074,5,9,3,"Westsachsen",1998
"1404",0.81844,5,9,3,"Westsachsen",1999
"1404",0.78263,5,9,3,"Westsachsen",2000
"1404",0.79336,5,9,3,"Westsachsen",2001
"1404",0.74652,5,9,3,"Westsachsen",2002
"1404",0.71783,5,9,3,"Westsachsen",2003
"1404",0.72927,5,9,3,"Westsachsen",2004
"1404",0.74031,5,9,3,"Westsachsen",2005
"1404",0.75729,5,9,3,"Westsachsen",2006
"1404",0.78165,5,9,3,"Westsachsen",2007
"1404",0.78517,5,9,3,"Westsachsen",2008
"1404",0.76212,5,9,3,"Westsachsen",2009
"1404",0.79142,5,9,3,"Westsachsen",2010
"1404",0.78859,5,9,3,"Westsachsen",2011
"1404",0.7776,5,9,3,"Westsachsen",2012
"1404",0.80098,5,9,3,"Westsachsen",2013
"1404",0.79324,4,8,2,"Westsachsen",2014
"1404",0.75165,4,8,2,"Westsachsen",2015
"1404",0.75024,4,8,2,"Westsachsen",2016
"1404",0.74802,4,7,2,"Westsachsen",2017
"1404",0.72112,4,7,2,"Westsachsen",2018
"1404",0.72525,4,7,2,"Westsachsen",2019
"1404",0.72273,4,7,2,"Westsachsen",2020
"1501",1,5,10,3,"Altmark",1998
"1501",1,5,10,3,"Altmark",1999
"1501",1,5,10,3,"Altmark",2000
"1501",1,5,10,3,"Altmark",2001
"1501",1,5,10,3,"Altmark",2002
"1501",1,5,10,3,"Altmark",2003
"1501",1,5,10,3,"Altmark",2004
"1501",1,5,10,3,"Altmark",2005
"1501",1,5,10,3,"Altmark",2006
"1501",1,5,10,3,"Altmark",2007
"1501",1,5,10,3,"Altmark",2008
"1501",1,5,10,3,"Altmark",2009
"1501",1,5,10,3,"Altmark",2010
"1501",0.99829,5,10,3,"Altmark",2011
"1501",1,5,10,3,"Altmark",2012
"1501",0.98548,5,10,3,"Altmark",2013
"1501",1,5,10,3,"Altmark",2014
"1501",1,5,10,3,"Altmark",2015
"1501",1,5,10,3,"Altmark",2016
"1501",1,5,10,3,"Altmark",2017
"1501",1,5,10,3,"Altmark",2018
"1501",1,5,10,3,"Altmark",2019
"1501",1,5,10,3,"Altmark",2020
"1502",0.90629,5,10,3,"Anhalt-Bitterfeld-Wittenberg",1998
"1502",0.92414,5,10,3,"Anhalt-Bitterfeld-Wittenberg",1999
"1502",0.90732,5,10,3,"Anhalt-Bitterfeld-Wittenberg",2000
"1502",0.92845,5,10,3,"Anhalt-Bitterfeld-Wittenberg",2001
"1502",0.87711,5,10,3,"Anhalt-Bitterfeld-Wittenberg",2002
"1502",0.8425,5,10,3,"Anhalt-Bitterfeld-Wittenberg",2003
"1502",0.86193,5,10,3,"Anhalt-Bitterfeld-Wittenberg",2004
"1502",0.83442,5,10,3,"Anhalt-Bitterfeld-Wittenberg",2005
"1502",0.84588,5,10,3,"Anhalt-Bitterfeld-Wittenberg",2006
"1502",0.84998,5,9,3,"Anhalt-Bitterfeld-Wittenberg",2007
"1502",0.86667,5,10,3,"Anhalt-Bitterfeld-Wittenberg",2008
"1502",0.84722,5,10,3,"Anhalt-Bitterfeld-Wittenberg",2009
"1502",0.8643,5,10,3,"Anhalt-Bitterfeld-Wittenberg",2010
"1502",0.8614,5,10,3,"Anhalt-Bitterfeld-Wittenberg",2011
"1502",0.87906,5,10,3,"Anhalt-Bitterfeld-Wittenberg",2012
"1502",0.91288,5,10,3,"Anhalt-Bitterfeld-Wittenberg",2013
"1502",0.9171,5,10,3,"Anhalt-Bitterfeld-Wittenberg",2014
"1502",0.90334,5,10,3,"Anhalt-Bitterfeld-Wittenberg",2015
"1502",0.90071,5,10,3,"Anhalt-Bitterfeld-Wittenberg",2016
"1502",0.92547,5,10,3,"Anhalt-Bitterfeld-Wittenberg",2017
"1502",0.89813,5,10,3,"Anhalt-Bitterfeld-Wittenberg",2018
"1502",0.90121,5,10,3,"Anhalt-Bitterfeld-Wittenberg",2019
"1502",0.90836,5,10,3,"Anhalt-Bitterfeld-Wittenberg",2020
"1503",0.92937,5,10,3,"Halle/S.",1998
"1503",0.94974,5,10,3,"Halle/S.",1999
"1503",0.92231,5,10,3,"Halle/S.",2000
"1503",0.94205,5,10,3,"Halle/S.",2001
"1503",0.89764,5,10,3,"Halle/S.",2002
"1503",0.90251,5,10,3,"Halle/S.",2003
"1503",0.89162,5,10,3,"Halle/S.",2004
"1503",0.88054,5,10,3,"Halle/S.",2005
"1503",0.88296,5,10,3,"Halle/S.",2006
"1503",0.90449,5,10,3,"Halle/S.",2007
"1503",0.93379,5,10,3,"Halle/S.",2008
"1503",0.90857,5,10,3,"Halle/S.",2009
"1503",0.92012,5,10,3,"Halle/S.",2010
"1503",0.91852,5,10,3,"Halle/S.",2011
"1503",0.92648,5,10,3,"Halle/S.",2012
"1503",0.94902,5,10,3,"Halle/S.",2013
"1503",0.96222,5,10,3,"Halle/S.",2014
"1503",0.9712,5,10,3,"Halle/S.",2015
"1503",0.93391,5,10,3,"Halle/S.",2016
"1503",0.95857,5,10,3,"Halle/S.",2017
"1503",0.92056,5,10,3,"Halle/S.",2018
"1503",0.9307,5,10,3,"Halle/S.",2019
"1503",0.92151,5,10,3,"Halle/S.",2020
"1504",0.90522,5,10,3,"Magdeburg",1998
"1504",0.94396,5,10,3,"Magdeburg",1999
"1504",0.90772,5,10,3,"Magdeburg",2000
"1504",0.90406,5,10,3,"Magdeburg",2001
"1504",0.89612,5,10,3,"Magdeburg",2002
"1504",0.86575,5,10,3,"Magdeburg",2003
"1504",0.87055,5,10,3,"Magdeburg",2004
"1504",0.8512,5,10,3,"Magdeburg",2005
"1504",0.84953,5,10,3,"Magdeburg",2006
"1504",0.86088,5,10,3,"Magdeburg",2007
"1504",0.8735,5,10,3,"Magdeburg",2008
"1504",0.85429,5,10,3,"Magdeburg",2009
"1504",0.87212,5,10,3,"Magdeburg",2010
"1504",0.86753,5,10,3,"Magdeburg",2011
"1504",0.86699,5,10,3,"Magdeburg",2012
"1504",0.88301,5,10,3,"Magdeburg",2013
"1504",0.90509,5,10,3,"Magdeburg",2014
"1504",0.89998,5,10,3,"Magdeburg",2015
"1504",0.88484,5,10,3,"Magdeburg",2016
"1504",0.90296,5,10,3,"Magdeburg",2017
"1504",0.8756,5,10,3,"Magdeburg",2018
"1504",0.88334,5,10,3,"Magdeburg",2019
"1504",0.87637,5,10,3,"Magdeburg",2020
"1601",0.81097,5,9,3,"Mittelthüringen",1998
"1601",0.81239,5,9,3,"Mittelthüringen",1999
"1601",0.77442,5,9,3,"Mittelthüringen",2000
"1601",0.76853,5,9,3,"Mittelthüringen",2001
"1601",0.71324,5,9,3,"Mittelthüringen",2002
"1601",0.67103,4,8,2,"Mittelthüringen",2003
"1601",0.73624,5,9,3,"Mittelthüringen",2004
"1601",0.72373,5,9,3,"Mittelthüringen",2005
"1601",0.73899,5,9,3,"Mittelthüringen",2006
"1601",0.73494,5,9,3,"Mittelthüringen",2007
"1601",0.71907,4,8,2,"Mittelthüringen",2008
"1601",0.70857,4,8,2,"Mittelthüringen",2009
"1601",0.72438,4,8,2,"Mittelthüringen",2010
"1601",0.71531,4,8,2,"Mittelthüringen",2011
"1601",0.71957,4,8,2,"Mittelthüringen",2012
"1601",0.73139,4,8,2,"Mittelthüringen",2013
"1601",0.73724,4,8,2,"Mittelthüringen",2014
"1601",0.74058,4,7,2,"Mittelthüringen",2015
"1601",0.73286,4,7,2,"Mittelthüringen",2016
"1601",0.78317,4,8,2,"Mittelthüringen",2017
"1601",0.75879,4,8,2,"Mittelthüringen",2018
"1601",0.76196,4,8,2,"Mittelthüringen",2019
"1601",0.76478,4,8,2,"Mittelthüringen",2020
"1602",0.88904,5,10,3,"Nordthüringen",1998
"1602",0.88756,5,10,3,"Nordthüringen",1999
"1602",0.85185,5,10,3,"Nordthüringen",2000
"1602",0.8629,5,10,3,"Nordthüringen",2001
"1602",0.84745,5,10,3,"Nordthüringen",2002
"1602",0.78659,5,10,3,"Nordthüringen",2003
"1602",0.82088,5,10,3,"Nordthüringen",2004
"1602",0.8171,5,10,3,"Nordthüringen",2005
"1602",0.84713,5,10,3,"Nordthüringen",2006
"1602",0.85327,5,10,3,"Nordthüringen",2007
"1602",0.83283,5,9,3,"Nordthüringen",2008
"1602",0.84033,5,10,3,"Nordthüringen",2009
"1602",0.85645,5,10,3,"Nordthüringen",2010
"1602",0.83252,5,9,3,"Nordthüringen",2011
"1602",0.85679,5,10,3,"Nordthüringen",2012
"1602",0.89088,5,10,3,"Nordthüringen",2013
"1602",0.88711,5,10,3,"Nordthüringen",2014
"1602",0.88322,5,10,3,"Nordthüringen",2015
"1602",0.87937,5,10,3,"Nordthüringen",2016
"1602",0.89587,5,10,3,"Nordthüringen",2017
"1602",0.87331,5,10,3,"Nordthüringen",2018
"1602",0.88849,5,10,3,"Nordthüringen",2019
"1602",0.87574,5,10,3,"Nordthüringen",2020
"1603",0.73962,4,8,2,"Ostthüringen",1998
"1603",0.75837,4,8,2,"Ostthüringen",1999
"1603",0.71409,5,9,3,"Ostthüringen",2000
"1603",0.72002,5,9,3,"Ostthüringen",2001
"1603",0.66969,4,8,2,"Ostthüringen",2002
"1603",0.63401,4,8,2,"Ostthüringen",2003
"1603",0.66258,4,8,2,"Ostthüringen",2004
"1603",0.66679,4,8,2,"Ostthüringen",2005
"1603",0.66207,4,8,2,"Ostthüringen",2006
"1603",0.66871,4,8,2,"Ostthüringen",2007
"1603",0.68946,4,8,2,"Ostthüringen",2008
"1603",0.6893,4,8,2,"Ostthüringen",2009
"1603",0.67917,4,8,2,"Ostthüringen",2010
"1603",0.67455,4,7,2,"Ostthüringen",2011
"1603",0.68542,4,7,2,"Ostthüringen",2012
"1603",0.70094,4,7,2,"Ostthüringen",2013
"1603",0.72321,4,7,2,"Ostthüringen",2014
"1603",0.71498,4,7,2,"Ostthüringen",2015
"1603",0.7138,4,7,2,"Ostthüringen",2016
"1603",0.72034,4,7,2,"Ostthüringen",2017
"1603",0.70523,4,7,2,"Ostthüringen",2018
"1603",0.72035,4,7,2,"Ostthüringen",2019
"1603",0.72222,4,7,2,"Ostthüringen",2020
"1604",0.78144,5,9,3,"Südthüringen",1998
"1604",0.79715,5,9,3,"Südthüringen",1999
"1604",0.77947,5,9,3,"Südthüringen",2000
"1604",0.762,5,9,3,"Südthüringen",2001
"1604",0.71628,5,9,3,"Südthüringen",2002
"1604",0.67064,4,8,2,"Südthüringen",2003
"1604",0.70973,5,9,3,"Südthüringen",2004
"1604",0.70642,5,9,3,"Südthüringen",2005
"1604",0.72138,5,9,3,"Südthüringen",2006
"1604",0.6993,4,8,2,"Südthüringen",2007
"1604",0.70727,4,8,2,"Südthüringen",2008
"1604",0.71956,4,8,2,"Südthüringen",2009
"1604",0.70628,4,8,2,"Südthüringen",2010
"1604",0.67958,4,8,2,"Südthüringen",2011
"1604",0.69655,4,8,2,"Südthüringen",2012
"1604",0.73371,4,8,2,"Südthüringen",2013
"1604",0.75388,4,8,2,"Südthüringen",2014
"1604",0.75226,4,8,2,"Südthüringen",2015
"1604",0.75765,4,8,2,"Südthüringen",2016
"1604",0.80361,4,8,2,"Südthüringen",2017
"1604",0.77675,4,8,2,"Südthüringen",2018
"1604",0.79838,4,8,2,"Südthüringen",2019
"1604",0.80706,4,8,2,"Südthüringen",2020
