"nuts_2_id","gisd_score","gisd_5","gisd_10","gisd_k","nuts_2_name","year"
"DE11",0.15276,1,1,1,"Stuttgart",1998
"DE11",0.16116,1,1,1,"Stuttgart",1999
"DE11",0.15038,1,1,1,"Stuttgart",2000
"DE11",0.1279,1,1,1,"Stuttgart",2001
"DE11",0.1683,1,1,1,"Stuttgart",2002
"DE11",0.14959,1,1,1,"Stuttgart",2003
"DE11",0.12678,1,1,1,"Stuttgart",2004
"DE11",0.12123,1,1,1,"Stuttgart",2005
"DE11",0.11421,1,1,1,"Stuttgart",2006
"DE11",0.10471,1,1,1,"Stuttgart",2007
"DE11",0.13463,1,1,1,"Stuttgart",2008
"DE11",0.17308,1,1,1,"Stuttgart",2009
"DE11",0.16819,1,1,1,"Stuttgart",2010
"DE11",0.1331,1,1,1,"Stuttgart",2011
"DE11",0.20428,1,1,1,"Stuttgart",2012
"DE11",0.19008,1,1,1,"Stuttgart",2013
"DE11",0.22187,1,1,1,"Stuttgart",2014
"DE11",0.22047,1,1,1,"Stuttgart",2015
"DE11",0.24672,1,1,1,"Stuttgart",2016
"DE11",0.25152,1,1,1,"Stuttgart",2017
"DE11",0.23981,1,1,1,"Stuttgart",2018
"DE11",0.23611,1,1,1,"Stuttgart",2019
"DE12",0.24636,1,1,1,"Karlsruhe",1998
"DE12",0.25561,1,2,1,"Karlsruhe",1999
"DE12",0.23078,1,1,1,"Karlsruhe",2000
"DE12",0.19849,1,1,1,"Karlsruhe",2001
"DE12",0.22088,1,1,1,"Karlsruhe",2002
"DE12",0.21768,1,1,1,"Karlsruhe",2003
"DE12",0.20741,1,1,1,"Karlsruhe",2004
"DE12",0.2161,1,1,1,"Karlsruhe",2005
"DE12",0.20856,1,1,1,"Karlsruhe",2006
"DE12",0.21014,1,1,1,"Karlsruhe",2007
"DE12",0.24025,1,1,1,"Karlsruhe",2008
"DE12",0.26795,1,1,1,"Karlsruhe",2009
"DE12",0.26348,1,1,1,"Karlsruhe",2010
"DE12",0.23796,1,2,1,"Karlsruhe",2011
"DE12",0.2985,1,2,1,"Karlsruhe",2012
"DE12",0.29159,1,2,1,"Karlsruhe",2013
"DE12",0.33847,1,2,1,"Karlsruhe",2014
"DE12",0.33418,1,2,1,"Karlsruhe",2015
"DE12",0.36745,1,2,1,"Karlsruhe",2016
"DE12",0.385,1,2,1,"Karlsruhe",2017
"DE12",0.38956,1,2,1,"Karlsruhe",2018
"DE12",0.38072,1,2,1,"Karlsruhe",2019
"DE13",0.39096,2,4,2,"Freiburg",1998
"DE13",0.40728,2,4,2,"Freiburg",1999
"DE13",0.37511,2,4,2,"Freiburg",2000
"DE13",0.35823,2,4,2,"Freiburg",2001
"DE13",0.39341,2,4,2,"Freiburg",2002
"DE13",0.37563,2,3,2,"Freiburg",2003
"DE13",0.3691,2,4,2,"Freiburg",2004
"DE13",0.36353,2,3,2,"Freiburg",2005
"DE13",0.35767,2,3,2,"Freiburg",2006
"DE13",0.3827,2,3,2,"Freiburg",2007
"DE13",0.40381,2,3,2,"Freiburg",2008
"DE13",0.44243,2,4,2,"Freiburg",2009
"DE13",0.4245,2,4,2,"Freiburg",2010
"DE13",0.39587,2,3,2,"Freiburg",2011
"DE13",0.4685,2,4,2,"Freiburg",2012
"DE13",0.46753,2,4,2,"Freiburg",2013
"DE13",0.50912,2,4,2,"Freiburg",2014
"DE13",0.48949,2,4,2,"Freiburg",2015
"DE13",0.52078,2,4,2,"Freiburg",2016
"DE13",0.55326,2,4,2,"Freiburg",2017
"DE13",0.53114,2,4,2,"Freiburg",2018
"DE13",0.53345,2,4,2,"Freiburg",2019
"DE14",0.24729,1,2,1,"Tübingen",1998
"DE14",0.24937,1,1,1,"Tübingen",1999
"DE14",0.25424,1,2,1,"Tübingen",2000
"DE14",0.21954,1,2,1,"Tübingen",2001
"DE14",0.26495,1,2,1,"Tübingen",2002
"DE14",0.24892,1,2,1,"Tübingen",2003
"DE14",0.24219,1,2,1,"Tübingen",2004
"DE14",0.22817,1,2,1,"Tübingen",2005
"DE14",0.22621,1,2,1,"Tübingen",2006
"DE14",0.22944,1,2,1,"Tübingen",2007
"DE14",0.24736,1,2,1,"Tübingen",2008
"DE14",0.27834,1,2,1,"Tübingen",2009
"DE14",0.26692,1,2,1,"Tübingen",2010
"DE14",0.22481,1,1,1,"Tübingen",2011
"DE14",0.29507,1,2,1,"Tübingen",2012
"DE14",0.29332,1,2,1,"Tübingen",2013
"DE14",0.31037,1,2,1,"Tübingen",2014
"DE14",0.33869,1,2,1,"Tübingen",2015
"DE14",0.3492,1,2,1,"Tübingen",2016
"DE14",0.36627,1,2,1,"Tübingen",2017
"DE14",0.35744,1,2,1,"Tübingen",2018
"DE14",0.36757,1,2,1,"Tübingen",2019
"DE21",0,1,1,1,"Oberbayern",1998
"DE21",0,1,1,1,"Oberbayern",1999
"DE21",0,1,1,1,"Oberbayern",2000
"DE21",0,1,1,1,"Oberbayern",2001
"DE21",0,1,1,1,"Oberbayern",2002
"DE21",0,1,1,1,"Oberbayern",2003
"DE21",0,1,1,1,"Oberbayern",2004
"DE21",0,1,1,1,"Oberbayern",2005
"DE21",0,1,1,1,"Oberbayern",2006
"DE21",0,1,1,1,"Oberbayern",2007
"DE21",0,1,1,1,"Oberbayern",2008
"DE21",0,1,1,1,"Oberbayern",2009
"DE21",0,1,1,1,"Oberbayern",2010
"DE21",0,1,1,1,"Oberbayern",2011
"DE21",0,1,1,1,"Oberbayern",2012
"DE21",0,1,1,1,"Oberbayern",2013
"DE21",0,1,1,1,"Oberbayern",2014
"DE21",0,1,1,1,"Oberbayern",2015
"DE21",0,1,1,1,"Oberbayern",2016
"DE21",0,1,1,1,"Oberbayern",2017
"DE21",0,1,1,1,"Oberbayern",2018
"DE21",0,1,1,1,"Oberbayern",2019
"DE22",0.40429,2,4,2,"Niederbayern",1998
"DE22",0.41671,2,4,2,"Niederbayern",1999
"DE22",0.3931,3,5,2,"Niederbayern",2000
"DE22",0.3861,3,5,2,"Niederbayern",2001
"DE22",0.44433,3,6,2,"Niederbayern",2002
"DE22",0.42366,3,5,2,"Niederbayern",2003
"DE22",0.41377,3,5,2,"Niederbayern",2004
"DE22",0.40586,2,4,2,"Niederbayern",2005
"DE22",0.39335,2,4,2,"Niederbayern",2006
"DE22",0.38364,2,4,2,"Niederbayern",2007
"DE22",0.43943,2,4,2,"Niederbayern",2008
"DE22",0.45791,3,5,2,"Niederbayern",2009
"DE22",0.44366,2,4,2,"Niederbayern",2010
"DE22",0.4341,2,4,2,"Niederbayern",2011
"DE22",0.44128,2,4,2,"Niederbayern",2012
"DE22",0.43986,2,3,2,"Niederbayern",2013
"DE22",0.46723,2,4,2,"Niederbayern",2014
"DE22",0.47198,2,4,2,"Niederbayern",2015
"DE22",0.51187,2,4,2,"Niederbayern",2016
"DE22",0.52029,2,4,2,"Niederbayern",2017
"DE22",0.49537,2,4,2,"Niederbayern",2018
"DE22",0.50758,2,4,2,"Niederbayern",2019
"DE23",0.36764,2,3,2,"Oberpfalz",1998
"DE23",0.37575,2,3,2,"Oberpfalz",1999
"DE23",0.34933,2,3,2,"Oberpfalz",2000
"DE23",0.35574,2,4,2,"Oberpfalz",2001
"DE23",0.38696,2,4,2,"Oberpfalz",2002
"DE23",0.3891,2,4,2,"Oberpfalz",2003
"DE23",0.36051,2,3,2,"Oberpfalz",2004
"DE23",0.36242,2,3,2,"Oberpfalz",2005
"DE23",0.34366,2,3,2,"Oberpfalz",2006
"DE23",0.33237,2,3,2,"Oberpfalz",2007
"DE23",0.37643,2,3,2,"Oberpfalz",2008
"DE23",0.3993,2,3,2,"Oberpfalz",2009
"DE23",0.3734,2,3,2,"Oberpfalz",2010
"DE23",0.37485,2,3,2,"Oberpfalz",2011
"DE23",0.37065,2,3,2,"Oberpfalz",2012
"DE23",0.38333,2,3,2,"Oberpfalz",2013
"DE23",0.39291,2,3,2,"Oberpfalz",2014
"DE23",0.39128,2,3,2,"Oberpfalz",2015
"DE23",0.41729,2,3,2,"Oberpfalz",2016
"DE23",0.43988,2,3,2,"Oberpfalz",2017
"DE23",0.40788,2,3,2,"Oberpfalz",2018
"DE23",0.41921,2,3,2,"Oberpfalz",2019
"DE24",0.39613,2,4,2,"Oberfranken",1998
"DE24",0.40336,2,4,2,"Oberfranken",1999
"DE24",0.35959,2,4,2,"Oberfranken",2000
"DE24",0.3514,2,3,2,"Oberfranken",2001
"DE24",0.42879,3,5,2,"Oberfranken",2002
"DE24",0.42046,3,5,2,"Oberfranken",2003
"DE24",0.40325,2,4,2,"Oberfranken",2004
"DE24",0.40668,3,5,2,"Oberfranken",2005
"DE24",0.39682,2,4,2,"Oberfranken",2006
"DE24",0.39192,2,4,2,"Oberfranken",2007
"DE24",0.41862,2,4,2,"Oberfranken",2008
"DE24",0.42261,2,3,2,"Oberfranken",2009
"DE24",0.40461,2,3,2,"Oberfranken",2010
"DE24",0.40749,2,4,2,"Oberfranken",2011
"DE24",0.43707,2,3,2,"Oberfranken",2012
"DE24",0.44163,2,4,2,"Oberfranken",2013
"DE24",0.46712,2,3,2,"Oberfranken",2014
"DE24",0.45892,2,3,2,"Oberfranken",2015
"DE24",0.48535,2,3,2,"Oberfranken",2016
"DE24",0.5015,2,3,2,"Oberfranken",2017
"DE24",0.48256,2,3,2,"Oberfranken",2018
"DE24",0.49593,2,3,2,"Oberfranken",2019
"DE25",0.31045,1,2,1,"Mittelfranken",1998
"DE25",0.30838,1,2,1,"Mittelfranken",1999
"DE25",0.27779,1,2,1,"Mittelfranken",2000
"DE25",0.26395,1,2,1,"Mittelfranken",2001
"DE25",0.29632,1,2,1,"Mittelfranken",2002
"DE25",0.30366,1,2,1,"Mittelfranken",2003
"DE25",0.30608,1,2,1,"Mittelfranken",2004
"DE25",0.29564,1,2,1,"Mittelfranken",2005
"DE25",0.28737,1,2,1,"Mittelfranken",2006
"DE25",0.28616,1,2,1,"Mittelfranken",2007
"DE25",0.30065,1,2,1,"Mittelfranken",2008
"DE25",0.30409,1,2,1,"Mittelfranken",2009
"DE25",0.29424,1,2,1,"Mittelfranken",2010
"DE25",0.27229,1,2,1,"Mittelfranken",2011
"DE25",0.29858,1,2,1,"Mittelfranken",2012
"DE25",0.31818,1,2,1,"Mittelfranken",2013
"DE25",0.34783,1,2,1,"Mittelfranken",2014
"DE25",0.3363,1,2,1,"Mittelfranken",2015
"DE25",0.37436,1,2,1,"Mittelfranken",2016
"DE25",0.38297,1,2,1,"Mittelfranken",2017
"DE25",0.38237,1,2,1,"Mittelfranken",2018
"DE25",0.38218,1,2,1,"Mittelfranken",2019
"DE26",0.33686,2,3,2,"Unterfranken",1998
"DE26",0.32895,2,3,2,"Unterfranken",1999
"DE26",0.30727,2,3,2,"Unterfranken",2000
"DE26",0.29303,2,3,2,"Unterfranken",2001
"DE26",0.33941,2,3,2,"Unterfranken",2002
"DE26",0.347,2,3,2,"Unterfranken",2003
"DE26",0.31858,2,3,2,"Unterfranken",2004
"DE26",0.31317,1,2,1,"Unterfranken",2005
"DE26",0.31095,2,3,2,"Unterfranken",2006
"DE26",0.30246,1,2,1,"Unterfranken",2007
"DE26",0.34057,2,3,2,"Unterfranken",2008
"DE26",0.34346,2,3,2,"Unterfranken",2009
"DE26",0.3298,2,3,2,"Unterfranken",2010
"DE26",0.33078,2,3,2,"Unterfranken",2011
"DE26",0.35032,2,3,2,"Unterfranken",2012
"DE26",0.35809,2,3,2,"Unterfranken",2013
"DE26",0.37645,2,3,2,"Unterfranken",2014
"DE26",0.37726,2,3,2,"Unterfranken",2015
"DE26",0.43402,2,3,2,"Unterfranken",2016
"DE26",0.42485,1,2,1,"Unterfranken",2017
"DE26",0.40519,2,3,2,"Unterfranken",2018
"DE26",0.40325,1,2,1,"Unterfranken",2019
"DE27",0.32875,1,2,1,"Schwaben",1998
"DE27",0.31198,1,2,1,"Schwaben",1999
"DE27",0.29953,1,2,1,"Schwaben",2000
"DE27",0.27771,1,2,1,"Schwaben",2001
"DE27",0.31491,1,2,1,"Schwaben",2002
"DE27",0.30706,1,2,1,"Schwaben",2003
"DE27",0.30351,1,2,1,"Schwaben",2004
"DE27",0.31462,2,3,2,"Schwaben",2005
"DE27",0.2966,1,2,1,"Schwaben",2006
"DE27",0.29435,1,2,1,"Schwaben",2007
"DE27",0.31389,1,2,1,"Schwaben",2008
"DE27",0.33056,1,2,1,"Schwaben",2009
"DE27",0.32061,1,2,1,"Schwaben",2010
"DE27",0.31647,1,2,1,"Schwaben",2011
"DE27",0.33083,1,2,1,"Schwaben",2012
"DE27",0.35426,1,2,1,"Schwaben",2013
"DE27",0.36647,1,2,1,"Schwaben",2014
"DE27",0.37611,1,2,1,"Schwaben",2015
"DE27",0.40951,1,2,1,"Schwaben",2016
"DE27",0.43348,2,3,2,"Schwaben",2017
"DE27",0.39345,1,2,1,"Schwaben",2018
"DE27",0.40625,2,3,2,"Schwaben",2019
"DE30",0.83613,5,10,3,"Berlin",1998
"DE30",0.8225,5,9,3,"Berlin",1999
"DE30",0.71167,5,9,3,"Berlin",2000
"DE30",0.69245,5,9,3,"Berlin",2001
"DE30",0.71883,5,9,3,"Berlin",2002
"DE30",0.75196,5,9,3,"Berlin",2003
"DE30",0.7663,5,9,3,"Berlin",2004
"DE30",0.78827,5,9,3,"Berlin",2005
"DE30",0.78933,5,9,3,"Berlin",2006
"DE30",0.83974,5,10,3,"Berlin",2007
"DE30",0.85416,5,10,3,"Berlin",2008
"DE30",0.82735,5,10,3,"Berlin",2009
"DE30",0.83617,5,10,3,"Berlin",2010
"DE30",0.80775,5,10,3,"Berlin",2011
"DE30",0.78997,5,9,3,"Berlin",2012
"DE30",0.79667,5,9,3,"Berlin",2013
"DE30",0.83043,5,10,3,"Berlin",2014
"DE30",0.8063,5,10,3,"Berlin",2015
"DE30",0.76542,4,8,2,"Berlin",2016
"DE30",0.7653,4,8,2,"Berlin",2017
"DE30",0.72061,4,7,2,"Berlin",2018
"DE30",0.68308,3,6,2,"Berlin",2019
"DE40",0.78427,5,9,3,"Brandenburg",1998
"DE40",0.80811,5,9,3,"Brandenburg",1999
"DE40",0.77997,5,9,3,"Brandenburg",2000
"DE40",0.77166,5,9,3,"Brandenburg",2001
"DE40",0.74998,5,9,3,"Brandenburg",2002
"DE40",0.75659,5,10,3,"Brandenburg",2003
"DE40",0.80591,5,10,3,"Brandenburg",2004
"DE40",0.81969,5,10,3,"Brandenburg",2005
"DE40",0.8186,5,10,3,"Brandenburg",2006
"DE40",0.82956,5,10,3,"Brandenburg",2007
"DE40",0.8206,5,10,3,"Brandenburg",2008
"DE40",0.76806,5,9,3,"Brandenburg",2009
"DE40",0.75307,5,9,3,"Brandenburg",2010
"DE40",0.75456,5,9,3,"Brandenburg",2011
"DE40",0.82234,5,10,3,"Brandenburg",2012
"DE40",0.81432,5,10,3,"Brandenburg",2013
"DE40",0.844,5,10,3,"Brandenburg",2014
"DE40",0.81179,5,10,3,"Brandenburg",2015
"DE40",0.82558,5,10,3,"Brandenburg",2016
"DE40",0.80975,5,9,3,"Brandenburg",2017
"DE40",0.79206,5,9,3,"Brandenburg",2018
"DE40",0.79185,5,9,3,"Brandenburg",2019
"DE50",0.61052,4,8,2,"Bremen",1998
"DE50",0.56137,4,8,2,"Bremen",1999
"DE50",0.5118,4,7,2,"Bremen",2000
"DE50",0.4909,4,7,2,"Bremen",2001
"DE50",0.49527,4,7,2,"Bremen",2002
"DE50",0.50761,4,7,2,"Bremen",2003
"DE50",0.54805,4,8,2,"Bremen",2004
"DE50",0.56337,4,8,2,"Bremen",2005
"DE50",0.53434,4,7,2,"Bremen",2006
"DE50",0.56679,4,7,2,"Bremen",2007
"DE50",0.55865,4,7,2,"Bremen",2008
"DE50",0.56535,4,7,2,"Bremen",2009
"DE50",0.57045,4,7,2,"Bremen",2010
"DE50",0.60655,4,7,2,"Bremen",2011
"DE50",0.63049,4,7,2,"Bremen",2012
"DE50",0.64717,3,6,2,"Bremen",2013
"DE50",0.69873,4,7,2,"Bremen",2014
"DE50",0.71183,4,7,2,"Bremen",2015
"DE50",0.74586,4,7,2,"Bremen",2016
"DE50",0.79854,5,9,3,"Bremen",2017
"DE50",0.7962,5,9,3,"Bremen",2018
"DE50",0.83367,5,10,3,"Bremen",2019
"DE60",0.25473,1,2,1,"Hamburg",1998
"DE60",0.26854,1,2,1,"Hamburg",1999
"DE60",0.24547,1,2,1,"Hamburg",2000
"DE60",0.21742,1,2,1,"Hamburg",2001
"DE60",0.2393,1,2,1,"Hamburg",2002
"DE60",0.23003,1,2,1,"Hamburg",2003
"DE60",0.24103,1,2,1,"Hamburg",2004
"DE60",0.26396,1,2,1,"Hamburg",2005
"DE60",0.29408,1,2,1,"Hamburg",2006
"DE60",0.30349,2,3,2,"Hamburg",2007
"DE60",0.28971,1,2,1,"Hamburg",2008
"DE60",0.27686,1,2,1,"Hamburg",2009
"DE60",0.28638,1,2,1,"Hamburg",2010
"DE60",0.24225,1,2,1,"Hamburg",2011
"DE60",0.21012,1,1,1,"Hamburg",2012
"DE60",0.1825,1,1,1,"Hamburg",2013
"DE60",0.22353,1,1,1,"Hamburg",2014
"DE60",0.20875,1,1,1,"Hamburg",2015
"DE60",0.21671,1,1,1,"Hamburg",2016
"DE60",0.20119,1,1,1,"Hamburg",2017
"DE60",0.21816,1,1,1,"Hamburg",2018
"DE60",0.21874,1,1,1,"Hamburg",2019
"DE71",0.18521,1,1,1,"Darmstadt",1998
"DE71",0.21537,1,1,1,"Darmstadt",1999
"DE71",0.19045,1,1,1,"Darmstadt",2000
"DE71",0.14042,1,1,1,"Darmstadt",2001
"DE71",0.1275,1,1,1,"Darmstadt",2002
"DE71",0.14814,1,1,1,"Darmstadt",2003
"DE71",0.15168,1,1,1,"Darmstadt",2004
"DE71",0.17291,1,1,1,"Darmstadt",2005
"DE71",0.18284,1,1,1,"Darmstadt",2006
"DE71",0.20093,1,1,1,"Darmstadt",2007
"DE71",0.21404,1,1,1,"Darmstadt",2008
"DE71",0.19987,1,1,1,"Darmstadt",2009
"DE71",0.20399,1,1,1,"Darmstadt",2010
"DE71",0.20004,1,1,1,"Darmstadt",2011
"DE71",0.23419,1,1,1,"Darmstadt",2012
"DE71",0.27045,1,1,1,"Darmstadt",2013
"DE71",0.27753,1,1,1,"Darmstadt",2014
"DE71",0.27151,1,1,1,"Darmstadt",2015
"DE71",0.30721,1,1,1,"Darmstadt",2016
"DE71",0.29146,1,1,1,"Darmstadt",2017
"DE71",0.29775,1,1,1,"Darmstadt",2018
"DE71",0.31965,1,1,1,"Darmstadt",2019
"DE72",0.42192,3,5,2,"Gießen",1998
"DE72",0.4294,2,4,2,"Gießen",1999
"DE72",0.38823,3,5,2,"Gießen",2000
"DE72",0.36482,2,4,2,"Gießen",2001
"DE72",0.36471,2,3,2,"Gießen",2002
"DE72",0.38357,2,4,2,"Gießen",2003
"DE72",0.37894,2,4,2,"Gießen",2004
"DE72",0.38899,2,4,2,"Gießen",2005
"DE72",0.39686,2,4,2,"Gießen",2006
"DE72",0.42394,2,4,2,"Gießen",2007
"DE72",0.45231,2,4,2,"Gießen",2008
"DE72",0.44579,2,4,2,"Gießen",2009
"DE72",0.44157,2,4,2,"Gießen",2010
"DE72",0.43853,2,4,2,"Gießen",2011
"DE72",0.47248,3,5,2,"Gießen",2012
"DE72",0.51372,2,4,2,"Gießen",2013
"DE72",0.53061,2,4,2,"Gießen",2014
"DE72",0.53593,3,5,2,"Gießen",2015
"DE72",0.57623,3,5,2,"Gießen",2016
"DE72",0.57836,3,5,2,"Gießen",2017
"DE72",0.57608,3,5,2,"Gießen",2018
"DE72",0.59389,3,5,2,"Gießen",2019
"DE73",0.4494,3,5,2,"Kassel",1998
"DE73",0.45348,3,5,2,"Kassel",1999
"DE73",0.44708,3,6,2,"Kassel",2000
"DE73",0.40604,3,5,2,"Kassel",2001
"DE73",0.40767,2,4,2,"Kassel",2002
"DE73",0.42029,3,5,2,"Kassel",2003
"DE73",0.41803,3,6,2,"Kassel",2004
"DE73",0.42591,3,5,2,"Kassel",2005
"DE73",0.42803,3,5,2,"Kassel",2006
"DE73",0.44145,2,4,2,"Kassel",2007
"DE73",0.4531,2,4,2,"Kassel",2008
"DE73",0.46369,3,5,2,"Kassel",2009
"DE73",0.44379,2,4,2,"Kassel",2010
"DE73",0.43373,2,4,2,"Kassel",2011
"DE73",0.49612,3,5,2,"Kassel",2012
"DE73",0.52002,3,5,2,"Kassel",2013
"DE73",0.53505,3,5,2,"Kassel",2014
"DE73",0.52845,2,4,2,"Kassel",2015
"DE73",0.57527,3,5,2,"Kassel",2016
"DE73",0.55905,3,5,2,"Kassel",2017
"DE73",0.55418,3,5,2,"Kassel",2018
"DE73",0.57088,3,5,2,"Kassel",2019
"DE80",0.94385,5,10,3,"Mecklenburg-Vorpommern",1998
"DE80",0.94778,5,10,3,"Mecklenburg-Vorpommern",1999
"DE80",0.91886,5,10,3,"Mecklenburg-Vorpommern",2000
"DE80",0.96141,5,10,3,"Mecklenburg-Vorpommern",2001
"DE80",0.92926,5,10,3,"Mecklenburg-Vorpommern",2002
"DE80",0.93831,5,10,3,"Mecklenburg-Vorpommern",2003
"DE80",0.97834,5,10,3,"Mecklenburg-Vorpommern",2004
"DE80",1,5,10,3,"Mecklenburg-Vorpommern",2005
"DE80",1,5,10,3,"Mecklenburg-Vorpommern",2006
"DE80",1,5,10,3,"Mecklenburg-Vorpommern",2007
"DE80",1,5,10,3,"Mecklenburg-Vorpommern",2008
"DE80",1,5,10,3,"Mecklenburg-Vorpommern",2009
"DE80",1,5,10,3,"Mecklenburg-Vorpommern",2010
"DE80",1,5,10,3,"Mecklenburg-Vorpommern",2011
"DE80",1,5,10,3,"Mecklenburg-Vorpommern",2012
"DE80",1,5,10,3,"Mecklenburg-Vorpommern",2013
"DE80",0.97671,5,10,3,"Mecklenburg-Vorpommern",2014
"DE80",0.95406,5,10,3,"Mecklenburg-Vorpommern",2015
"DE80",0.987,5,10,3,"Mecklenburg-Vorpommern",2016
"DE80",0.96774,5,10,3,"Mecklenburg-Vorpommern",2017
"DE80",0.94499,5,10,3,"Mecklenburg-Vorpommern",2018
"DE80",0.94615,5,10,3,"Mecklenburg-Vorpommern",2019
"DE91",0.46749,3,6,2,"Braunschweig",1998
"DE91",0.45519,3,5,2,"Braunschweig",1999
"DE91",0.4312,3,6,2,"Braunschweig",2000
"DE91",0.40734,3,6,2,"Braunschweig",2001
"DE91",0.46263,3,6,2,"Braunschweig",2002
"DE91",0.47857,3,6,2,"Braunschweig",2003
"DE91",0.4227,3,6,2,"Braunschweig",2004
"DE91",0.48489,3,6,2,"Braunschweig",2005
"DE91",0.47687,3,6,2,"Braunschweig",2006
"DE91",0.45005,3,5,2,"Braunschweig",2007
"DE91",0.47668,3,5,2,"Braunschweig",2008
"DE91",0.45365,2,4,2,"Braunschweig",2009
"DE91",0.44676,3,5,2,"Braunschweig",2010
"DE91",0.45877,3,5,2,"Braunschweig",2011
"DE91",0.44546,2,4,2,"Braunschweig",2012
"DE91",0.45286,2,4,2,"Braunschweig",2013
"DE91",0.47237,2,4,2,"Braunschweig",2014
"DE91",0.47593,2,4,2,"Braunschweig",2015
"DE91",0.504,2,4,2,"Braunschweig",2016
"DE91",0.51339,2,4,2,"Braunschweig",2017
"DE91",0.51663,2,4,2,"Braunschweig",2018
"DE91",0.52024,2,4,2,"Braunschweig",2019
"DE92",0.47124,3,6,2,"Hannover",1998
"DE92",0.4745,3,6,2,"Hannover",1999
"DE92",0.41311,3,5,2,"Hannover",2000
"DE92",0.42331,3,6,2,"Hannover",2001
"DE92",0.44122,3,6,2,"Hannover",2002
"DE92",0.46319,3,6,2,"Hannover",2003
"DE92",0.40834,3,5,2,"Hannover",2004
"DE92",0.48598,3,6,2,"Hannover",2005
"DE92",0.47204,3,5,2,"Hannover",2006
"DE92",0.48609,3,6,2,"Hannover",2007
"DE92",0.51652,3,6,2,"Hannover",2008
"DE92",0.48896,3,5,2,"Hannover",2009
"DE92",0.49588,3,5,2,"Hannover",2010
"DE92",0.50603,3,5,2,"Hannover",2011
"DE92",0.53726,3,5,2,"Hannover",2012
"DE92",0.55469,3,5,2,"Hannover",2013
"DE92",0.57762,3,5,2,"Hannover",2014
"DE92",0.57591,3,5,2,"Hannover",2015
"DE92",0.59588,3,5,2,"Hannover",2016
"DE92",0.60452,3,5,2,"Hannover",2017
"DE92",0.61238,3,5,2,"Hannover",2018
"DE92",0.6226,3,5,2,"Hannover",2019
"DE93",0.51928,4,7,2,"Lüneburg",1998
"DE93",0.52376,4,7,2,"Lüneburg",1999
"DE93",0.49559,4,7,2,"Lüneburg",2000
"DE93",0.47175,4,7,2,"Lüneburg",2001
"DE93",0.48381,4,7,2,"Lüneburg",2002
"DE93",0.48263,4,7,2,"Lüneburg",2003
"DE93",0.47082,3,6,2,"Lüneburg",2004
"DE93",0.53226,4,7,2,"Lüneburg",2005
"DE93",0.50288,3,6,2,"Lüneburg",2006
"DE93",0.53661,4,7,2,"Lüneburg",2007
"DE93",0.55189,3,6,2,"Lüneburg",2008
"DE93",0.5422,3,6,2,"Lüneburg",2009
"DE93",0.54325,3,6,2,"Lüneburg",2010
"DE93",0.55337,3,6,2,"Lüneburg",2011
"DE93",0.59131,3,6,2,"Lüneburg",2012
"DE93",0.60389,3,6,2,"Lüneburg",2013
"DE93",0.61631,3,6,2,"Lüneburg",2014
"DE93",0.62015,3,6,2,"Lüneburg",2015
"DE93",0.66244,3,6,2,"Lüneburg",2016
"DE93",0.66842,3,6,2,"Lüneburg",2017
"DE93",0.66786,3,6,2,"Lüneburg",2018
"DE93",0.68406,3,6,2,"Lüneburg",2019
"DE94",0.63623,4,8,2,"Weser-Ems",1998
"DE94",0.62678,4,8,2,"Weser-Ems",1999
"DE94",0.58947,4,8,2,"Weser-Ems",2000
"DE94",0.57913,4,8,2,"Weser-Ems",2001
"DE94",0.60625,4,8,2,"Weser-Ems",2002
"DE94",0.61332,4,8,2,"Weser-Ems",2003
"DE94",0.58398,4,8,2,"Weser-Ems",2004
"DE94",0.6405,4,8,2,"Weser-Ems",2005
"DE94",0.62785,4,8,2,"Weser-Ems",2006
"DE94",0.63979,4,8,2,"Weser-Ems",2007
"DE94",0.6724,5,9,3,"Weser-Ems",2008
"DE94",0.66176,5,9,3,"Weser-Ems",2009
"DE94",0.66863,5,9,3,"Weser-Ems",2010
"DE94",0.65913,5,9,3,"Weser-Ems",2011
"DE94",0.6934,4,8,2,"Weser-Ems",2012
"DE94",0.70065,4,8,2,"Weser-Ems",2013
"DE94",0.72759,4,8,2,"Weser-Ems",2014
"DE94",0.73748,4,8,2,"Weser-Ems",2015
"DE94",0.76234,4,8,2,"Weser-Ems",2016
"DE94",0.78715,4,8,2,"Weser-Ems",2017
"DE94",0.761,4,8,2,"Weser-Ems",2018
"DE94",0.78419,4,8,2,"Weser-Ems",2019
"DEA1",0.45663,3,5,2,"Düsseldorf",1998
"DEA1",0.45435,3,5,2,"Düsseldorf",1999
"DEA1",0.38473,2,4,2,"Düsseldorf",2000
"DEA1",0.39393,3,5,2,"Düsseldorf",2001
"DEA1",0.41197,3,5,2,"Düsseldorf",2002
"DEA1",0.41466,2,4,2,"Düsseldorf",2003
"DEA1",0.41467,3,5,2,"Düsseldorf",2004
"DEA1",0.45825,3,5,2,"Düsseldorf",2005
"DEA1",0.48507,3,6,2,"Düsseldorf",2006
"DEA1",0.5358,3,6,2,"Düsseldorf",2007
"DEA1",0.55804,3,6,2,"Düsseldorf",2008
"DEA1",0.56359,4,7,2,"Düsseldorf",2009
"DEA1",0.56511,4,7,2,"Düsseldorf",2010
"DEA1",0.56161,3,6,2,"Düsseldorf",2011
"DEA1",0.59514,3,6,2,"Düsseldorf",2012
"DEA1",0.65521,3,6,2,"Düsseldorf",2013
"DEA1",0.68791,3,6,2,"Düsseldorf",2014
"DEA1",0.6781,3,6,2,"Düsseldorf",2015
"DEA1",0.7048,3,6,2,"Düsseldorf",2016
"DEA1",0.71805,3,6,2,"Düsseldorf",2017
"DEA1",0.70875,3,6,2,"Düsseldorf",2018
"DEA1",0.72003,4,7,2,"Düsseldorf",2019
"DEA2",0.37481,2,3,2,"Köln",1998
"DEA2",0.37328,2,3,2,"Köln",1999
"DEA2",0.31479,2,3,2,"Köln",2000
"DEA2",0.30814,2,3,2,"Köln",2001
"DEA2",0.33784,2,3,2,"Köln",2002
"DEA2",0.34087,2,3,2,"Köln",2003
"DEA2",0.34363,2,3,2,"Köln",2004
"DEA2",0.39,2,4,2,"Köln",2005
"DEA2",0.41446,2,4,2,"Köln",2006
"DEA2",0.45638,3,5,2,"Köln",2007
"DEA2",0.47352,3,5,2,"Köln",2008
"DEA2",0.46384,3,5,2,"Köln",2009
"DEA2",0.46638,3,5,2,"Köln",2010
"DEA2",0.45554,3,5,2,"Köln",2011
"DEA2",0.47008,2,4,2,"Köln",2012
"DEA2",0.52086,3,5,2,"Köln",2013
"DEA2",0.53807,3,5,2,"Köln",2014
"DEA2",0.53483,3,5,2,"Köln",2015
"DEA2",0.55643,2,4,2,"Köln",2016
"DEA2",0.54564,2,4,2,"Köln",2017
"DEA2",0.54533,2,4,2,"Köln",2018
"DEA2",0.55346,2,4,2,"Köln",2019
"DEA3",0.44027,3,5,2,"Münster",1998
"DEA3",0.46385,3,6,2,"Münster",1999
"DEA3",0.41658,3,5,2,"Münster",2000
"DEA3",0.42096,3,6,2,"Münster",2001
"DEA3",0.42958,3,5,2,"Münster",2002
"DEA3",0.43002,3,6,2,"Münster",2003
"DEA3",0.43734,3,6,2,"Münster",2004
"DEA3",0.46068,3,6,2,"Münster",2005
"DEA3",0.48167,3,6,2,"Münster",2006
"DEA3",0.51671,3,6,2,"Münster",2007
"DEA3",0.54784,3,6,2,"Münster",2008
"DEA3",0.55568,3,6,2,"Münster",2009
"DEA3",0.56166,3,6,2,"Münster",2010
"DEA3",0.57113,3,6,2,"Münster",2011
"DEA3",0.61124,3,6,2,"Münster",2012
"DEA3",0.66259,4,7,2,"Münster",2013
"DEA3",0.69732,4,7,2,"Münster",2014
"DEA3",0.70875,4,7,2,"Münster",2015
"DEA3",0.74283,4,7,2,"Münster",2016
"DEA3",0.75662,4,7,2,"Münster",2017
"DEA3",0.7291,4,7,2,"Münster",2018
"DEA3",0.73638,4,7,2,"Münster",2019
"DEA4",0.421,2,4,2,"Detmold",1998
"DEA4",0.43201,3,5,2,"Detmold",1999
"DEA4",0.37584,2,4,2,"Detmold",2000
"DEA4",0.38022,2,4,2,"Detmold",2001
"DEA4",0.40066,2,4,2,"Detmold",2002
"DEA4",0.40876,2,4,2,"Detmold",2003
"DEA4",0.40155,2,4,2,"Detmold",2004
"DEA4",0.43271,3,5,2,"Detmold",2005
"DEA4",0.43392,3,5,2,"Detmold",2006
"DEA4",0.46821,3,5,2,"Detmold",2007
"DEA4",0.49174,3,5,2,"Detmold",2008
"DEA4",0.53582,3,6,2,"Detmold",2009
"DEA4",0.52282,3,6,2,"Detmold",2010
"DEA4",0.52551,3,6,2,"Detmold",2011
"DEA4",0.56779,3,6,2,"Detmold",2012
"DEA4",0.61625,3,6,2,"Detmold",2013
"DEA4",0.64613,3,6,2,"Detmold",2014
"DEA4",0.65269,3,6,2,"Detmold",2015
"DEA4",0.67138,3,6,2,"Detmold",2016
"DEA4",0.6846,3,6,2,"Detmold",2017
"DEA4",0.66176,3,6,2,"Detmold",2018
"DEA4",0.67619,3,6,2,"Detmold",2019
"DEA5",0.53614,4,7,2,"Arnsberg",1998
"DEA5",0.53823,4,7,2,"Arnsberg",1999
"DEA5",0.4774,4,7,2,"Arnsberg",2000
"DEA5",0.4835,4,7,2,"Arnsberg",2001
"DEA5",0.50386,4,7,2,"Arnsberg",2002
"DEA5",0.51146,4,7,2,"Arnsberg",2003
"DEA5",0.5167,4,8,2,"Arnsberg",2004
"DEA5",0.54095,4,8,2,"Arnsberg",2005
"DEA5",0.56264,4,8,2,"Arnsberg",2006
"DEA5",0.59407,4,8,2,"Arnsberg",2007
"DEA5",0.62112,4,8,2,"Arnsberg",2008
"DEA5",0.64753,4,8,2,"Arnsberg",2009
"DEA5",0.64523,4,8,2,"Arnsberg",2010
"DEA5",0.63828,4,8,2,"Arnsberg",2011
"DEA5",0.68014,4,8,2,"Arnsberg",2012
"DEA5",0.73099,5,9,3,"Arnsberg",2013
"DEA5",0.75264,4,8,2,"Arnsberg",2014
"DEA5",0.76846,5,9,3,"Arnsberg",2015
"DEA5",0.79248,5,9,3,"Arnsberg",2016
"DEA5",0.80617,5,9,3,"Arnsberg",2017
"DEA5",0.79567,5,9,3,"Arnsberg",2018
"DEA5",0.80754,5,9,3,"Arnsberg",2019
"DEB1",0.55327,4,7,2,"Koblenz",1998
"DEB1",0.55918,4,7,2,"Koblenz",1999
"DEB1",0.50025,4,7,2,"Koblenz",2000
"DEB1",0.48178,4,7,2,"Koblenz",2001
"DEB1",0.50834,4,7,2,"Koblenz",2002
"DEB1",0.51267,4,8,2,"Koblenz",2003
"DEB1",0.49356,4,7,2,"Koblenz",2004
"DEB1",0.5217,4,7,2,"Koblenz",2005
"DEB1",0.51581,4,7,2,"Koblenz",2006
"DEB1",0.54137,4,7,2,"Koblenz",2007
"DEB1",0.57139,4,7,2,"Koblenz",2008
"DEB1",0.57004,4,7,2,"Koblenz",2009
"DEB1",0.56426,4,7,2,"Koblenz",2010
"DEB1",0.58108,4,7,2,"Koblenz",2011
"DEB1",0.63749,4,7,2,"Koblenz",2012
"DEB1",0.66416,4,7,2,"Koblenz",2013
"DEB1",0.69594,4,7,2,"Koblenz",2014
"DEB1",0.70755,4,7,2,"Koblenz",2015
"DEB1",0.72109,4,7,2,"Koblenz",2016
"DEB1",0.72808,4,7,2,"Koblenz",2017
"DEB1",0.72071,4,7,2,"Koblenz",2018
"DEB1",0.74404,4,7,2,"Koblenz",2019
"DEB2",0.52603,4,7,2,"Trier",1998
"DEB2",0.53765,4,7,2,"Trier",1999
"DEB2",0.51365,4,8,2,"Trier",2000
"DEB2",0.50352,4,8,2,"Trier",2001
"DEB2",0.53944,4,8,2,"Trier",2002
"DEB2",0.50337,4,7,2,"Trier",2003
"DEB2",0.51017,4,7,2,"Trier",2004
"DEB2",0.51765,4,7,2,"Trier",2005
"DEB2",0.51198,4,7,2,"Trier",2006
"DEB2",0.5551,4,7,2,"Trier",2007
"DEB2",0.60073,4,7,2,"Trier",2008
"DEB2",0.61468,4,7,2,"Trier",2009
"DEB2",0.60847,4,8,2,"Trier",2010
"DEB2",0.63843,4,8,2,"Trier",2011
"DEB2",0.70225,5,9,3,"Trier",2012
"DEB2",0.72718,4,8,2,"Trier",2013
"DEB2",0.77113,5,9,3,"Trier",2014
"DEB2",0.80222,5,9,3,"Trier",2015
"DEB2",0.81952,5,10,3,"Trier",2016
"DEB2",0.8241,5,10,3,"Trier",2017
"DEB2",0.80655,5,10,3,"Trier",2018
"DEB2",0.83968,5,10,3,"Trier",2019
"DEB3",0.46303,3,6,2,"Rheinhessen-Pfalz",1998
"DEB3",0.46735,3,6,2,"Rheinhessen-Pfalz",1999
"DEB3",0.4228,3,6,2,"Rheinhessen-Pfalz",2000
"DEB3",0.39688,3,5,2,"Rheinhessen-Pfalz",2001
"DEB3",0.42053,3,5,2,"Rheinhessen-Pfalz",2002
"DEB3",0.41661,3,5,2,"Rheinhessen-Pfalz",2003
"DEB3",0.40412,3,5,2,"Rheinhessen-Pfalz",2004
"DEB3",0.39434,2,4,2,"Rheinhessen-Pfalz",2005
"DEB3",0.41678,3,5,2,"Rheinhessen-Pfalz",2006
"DEB3",0.44463,3,5,2,"Rheinhessen-Pfalz",2007
"DEB3",0.46958,3,5,2,"Rheinhessen-Pfalz",2008
"DEB3",0.44395,2,4,2,"Rheinhessen-Pfalz",2009
"DEB3",0.44531,3,5,2,"Rheinhessen-Pfalz",2010
"DEB3",0.45735,3,5,2,"Rheinhessen-Pfalz",2011
"DEB3",0.49679,3,5,2,"Rheinhessen-Pfalz",2012
"DEB3",0.51989,3,5,2,"Rheinhessen-Pfalz",2013
"DEB3",0.56262,3,5,2,"Rheinhessen-Pfalz",2014
"DEB3",0.56295,3,5,2,"Rheinhessen-Pfalz",2015
"DEB3",0.60948,3,5,2,"Rheinhessen-Pfalz",2016
"DEB3",0.62631,3,5,2,"Rheinhessen-Pfalz",2017
"DEB3",0.61625,3,5,2,"Rheinhessen-Pfalz",2018
"DEB3",0.64301,3,5,2,"Rheinhessen-Pfalz",2019
"DEC0",0.64436,4,8,2,"Saarland",1998
"DEC0",0.64634,4,8,2,"Saarland",1999
"DEC0",0.56926,4,8,2,"Saarland",2000
"DEC0",0.55922,4,8,2,"Saarland",2001
"DEC0",0.53113,4,8,2,"Saarland",2002
"DEC0",0.52743,4,8,2,"Saarland",2003
"DEC0",0.51015,4,7,2,"Saarland",2004
"DEC0",0.52325,4,7,2,"Saarland",2005
"DEC0",0.54201,4,8,2,"Saarland",2006
"DEC0",0.57407,4,8,2,"Saarland",2007
"DEC0",0.60637,4,8,2,"Saarland",2008
"DEC0",0.61673,4,8,2,"Saarland",2009
"DEC0",0.59524,4,7,2,"Saarland",2010
"DEC0",0.58208,4,7,2,"Saarland",2011
"DEC0",0.6715,4,7,2,"Saarland",2012
"DEC0",0.69992,4,8,2,"Saarland",2013
"DEC0",0.74215,4,8,2,"Saarland",2014
"DEC0",0.7288,4,8,2,"Saarland",2015
"DEC0",0.80272,5,9,3,"Saarland",2016
"DEC0",0.7961,5,9,3,"Saarland",2017
"DEC0",0.79101,5,9,3,"Saarland",2018
"DEC0",0.81662,5,9,3,"Saarland",2019
"DED1",0.78562,5,9,3,"Chemnitz",1998
"DED1",0.83935,5,10,3,"Chemnitz",1999
"DED1",0.80582,5,9,3,"Chemnitz",2000
"DED1",0.79604,5,9,3,"Chemnitz",2001
"DED1",0.76873,5,10,3,"Chemnitz",2002
"DED1",0.75282,5,9,3,"Chemnitz",2003
"DED1",0.73832,5,9,3,"Chemnitz",2004
"DED1",0.76142,5,9,3,"Chemnitz",2005
"DED1",0.72948,5,9,3,"Chemnitz",2006
"DED1",0.74649,5,9,3,"Chemnitz",2007
"DED1",0.74076,5,9,3,"Chemnitz",2008
"DED1",0.74049,5,9,3,"Chemnitz",2009
"DED1",0.72845,5,9,3,"Chemnitz",2010
"DED1",0.70739,5,9,3,"Chemnitz",2011
"DED1",0.76231,5,9,3,"Chemnitz",2012
"DED1",0.7945,5,9,3,"Chemnitz",2013
"DED1",0.79241,5,9,3,"Chemnitz",2014
"DED1",0.77296,5,9,3,"Chemnitz",2015
"DED1",0.78594,5,9,3,"Chemnitz",2016
"DED1",0.78811,4,8,2,"Chemnitz",2017
"DED1",0.77577,4,8,2,"Chemnitz",2018
"DED1",0.78348,4,8,2,"Chemnitz",2019
"DED2",0.68371,5,9,3,"Dresden",1998
"DED2",0.71293,5,9,3,"Dresden",1999
"DED2",0.7238,5,9,3,"Dresden",2000
"DED2",0.70468,5,9,3,"Dresden",2001
"DED2",0.65742,5,9,3,"Dresden",2002
"DED2",0.63846,5,9,3,"Dresden",2003
"DED2",0.63746,5,9,3,"Dresden",2004
"DED2",0.64973,5,9,3,"Dresden",2005
"DED2",0.64427,5,9,3,"Dresden",2006
"DED2",0.65229,5,9,3,"Dresden",2007
"DED2",0.653,4,8,2,"Dresden",2008
"DED2",0.64071,4,8,2,"Dresden",2009
"DED2",0.64039,4,8,2,"Dresden",2010
"DED2",0.62451,4,8,2,"Dresden",2011
"DED2",0.6831,4,8,2,"Dresden",2012
"DED2",0.68956,4,7,2,"Dresden",2013
"DED2",0.67625,3,6,2,"Dresden",2014
"DED2",0.66388,3,6,2,"Dresden",2015
"DED2",0.66675,3,6,2,"Dresden",2016
"DED2",0.66711,3,6,2,"Dresden",2017
"DED2",0.65022,3,6,2,"Dresden",2018
"DED2",0.65167,3,6,2,"Dresden",2019
"DED3",0.82462,5,9,3,"Leipzig",1998
"DED3",0.84066,5,10,3,"Leipzig",1999
"DED3",0.82705,5,10,3,"Leipzig",2000
"DED3",0.82786,5,10,3,"Leipzig",2001
"DED3",0.79295,5,10,3,"Leipzig",2002
"DED3",0.77637,5,10,3,"Leipzig",2003
"DED3",0.78912,5,10,3,"Leipzig",2004
"DED3",0.81163,5,10,3,"Leipzig",2005
"DED3",0.80007,5,10,3,"Leipzig",2006
"DED3",0.82266,5,9,3,"Leipzig",2007
"DED3",0.81541,5,9,3,"Leipzig",2008
"DED3",0.78615,5,10,3,"Leipzig",2009
"DED3",0.81923,5,10,3,"Leipzig",2010
"DED3",0.8104,5,10,3,"Leipzig",2011
"DED3",0.82591,5,10,3,"Leipzig",2012
"DED3",0.84228,5,10,3,"Leipzig",2013
"DED3",0.81739,5,9,3,"Leipzig",2014
"DED3",0.76574,4,8,2,"Leipzig",2015
"DED3",0.78146,4,8,2,"Leipzig",2016
"DED3",0.7518,4,7,2,"Leipzig",2017
"DED3",0.75488,4,8,2,"Leipzig",2018
"DED3",0.75546,4,8,2,"Leipzig",2019
"DEE0",1,5,10,3,"Sachsen-Anhalt",1998
"DEE0",1,5,10,3,"Sachsen-Anhalt",1999
"DEE0",1,5,10,3,"Sachsen-Anhalt",2000
"DEE0",1,5,10,3,"Sachsen-Anhalt",2001
"DEE0",1,5,10,3,"Sachsen-Anhalt",2002
"DEE0",1,5,10,3,"Sachsen-Anhalt",2003
"DEE0",1,5,10,3,"Sachsen-Anhalt",2004
"DEE0",0.98417,5,10,3,"Sachsen-Anhalt",2005
"DEE0",0.94578,5,10,3,"Sachsen-Anhalt",2006
"DEE0",0.95076,5,10,3,"Sachsen-Anhalt",2007
"DEE0",0.96523,5,10,3,"Sachsen-Anhalt",2008
"DEE0",0.93937,5,10,3,"Sachsen-Anhalt",2009
"DEE0",0.95128,5,10,3,"Sachsen-Anhalt",2010
"DEE0",0.94088,5,10,3,"Sachsen-Anhalt",2011
"DEE0",0.98455,5,10,3,"Sachsen-Anhalt",2012
"DEE0",0.99293,5,10,3,"Sachsen-Anhalt",2013
"DEE0",1,5,10,3,"Sachsen-Anhalt",2014
"DEE0",1,5,10,3,"Sachsen-Anhalt",2015
"DEE0",1,5,10,3,"Sachsen-Anhalt",2016
"DEE0",1,5,10,3,"Sachsen-Anhalt",2017
"DEE0",1,5,10,3,"Sachsen-Anhalt",2018
"DEE0",1,5,10,3,"Sachsen-Anhalt",2019
"DEF0",0.50969,3,6,2,"Schleswig-Holstein",1998
"DEF0",0.51165,3,6,2,"Schleswig-Holstein",1999
"DEF0",0.45682,3,6,2,"Schleswig-Holstein",2000
"DEF0",0.4619,3,6,2,"Schleswig-Holstein",2001
"DEF0",0.4598,3,6,2,"Schleswig-Holstein",2002
"DEF0",0.45792,3,6,2,"Schleswig-Holstein",2003
"DEF0",0.47677,4,7,2,"Schleswig-Holstein",2004
"DEF0",0.51136,3,6,2,"Schleswig-Holstein",2005
"DEF0",0.5203,4,7,2,"Schleswig-Holstein",2006
"DEF0",0.53582,3,6,2,"Schleswig-Holstein",2007
"DEF0",0.57221,4,7,2,"Schleswig-Holstein",2008
"DEF0",0.54458,3,6,2,"Schleswig-Holstein",2009
"DEF0",0.56244,3,6,2,"Schleswig-Holstein",2010
"DEF0",0.57212,4,7,2,"Schleswig-Holstein",2011
"DEF0",0.63787,4,7,2,"Schleswig-Holstein",2012
"DEF0",0.6642,4,7,2,"Schleswig-Holstein",2013
"DEF0",0.70998,4,7,2,"Schleswig-Holstein",2014
"DEF0",0.69883,4,7,2,"Schleswig-Holstein",2015
"DEF0",0.74457,4,7,2,"Schleswig-Holstein",2016
"DEF0",0.73402,4,7,2,"Schleswig-Holstein",2017
"DEF0",0.73239,4,7,2,"Schleswig-Holstein",2018
"DEF0",0.7426,4,7,2,"Schleswig-Holstein",2019
"DEG0",0.84534,5,10,3,"Thüringen",1998
"DEG0",0.82532,5,9,3,"Thüringen",1999
"DEG0",0.81202,5,10,3,"Thüringen",2000
"DEG0",0.79862,5,10,3,"Thüringen",2001
"DEG0",0.76486,5,9,3,"Thüringen",2002
"DEG0",0.72717,5,9,3,"Thüringen",2003
"DEG0",0.77848,5,9,3,"Thüringen",2004
"DEG0",0.78066,5,9,3,"Thüringen",2005
"DEG0",0.76372,5,9,3,"Thüringen",2006
"DEG0",0.75245,5,9,3,"Thüringen",2007
"DEG0",0.7414,5,9,3,"Thüringen",2008
"DEG0",0.74157,5,9,3,"Thüringen",2009
"DEG0",0.74096,5,9,3,"Thüringen",2010
"DEG0",0.71962,5,9,3,"Thüringen",2011
"DEG0",0.76311,5,9,3,"Thüringen",2012
"DEG0",0.77994,5,9,3,"Thüringen",2013
"DEG0",0.78236,5,9,3,"Thüringen",2014
"DEG0",0.78167,5,9,3,"Thüringen",2015
"DEG0",0.79765,5,9,3,"Thüringen",2016
"DEG0",0.81186,5,10,3,"Thüringen",2017
"DEG0",0.81887,5,10,3,"Thüringen",2018
"DEG0",0.82976,5,9,3,"Thüringen",2019
