"gisd_score","gemeinde_id","gemeinde_name","year"
0.90501,"10041100","Saarbrücken, Landeshauptstadt",1998
0.90866,"10041100","Saarbrücken, Landeshauptstadt",1999
0.91537,"10041100","Saarbrücken, Landeshauptstadt",2000
0.81543,"10041100","Saarbrücken, Landeshauptstadt",2001
0.66571,"10041100","Saarbrücken, Landeshauptstadt",2002
0.74578,"10041100","Saarbrücken, Landeshauptstadt",2003
0.82748,"10041100","Saarbrücken, Landeshauptstadt",2004
0.74207,"10041100","Saarbrücken, Landeshauptstadt",2005
0.77044,"10041100","Saarbrücken, Landeshauptstadt",2006
0.7569,"10041100","Saarbrücken, Landeshauptstadt",2007
0.7081,"10041100","Saarbrücken, Landeshauptstadt",2008
0.71298,"10041100","Saarbrücken, Landeshauptstadt",2009
0.66015,"10041100","Saarbrücken, Landeshauptstadt",2010
0.67201,"10041100","Saarbrücken, Landeshauptstadt",2011
0.5809,"10041100","Saarbrücken, Landeshauptstadt",2012
0.60469,"10041100","Saarbrücken, Landeshauptstadt",2013
0.62191,"10041100","Saarbrücken, Landeshauptstadt",2014
0.66559,"10041100","Saarbrücken, Landeshauptstadt",2015
0.64649,"10041100","Saarbrücken, Landeshauptstadt",2016
0.60861,"10041100","Saarbrücken, Landeshauptstadt",2017
0.67552,"10041100","Saarbrücken, Landeshauptstadt",2018
0.723,"10041100","Saarbrücken, Landeshauptstadt",2019
0.75915,"10041100","Saarbrücken, Landeshauptstadt",2020
0.91849,"10041511","Friedrichsthal, Stadt",1998
0.925,"10041511","Friedrichsthal, Stadt",1999
0.92846,"10041511","Friedrichsthal, Stadt",2000
0.61468,"10041511","Friedrichsthal, Stadt",2001
0.44624,"10041511","Friedrichsthal, Stadt",2002
0.57439,"10041511","Friedrichsthal, Stadt",2003
0.60624,"10041511","Friedrichsthal, Stadt",2004
0.57028,"10041511","Friedrichsthal, Stadt",2005
0.5862,"10041511","Friedrichsthal, Stadt",2006
0.5785,"10041511","Friedrichsthal, Stadt",2007
0.52195,"10041511","Friedrichsthal, Stadt",2008
0.55685,"10041511","Friedrichsthal, Stadt",2009
0.49891,"10041511","Friedrichsthal, Stadt",2010
0.50083,"10041511","Friedrichsthal, Stadt",2011
0.42042,"10041511","Friedrichsthal, Stadt",2012
0.45162,"10041511","Friedrichsthal, Stadt",2013
0.45849,"10041511","Friedrichsthal, Stadt",2014
0.49474,"10041511","Friedrichsthal, Stadt",2015
0.50069,"10041511","Friedrichsthal, Stadt",2016
0.45133,"10041511","Friedrichsthal, Stadt",2017
0.51599,"10041511","Friedrichsthal, Stadt",2018
0.5535,"10041511","Friedrichsthal, Stadt",2019
0.55097,"10041511","Friedrichsthal, Stadt",2020
0.92867,"10041512","Großrosseln",1998
0.9336,"10041512","Großrosseln",1999
0.93657,"10041512","Großrosseln",2000
0.57875,"10041512","Großrosseln",2001
0.42536,"10041512","Großrosseln",2002
0.53403,"10041512","Großrosseln",2003
0.55467,"10041512","Großrosseln",2004
0.46169,"10041512","Großrosseln",2005
0.41514,"10041512","Großrosseln",2006
0.46756,"10041512","Großrosseln",2007
0.4231,"10041512","Großrosseln",2008
0.43999,"10041512","Großrosseln",2009
0.40181,"10041512","Großrosseln",2010
0.44014,"10041512","Großrosseln",2011
0.38795,"10041512","Großrosseln",2012
0.42762,"10041512","Großrosseln",2013
0.43435,"10041512","Großrosseln",2014
0.46804,"10041512","Großrosseln",2015
0.49792,"10041512","Großrosseln",2016
0.44024,"10041512","Großrosseln",2017
0.50762,"10041512","Großrosseln",2018
0.53394,"10041512","Großrosseln",2019
0.54612,"10041512","Großrosseln",2020
0.90276,"10041513","Heusweiler",1998
0.90905,"10041513","Heusweiler",1999
0.91854,"10041513","Heusweiler",2000
0.47512,"10041513","Heusweiler",2001
0.30828,"10041513","Heusweiler",2002
0.4367,"10041513","Heusweiler",2003
0.47381,"10041513","Heusweiler",2004
0.42431,"10041513","Heusweiler",2005
0.42073,"10041513","Heusweiler",2006
0.47333,"10041513","Heusweiler",2007
0.4362,"10041513","Heusweiler",2008
0.45843,"10041513","Heusweiler",2009
0.40931,"10041513","Heusweiler",2010
0.40461,"10041513","Heusweiler",2011
0.33704,"10041513","Heusweiler",2012
0.36607,"10041513","Heusweiler",2013
0.37595,"10041513","Heusweiler",2014
0.40782,"10041513","Heusweiler",2015
0.43049,"10041513","Heusweiler",2016
0.38015,"10041513","Heusweiler",2017
0.45391,"10041513","Heusweiler",2018
0.46534,"10041513","Heusweiler",2019
0.4623,"10041513","Heusweiler",2020
0.94388,"10041514","Kleinblittersdorf",1998
0.95051,"10041514","Kleinblittersdorf",1999
0.95365,"10041514","Kleinblittersdorf",2000
0.58153,"10041514","Kleinblittersdorf",2001
0.435,"10041514","Kleinblittersdorf",2002
0.54126,"10041514","Kleinblittersdorf",2003
0.60599,"10041514","Kleinblittersdorf",2004
0.4894,"10041514","Kleinblittersdorf",2005
0.48329,"10041514","Kleinblittersdorf",2006
0.51546,"10041514","Kleinblittersdorf",2007
0.47695,"10041514","Kleinblittersdorf",2008
0.48321,"10041514","Kleinblittersdorf",2009
0.46099,"10041514","Kleinblittersdorf",2010
0.44854,"10041514","Kleinblittersdorf",2011
0.37403,"10041514","Kleinblittersdorf",2012
0.35453,"10041514","Kleinblittersdorf",2013
0.3837,"10041514","Kleinblittersdorf",2014
0.41299,"10041514","Kleinblittersdorf",2015
0.43432,"10041514","Kleinblittersdorf",2016
0.38634,"10041514","Kleinblittersdorf",2017
0.44422,"10041514","Kleinblittersdorf",2018
0.45692,"10041514","Kleinblittersdorf",2019
0.46512,"10041514","Kleinblittersdorf",2020
0.9086,"10041515","Püttlingen, Stadt",1998
0.91203,"10041515","Püttlingen, Stadt",1999
0.9194,"10041515","Püttlingen, Stadt",2000
0.54591,"10041515","Püttlingen, Stadt",2001
0.38921,"10041515","Püttlingen, Stadt",2002
0.49831,"10041515","Püttlingen, Stadt",2003
0.52256,"10041515","Püttlingen, Stadt",2004
0.44633,"10041515","Püttlingen, Stadt",2005
0.42207,"10041515","Püttlingen, Stadt",2006
0.45177,"10041515","Püttlingen, Stadt",2007
0.41114,"10041515","Püttlingen, Stadt",2008
0.41766,"10041515","Püttlingen, Stadt",2009
0.36481,"10041515","Püttlingen, Stadt",2010
0.38098,"10041515","Püttlingen, Stadt",2011
0.31514,"10041515","Püttlingen, Stadt",2012
0.33497,"10041515","Püttlingen, Stadt",2013
0.35468,"10041515","Püttlingen, Stadt",2014
0.38954,"10041515","Püttlingen, Stadt",2015
0.41455,"10041515","Püttlingen, Stadt",2016
0.36583,"10041515","Püttlingen, Stadt",2017
0.4204,"10041515","Püttlingen, Stadt",2018
0.4401,"10041515","Püttlingen, Stadt",2019
0.45023,"10041515","Püttlingen, Stadt",2020
0.88206,"10041516","Quierschied",1998
0.88358,"10041516","Quierschied",1999
0.8924,"10041516","Quierschied",2000
0.54289,"10041516","Quierschied",2001
0.39182,"10041516","Quierschied",2002
0.48685,"10041516","Quierschied",2003
0.5048,"10041516","Quierschied",2004
0.44164,"10041516","Quierschied",2005
0.43868,"10041516","Quierschied",2006
0.48023,"10041516","Quierschied",2007
0.43769,"10041516","Quierschied",2008
0.44746,"10041516","Quierschied",2009
0.394,"10041516","Quierschied",2010
0.42109,"10041516","Quierschied",2011
0.35039,"10041516","Quierschied",2012
0.39526,"10041516","Quierschied",2013
0.40477,"10041516","Quierschied",2014
0.42943,"10041516","Quierschied",2015
0.44274,"10041516","Quierschied",2016
0.40206,"10041516","Quierschied",2017
0.45635,"10041516","Quierschied",2018
0.48641,"10041516","Quierschied",2019
0.48846,"10041516","Quierschied",2020
0.89817,"10041517","Riegelsberg",1998
0.90506,"10041517","Riegelsberg",1999
0.91605,"10041517","Riegelsberg",2000
0.37295,"10041517","Riegelsberg",2001
0.22554,"10041517","Riegelsberg",2002
0.35402,"10041517","Riegelsberg",2003
0.3786,"10041517","Riegelsberg",2004
0.35141,"10041517","Riegelsberg",2005
0.32857,"10041517","Riegelsberg",2006
0.37741,"10041517","Riegelsberg",2007
0.3499,"10041517","Riegelsberg",2008
0.3431,"10041517","Riegelsberg",2009
0.30093,"10041517","Riegelsberg",2010
0.34432,"10041517","Riegelsberg",2011
0.2907,"10041517","Riegelsberg",2012
0.30983,"10041517","Riegelsberg",2013
0.32773,"10041517","Riegelsberg",2014
0.36197,"10041517","Riegelsberg",2015
0.40443,"10041517","Riegelsberg",2016
0.34956,"10041517","Riegelsberg",2017
0.41035,"10041517","Riegelsberg",2018
0.43428,"10041517","Riegelsberg",2019
0.44004,"10041517","Riegelsberg",2020
0.91333,"10041518","Sulzbach/ Saar, Stadt",1998
0.91746,"10041518","Sulzbach/ Saar, Stadt",1999
0.92289,"10041518","Sulzbach/ Saar, Stadt",2000
0.67419,"10041518","Sulzbach/ Saar, Stadt",2001
0.52704,"10041518","Sulzbach/ Saar, Stadt",2002
0.63245,"10041518","Sulzbach/ Saar, Stadt",2003
0.6605,"10041518","Sulzbach/ Saar, Stadt",2004
0.63441,"10041518","Sulzbach/ Saar, Stadt",2005
0.67541,"10041518","Sulzbach/ Saar, Stadt",2006
0.67377,"10041518","Sulzbach/ Saar, Stadt",2007
0.60549,"10041518","Sulzbach/ Saar, Stadt",2008
0.65406,"10041518","Sulzbach/ Saar, Stadt",2009
0.58557,"10041518","Sulzbach/ Saar, Stadt",2010
0.55705,"10041518","Sulzbach/ Saar, Stadt",2011
0.48459,"10041518","Sulzbach/ Saar, Stadt",2012
0.5135,"10041518","Sulzbach/ Saar, Stadt",2013
0.52145,"10041518","Sulzbach/ Saar, Stadt",2014
0.58846,"10041518","Sulzbach/ Saar, Stadt",2015
0.59793,"10041518","Sulzbach/ Saar, Stadt",2016
0.5528,"10041518","Sulzbach/ Saar, Stadt",2017
0.61545,"10041518","Sulzbach/ Saar, Stadt",2018
0.67278,"10041518","Sulzbach/ Saar, Stadt",2019
0.70326,"10041518","Sulzbach/ Saar, Stadt",2020
0.94636,"10041519","Völklingen, Stadt",1998
0.95215,"10041519","Völklingen, Stadt",1999
0.95438,"10041519","Völklingen, Stadt",2000
0.80116,"10041519","Völklingen, Stadt",2001
0.63869,"10041519","Völklingen, Stadt",2002
0.69459,"10041519","Völklingen, Stadt",2003
0.76412,"10041519","Völklingen, Stadt",2004
0.729,"10041519","Völklingen, Stadt",2005
0.68245,"10041519","Völklingen, Stadt",2006
0.67277,"10041519","Völklingen, Stadt",2007
0.63263,"10041519","Völklingen, Stadt",2008
0.65468,"10041519","Völklingen, Stadt",2009
0.61314,"10041519","Völklingen, Stadt",2010
0.63458,"10041519","Völklingen, Stadt",2011
0.56191,"10041519","Völklingen, Stadt",2012
0.59199,"10041519","Völklingen, Stadt",2013
0.6177,"10041519","Völklingen, Stadt",2014
0.6864,"10041519","Völklingen, Stadt",2015
0.67662,"10041519","Völklingen, Stadt",2016
0.61054,"10041519","Völklingen, Stadt",2017
0.68485,"10041519","Völklingen, Stadt",2018
0.74891,"10041519","Völklingen, Stadt",2019
0.8014,"10041519","Völklingen, Stadt",2020
0.86093,"10042111","Beckingen",1998
0.73685,"10042111","Beckingen",1999
0.63827,"10042111","Beckingen",2000
0.57748,"10042111","Beckingen",2001
0.51782,"10042111","Beckingen",2002
0.59673,"10042111","Beckingen",2003
0.50647,"10042111","Beckingen",2004
0.60913,"10042111","Beckingen",2005
0.5818,"10042111","Beckingen",2006
0.64085,"10042111","Beckingen",2007
0.57272,"10042111","Beckingen",2008
0.54549,"10042111","Beckingen",2009
0.52331,"10042111","Beckingen",2010
0.53149,"10042111","Beckingen",2011
0.53869,"10042111","Beckingen",2012
0.53877,"10042111","Beckingen",2013
0.51791,"10042111","Beckingen",2014
0.52025,"10042111","Beckingen",2015
0.58101,"10042111","Beckingen",2016
0.5363,"10042111","Beckingen",2017
0.51514,"10042111","Beckingen",2018
0.47798,"10042111","Beckingen",2019
0.43842,"10042111","Beckingen",2020
0.89966,"10042112","Losheim am See",1998
0.77783,"10042112","Losheim am See",1999
0.67665,"10042112","Losheim am See",2000
0.60753,"10042112","Losheim am See",2001
0.5932,"10042112","Losheim am See",2002
0.65209,"10042112","Losheim am See",2003
0.58963,"10042112","Losheim am See",2004
0.69126,"10042112","Losheim am See",2005
0.66446,"10042112","Losheim am See",2006
0.69402,"10042112","Losheim am See",2007
0.6384,"10042112","Losheim am See",2008
0.60921,"10042112","Losheim am See",2009
0.57994,"10042112","Losheim am See",2010
0.55427,"10042112","Losheim am See",2011
0.57754,"10042112","Losheim am See",2012
0.57799,"10042112","Losheim am See",2013
0.55854,"10042112","Losheim am See",2014
0.5472,"10042112","Losheim am See",2015
0.58344,"10042112","Losheim am See",2016
0.55188,"10042112","Losheim am See",2017
0.52849,"10042112","Losheim am See",2018
0.4756,"10042112","Losheim am See",2019
0.44107,"10042112","Losheim am See",2020
0.88331,"10042113","Merzig, Kreisstadt",1998
0.76159,"10042113","Merzig, Kreisstadt",1999
0.66174,"10042113","Merzig, Kreisstadt",2000
0.66751,"10042113","Merzig, Kreisstadt",2001
0.6272,"10042113","Merzig, Kreisstadt",2002
0.70924,"10042113","Merzig, Kreisstadt",2003
0.67784,"10042113","Merzig, Kreisstadt",2004
0.76276,"10042113","Merzig, Kreisstadt",2005
0.74942,"10042113","Merzig, Kreisstadt",2006
0.76368,"10042113","Merzig, Kreisstadt",2007
0.69938,"10042113","Merzig, Kreisstadt",2008
0.68778,"10042113","Merzig, Kreisstadt",2009
0.66743,"10042113","Merzig, Kreisstadt",2010
0.64605,"10042113","Merzig, Kreisstadt",2011
0.66347,"10042113","Merzig, Kreisstadt",2012
0.67003,"10042113","Merzig, Kreisstadt",2013
0.66085,"10042113","Merzig, Kreisstadt",2014
0.65744,"10042113","Merzig, Kreisstadt",2015
0.68523,"10042113","Merzig, Kreisstadt",2016
0.64198,"10042113","Merzig, Kreisstadt",2017
0.61733,"10042113","Merzig, Kreisstadt",2018
0.59313,"10042113","Merzig, Kreisstadt",2019
0.57468,"10042113","Merzig, Kreisstadt",2020
0.91859,"10042114","Mettlach",1998
0.80354,"10042114","Mettlach",1999
0.7041,"10042114","Mettlach",2000
0.72539,"10042114","Mettlach",2001
0.65953,"10042114","Mettlach",2002
0.72738,"10042114","Mettlach",2003
0.71669,"10042114","Mettlach",2004
0.77265,"10042114","Mettlach",2005
0.75347,"10042114","Mettlach",2006
0.77482,"10042114","Mettlach",2007
0.74749,"10042114","Mettlach",2008
0.75068,"10042114","Mettlach",2009
0.74492,"10042114","Mettlach",2010
0.72352,"10042114","Mettlach",2011
0.74623,"10042114","Mettlach",2012
0.73756,"10042114","Mettlach",2013
0.73666,"10042114","Mettlach",2014
0.75043,"10042114","Mettlach",2015
0.77824,"10042114","Mettlach",2016
0.74503,"10042114","Mettlach",2017
0.74774,"10042114","Mettlach",2018
0.71674,"10042114","Mettlach",2019
0.70004,"10042114","Mettlach",2020
0.99331,"10042115","Perl",1998
0.8806,"10042115","Perl",1999
0.77451,"10042115","Perl",2000
1,"10042115","Perl",2001
1,"10042115","Perl",2002
1,"10042115","Perl",2003
1,"10042115","Perl",2004
0.99885,"10042115","Perl",2005
1,"10042115","Perl",2006
1,"10042115","Perl",2007
1,"10042115","Perl",2008
1,"10042115","Perl",2009
1,"10042115","Perl",2010
1,"10042115","Perl",2011
1,"10042115","Perl",2012
1,"10042115","Perl",2013
1,"10042115","Perl",2014
1,"10042115","Perl",2015
1,"10042115","Perl",2016
1,"10042115","Perl",2017
1,"10042115","Perl",2018
1,"10042115","Perl",2019
1,"10042115","Perl",2020
0.86136,"10042116","Wadern, Stadt",1998
0.74031,"10042116","Wadern, Stadt",1999
0.64213,"10042116","Wadern, Stadt",2000
0.59262,"10042116","Wadern, Stadt",2001
0.56997,"10042116","Wadern, Stadt",2002
0.63863,"10042116","Wadern, Stadt",2003
0.5659,"10042116","Wadern, Stadt",2004
0.6783,"10042116","Wadern, Stadt",2005
0.64072,"10042116","Wadern, Stadt",2006
0.66475,"10042116","Wadern, Stadt",2007
0.60864,"10042116","Wadern, Stadt",2008
0.60894,"10042116","Wadern, Stadt",2009
0.56903,"10042116","Wadern, Stadt",2010
0.54699,"10042116","Wadern, Stadt",2011
0.56482,"10042116","Wadern, Stadt",2012
0.55131,"10042116","Wadern, Stadt",2013
0.52749,"10042116","Wadern, Stadt",2014
0.51636,"10042116","Wadern, Stadt",2015
0.57264,"10042116","Wadern, Stadt",2016
0.54562,"10042116","Wadern, Stadt",2017
0.51785,"10042116","Wadern, Stadt",2018
0.4738,"10042116","Wadern, Stadt",2019
0.43813,"10042116","Wadern, Stadt",2020
0.88115,"10042117","Weiskirchen",1998
0.75972,"10042117","Weiskirchen",1999
0.66061,"10042117","Weiskirchen",2000
0.66414,"10042117","Weiskirchen",2001
0.62316,"10042117","Weiskirchen",2002
0.68732,"10042117","Weiskirchen",2003
0.67148,"10042117","Weiskirchen",2004
0.74923,"10042117","Weiskirchen",2005
0.71951,"10042117","Weiskirchen",2006
0.7233,"10042117","Weiskirchen",2007
0.67792,"10042117","Weiskirchen",2008
0.66747,"10042117","Weiskirchen",2009
0.64137,"10042117","Weiskirchen",2010
0.62844,"10042117","Weiskirchen",2011
0.65918,"10042117","Weiskirchen",2012
0.65788,"10042117","Weiskirchen",2013
0.63296,"10042117","Weiskirchen",2014
0.60406,"10042117","Weiskirchen",2015
0.64685,"10042117","Weiskirchen",2016
0.62185,"10042117","Weiskirchen",2017
0.60349,"10042117","Weiskirchen",2018
0.556,"10042117","Weiskirchen",2019
0.51947,"10042117","Weiskirchen",2020
0.96964,"10043111","Eppelborn",1998
0.96742,"10043111","Eppelborn",1999
0.97114,"10043111","Eppelborn",2000
0.65941,"10043111","Eppelborn",2001
0.66386,"10043111","Eppelborn",2002
0.64238,"10043111","Eppelborn",2003
0.68463,"10043111","Eppelborn",2004
0.69803,"10043111","Eppelborn",2005
0.61469,"10043111","Eppelborn",2006
0.66023,"10043111","Eppelborn",2007
0.54085,"10043111","Eppelborn",2008
0.56008,"10043111","Eppelborn",2009
0.51729,"10043111","Eppelborn",2010
0.63327,"10043111","Eppelborn",2011
0.59004,"10043111","Eppelborn",2012
0.53917,"10043111","Eppelborn",2013
0.53414,"10043111","Eppelborn",2014
0.56665,"10043111","Eppelborn",2015
0.57393,"10043111","Eppelborn",2016
0.54674,"10043111","Eppelborn",2017
0.58968,"10043111","Eppelborn",2018
0.68536,"10043111","Eppelborn",2019
0.72355,"10043111","Eppelborn",2020
0.96663,"10043112","Illingen",1998
0.9643,"10043112","Illingen",1999
0.9677,"10043112","Illingen",2000
0.72635,"10043112","Illingen",2001
0.71352,"10043112","Illingen",2002
0.70265,"10043112","Illingen",2003
0.76959,"10043112","Illingen",2004
0.76044,"10043112","Illingen",2005
0.69076,"10043112","Illingen",2006
0.72851,"10043112","Illingen",2007
0.59427,"10043112","Illingen",2008
0.63493,"10043112","Illingen",2009
0.57922,"10043112","Illingen",2010
0.6388,"10043112","Illingen",2011
0.58559,"10043112","Illingen",2012
0.55089,"10043112","Illingen",2013
0.54135,"10043112","Illingen",2014
0.57616,"10043112","Illingen",2015
0.58223,"10043112","Illingen",2016
0.53828,"10043112","Illingen",2017
0.59362,"10043112","Illingen",2018
0.69748,"10043112","Illingen",2019
0.71502,"10043112","Illingen",2020
0.96649,"10043113","Merchweiler",1998
0.95954,"10043113","Merchweiler",1999
0.96271,"10043113","Merchweiler",2000
0.79122,"10043113","Merchweiler",2001
0.7825,"10043113","Merchweiler",2002
0.74417,"10043113","Merchweiler",2003
0.7768,"10043113","Merchweiler",2004
0.81873,"10043113","Merchweiler",2005
0.75198,"10043113","Merchweiler",2006
0.78302,"10043113","Merchweiler",2007
0.64401,"10043113","Merchweiler",2008
0.65422,"10043113","Merchweiler",2009
0.60375,"10043113","Merchweiler",2010
0.6714,"10043113","Merchweiler",2011
0.61465,"10043113","Merchweiler",2012
0.5801,"10043113","Merchweiler",2013
0.58713,"10043113","Merchweiler",2014
0.58974,"10043113","Merchweiler",2015
0.60884,"10043113","Merchweiler",2016
0.58825,"10043113","Merchweiler",2017
0.65586,"10043113","Merchweiler",2018
0.76249,"10043113","Merchweiler",2019
0.76061,"10043113","Merchweiler",2020
0.99594,"10043114","Neunkirchen, Kreisstadt",1998
0.99457,"10043114","Neunkirchen, Kreisstadt",1999
0.99406,"10043114","Neunkirchen, Kreisstadt",2000
0.88766,"10043114","Neunkirchen, Kreisstadt",2001
0.90863,"10043114","Neunkirchen, Kreisstadt",2002
0.9087,"10043114","Neunkirchen, Kreisstadt",2003
0.99368,"10043114","Neunkirchen, Kreisstadt",2004
1,"10043114","Neunkirchen, Kreisstadt",2005
0.95536,"10043114","Neunkirchen, Kreisstadt",2006
0.93646,"10043114","Neunkirchen, Kreisstadt",2007
0.7989,"10043114","Neunkirchen, Kreisstadt",2008
0.87038,"10043114","Neunkirchen, Kreisstadt",2009
0.80768,"10043114","Neunkirchen, Kreisstadt",2010
0.83154,"10043114","Neunkirchen, Kreisstadt",2011
0.78405,"10043114","Neunkirchen, Kreisstadt",2012
0.75312,"10043114","Neunkirchen, Kreisstadt",2013
0.7675,"10043114","Neunkirchen, Kreisstadt",2014
0.82665,"10043114","Neunkirchen, Kreisstadt",2015
0.79464,"10043114","Neunkirchen, Kreisstadt",2016
0.75302,"10043114","Neunkirchen, Kreisstadt",2017
0.79256,"10043114","Neunkirchen, Kreisstadt",2018
0.91051,"10043114","Neunkirchen, Kreisstadt",2019
0.97338,"10043114","Neunkirchen, Kreisstadt",2020
0.95133,"10043115","Ottweiler, Stadt",1998
0.94917,"10043115","Ottweiler, Stadt",1999
0.95501,"10043115","Ottweiler, Stadt",2000
0.70985,"10043115","Ottweiler, Stadt",2001
0.72097,"10043115","Ottweiler, Stadt",2002
0.71325,"10043115","Ottweiler, Stadt",2003
0.73761,"10043115","Ottweiler, Stadt",2004
0.73645,"10043115","Ottweiler, Stadt",2005
0.68387,"10043115","Ottweiler, Stadt",2006
0.72055,"10043115","Ottweiler, Stadt",2007
0.58857,"10043115","Ottweiler, Stadt",2008
0.61691,"10043115","Ottweiler, Stadt",2009
0.57502,"10043115","Ottweiler, Stadt",2010
0.64626,"10043115","Ottweiler, Stadt",2011
0.6072,"10043115","Ottweiler, Stadt",2012
0.56007,"10043115","Ottweiler, Stadt",2013
0.56224,"10043115","Ottweiler, Stadt",2014
0.58815,"10043115","Ottweiler, Stadt",2015
0.58959,"10043115","Ottweiler, Stadt",2016
0.55293,"10043115","Ottweiler, Stadt",2017
0.59759,"10043115","Ottweiler, Stadt",2018
0.69939,"10043115","Ottweiler, Stadt",2019
0.74143,"10043115","Ottweiler, Stadt",2020
1,"10043116","Schiffweiler",1998
1,"10043116","Schiffweiler",1999
1,"10043116","Schiffweiler",2000
0.74304,"10043116","Schiffweiler",2001
0.74319,"10043116","Schiffweiler",2002
0.74721,"10043116","Schiffweiler",2003
0.79042,"10043116","Schiffweiler",2004
0.79234,"10043116","Schiffweiler",2005
0.74578,"10043116","Schiffweiler",2006
0.7711,"10043116","Schiffweiler",2007
0.62896,"10043116","Schiffweiler",2008
0.6774,"10043116","Schiffweiler",2009
0.6215,"10043116","Schiffweiler",2010
0.66822,"10043116","Schiffweiler",2011
0.61349,"10043116","Schiffweiler",2012
0.57518,"10043116","Schiffweiler",2013
0.57796,"10043116","Schiffweiler",2014
0.6057,"10043116","Schiffweiler",2015
0.61096,"10043116","Schiffweiler",2016
0.56379,"10043116","Schiffweiler",2017
0.61504,"10043116","Schiffweiler",2018
0.71973,"10043116","Schiffweiler",2019
0.76229,"10043116","Schiffweiler",2020
0.95506,"10043117","Spiesen-Elversberg",1998
0.94979,"10043117","Spiesen-Elversberg",1999
0.95587,"10043117","Spiesen-Elversberg",2000
0.76236,"10043117","Spiesen-Elversberg",2001
0.74753,"10043117","Spiesen-Elversberg",2002
0.71595,"10043117","Spiesen-Elversberg",2003
0.72839,"10043117","Spiesen-Elversberg",2004
0.71765,"10043117","Spiesen-Elversberg",2005
0.66982,"10043117","Spiesen-Elversberg",2006
0.6958,"10043117","Spiesen-Elversberg",2007
0.5685,"10043117","Spiesen-Elversberg",2008
0.6,"10043117","Spiesen-Elversberg",2009
0.5526,"10043117","Spiesen-Elversberg",2010
0.61306,"10043117","Spiesen-Elversberg",2011
0.55672,"10043117","Spiesen-Elversberg",2012
0.52281,"10043117","Spiesen-Elversberg",2013
0.53038,"10043117","Spiesen-Elversberg",2014
0.55727,"10043117","Spiesen-Elversberg",2015
0.54428,"10043117","Spiesen-Elversberg",2016
0.4994,"10043117","Spiesen-Elversberg",2017
0.55488,"10043117","Spiesen-Elversberg",2018
0.66123,"10043117","Spiesen-Elversberg",2019
0.69522,"10043117","Spiesen-Elversberg",2020
0.5709,"10044111","Dillingen/ Saar, Stadt",1998
0.59468,"10044111","Dillingen/ Saar, Stadt",1999
0.60411,"10044111","Dillingen/ Saar, Stadt",2000
0.56452,"10044111","Dillingen/ Saar, Stadt",2001
0.45903,"10044111","Dillingen/ Saar, Stadt",2002
0.52148,"10044111","Dillingen/ Saar, Stadt",2003
0.55689,"10044111","Dillingen/ Saar, Stadt",2004
0.59663,"10044111","Dillingen/ Saar, Stadt",2005
0.57495,"10044111","Dillingen/ Saar, Stadt",2006
0.62609,"10044111","Dillingen/ Saar, Stadt",2007
0.52299,"10044111","Dillingen/ Saar, Stadt",2008
0.51797,"10044111","Dillingen/ Saar, Stadt",2009
0.46393,"10044111","Dillingen/ Saar, Stadt",2010
0.45613,"10044111","Dillingen/ Saar, Stadt",2011
0.49089,"10044111","Dillingen/ Saar, Stadt",2012
0.46134,"10044111","Dillingen/ Saar, Stadt",2013
0.46986,"10044111","Dillingen/ Saar, Stadt",2014
0.53018,"10044111","Dillingen/ Saar, Stadt",2015
0.48549,"10044111","Dillingen/ Saar, Stadt",2016
0.47952,"10044111","Dillingen/ Saar, Stadt",2017
0.47313,"10044111","Dillingen/ Saar, Stadt",2018
0.51661,"10044111","Dillingen/ Saar, Stadt",2019
0.49825,"10044111","Dillingen/ Saar, Stadt",2020
0.60092,"10044112","Lebach, Stadt",1998
0.62437,"10044112","Lebach, Stadt",1999
0.62554,"10044112","Lebach, Stadt",2000
0.52604,"10044112","Lebach, Stadt",2001
0.40869,"10044112","Lebach, Stadt",2002
0.50041,"10044112","Lebach, Stadt",2003
0.52226,"10044112","Lebach, Stadt",2004
0.48536,"10044112","Lebach, Stadt",2005
0.41456,"10044112","Lebach, Stadt",2006
0.53416,"10044112","Lebach, Stadt",2007
0.44074,"10044112","Lebach, Stadt",2008
0.41841,"10044112","Lebach, Stadt",2009
0.39146,"10044112","Lebach, Stadt",2010
0.41684,"10044112","Lebach, Stadt",2011
0.47672,"10044112","Lebach, Stadt",2012
0.40912,"10044112","Lebach, Stadt",2013
0.42835,"10044112","Lebach, Stadt",2014
0.45613,"10044112","Lebach, Stadt",2015
0.40921,"10044112","Lebach, Stadt",2016
0.41638,"10044112","Lebach, Stadt",2017
0.41386,"10044112","Lebach, Stadt",2018
0.44309,"10044112","Lebach, Stadt",2019
0.39331,"10044112","Lebach, Stadt",2020
0.58337,"10044113","Nalbach",1998
0.60674,"10044113","Nalbach",1999
0.61793,"10044113","Nalbach",2000
0.35968,"10044113","Nalbach",2001
0.24103,"10044113","Nalbach",2002
0.34851,"10044113","Nalbach",2003
0.32716,"10044113","Nalbach",2004
0.35088,"10044113","Nalbach",2005
0.27298,"10044113","Nalbach",2006
0.41158,"10044113","Nalbach",2007
0.319,"10044113","Nalbach",2008
0.30051,"10044113","Nalbach",2009
0.26509,"10044113","Nalbach",2010
0.31338,"10044113","Nalbach",2011
0.35758,"10044113","Nalbach",2012
0.30375,"10044113","Nalbach",2013
0.3125,"10044113","Nalbach",2014
0.34437,"10044113","Nalbach",2015
0.33313,"10044113","Nalbach",2016
0.33321,"10044113","Nalbach",2017
0.32308,"10044113","Nalbach",2018
0.36865,"10044113","Nalbach",2019
0.31782,"10044113","Nalbach",2020
0.58562,"10044114","Rehlingen-Siersburg",1998
0.61024,"10044114","Rehlingen-Siersburg",1999
0.62187,"10044114","Rehlingen-Siersburg",2000
0.47853,"10044114","Rehlingen-Siersburg",2001
0.3326,"10044114","Rehlingen-Siersburg",2002
0.42047,"10044114","Rehlingen-Siersburg",2003
0.43846,"10044114","Rehlingen-Siersburg",2004
0.41242,"10044114","Rehlingen-Siersburg",2005
0.36169,"10044114","Rehlingen-Siersburg",2006
0.49443,"10044114","Rehlingen-Siersburg",2007
0.3855,"10044114","Rehlingen-Siersburg",2008
0.36533,"10044114","Rehlingen-Siersburg",2009
0.33399,"10044114","Rehlingen-Siersburg",2010
0.3202,"10044114","Rehlingen-Siersburg",2011
0.3577,"10044114","Rehlingen-Siersburg",2012
0.30176,"10044114","Rehlingen-Siersburg",2013
0.32537,"10044114","Rehlingen-Siersburg",2014
0.36567,"10044114","Rehlingen-Siersburg",2015
0.33309,"10044114","Rehlingen-Siersburg",2016
0.34282,"10044114","Rehlingen-Siersburg",2017
0.34525,"10044114","Rehlingen-Siersburg",2018
0.3745,"10044114","Rehlingen-Siersburg",2019
0.32165,"10044114","Rehlingen-Siersburg",2020
0.56071,"10044115","Saarlouis, Kreisstadt",1998
0.58084,"10044115","Saarlouis, Kreisstadt",1999
0.59487,"10044115","Saarlouis, Kreisstadt",2000
0.5508,"10044115","Saarlouis, Kreisstadt",2001
0.41122,"10044115","Saarlouis, Kreisstadt",2002
0.49869,"10044115","Saarlouis, Kreisstadt",2003
0.53614,"10044115","Saarlouis, Kreisstadt",2004
0.53434,"10044115","Saarlouis, Kreisstadt",2005
0.49531,"10044115","Saarlouis, Kreisstadt",2006
0.59245,"10044115","Saarlouis, Kreisstadt",2007
0.49449,"10044115","Saarlouis, Kreisstadt",2008
0.47935,"10044115","Saarlouis, Kreisstadt",2009
0.46033,"10044115","Saarlouis, Kreisstadt",2010
0.42788,"10044115","Saarlouis, Kreisstadt",2011
0.48541,"10044115","Saarlouis, Kreisstadt",2012
0.42294,"10044115","Saarlouis, Kreisstadt",2013
0.41679,"10044115","Saarlouis, Kreisstadt",2014
0.45572,"10044115","Saarlouis, Kreisstadt",2015
0.41,"10044115","Saarlouis, Kreisstadt",2016
0.40349,"10044115","Saarlouis, Kreisstadt",2017
0.40203,"10044115","Saarlouis, Kreisstadt",2018
0.44891,"10044115","Saarlouis, Kreisstadt",2019
0.42432,"10044115","Saarlouis, Kreisstadt",2020
0.57721,"10044116","Saarwellingen",1998
0.59857,"10044116","Saarwellingen",1999
0.60864,"10044116","Saarwellingen",2000
0.41716,"10044116","Saarwellingen",2001
0.27798,"10044116","Saarwellingen",2002
0.37246,"10044116","Saarwellingen",2003
0.38022,"10044116","Saarwellingen",2004
0.38281,"10044116","Saarwellingen",2005
0.30993,"10044116","Saarwellingen",2006
0.44072,"10044116","Saarwellingen",2007
0.34902,"10044116","Saarwellingen",2008
0.3226,"10044116","Saarwellingen",2009
0.31588,"10044116","Saarwellingen",2010
0.34417,"10044116","Saarwellingen",2011
0.39909,"10044116","Saarwellingen",2012
0.31997,"10044116","Saarwellingen",2013
0.32414,"10044116","Saarwellingen",2014
0.36659,"10044116","Saarwellingen",2015
0.33717,"10044116","Saarwellingen",2016
0.34347,"10044116","Saarwellingen",2017
0.33205,"10044116","Saarwellingen",2018
0.37405,"10044116","Saarwellingen",2019
0.33163,"10044116","Saarwellingen",2020
0.59442,"10044117","Schmelz",1998
0.61932,"10044117","Schmelz",1999
0.6289,"10044117","Schmelz",2000
0.46355,"10044117","Schmelz",2001
0.31644,"10044117","Schmelz",2002
0.42853,"10044117","Schmelz",2003
0.45011,"10044117","Schmelz",2004
0.43885,"10044117","Schmelz",2005
0.36253,"10044117","Schmelz",2006
0.49446,"10044117","Schmelz",2007
0.39399,"10044117","Schmelz",2008
0.37826,"10044117","Schmelz",2009
0.3414,"10044117","Schmelz",2010
0.36645,"10044117","Schmelz",2011
0.41726,"10044117","Schmelz",2012
0.3441,"10044117","Schmelz",2013
0.36417,"10044117","Schmelz",2014
0.41647,"10044117","Schmelz",2015
0.35872,"10044117","Schmelz",2016
0.35241,"10044117","Schmelz",2017
0.35605,"10044117","Schmelz",2018
0.38869,"10044117","Schmelz",2019
0.33896,"10044117","Schmelz",2020
0.57955,"10044118","Schwalbach",1998
0.6014,"10044118","Schwalbach",1999
0.6124,"10044118","Schwalbach",2000
0.48589,"10044118","Schwalbach",2001
0.34106,"10044118","Schwalbach",2002
0.42774,"10044118","Schwalbach",2003
0.41293,"10044118","Schwalbach",2004
0.40877,"10044118","Schwalbach",2005
0.35151,"10044118","Schwalbach",2006
0.48313,"10044118","Schwalbach",2007
0.38848,"10044118","Schwalbach",2008
0.37741,"10044118","Schwalbach",2009
0.36335,"10044118","Schwalbach",2010
0.36905,"10044118","Schwalbach",2011
0.42311,"10044118","Schwalbach",2012
0.35281,"10044118","Schwalbach",2013
0.3764,"10044118","Schwalbach",2014
0.41755,"10044118","Schwalbach",2015
0.38007,"10044118","Schwalbach",2016
0.38088,"10044118","Schwalbach",2017
0.37187,"10044118","Schwalbach",2018
0.40501,"10044118","Schwalbach",2019
0.35694,"10044118","Schwalbach",2020
0.58825,"10044119","Überherrn",1998
0.61164,"10044119","Überherrn",1999
0.62246,"10044119","Überherrn",2000
0.39939,"10044119","Überherrn",2001
0.2707,"10044119","Überherrn",2002
0.37389,"10044119","Überherrn",2003
0.36883,"10044119","Überherrn",2004
0.36634,"10044119","Überherrn",2005
0.32348,"10044119","Überherrn",2006
0.44469,"10044119","Überherrn",2007
0.34993,"10044119","Überherrn",2008
0.32969,"10044119","Überherrn",2009
0.31075,"10044119","Überherrn",2010
0.35221,"10044119","Überherrn",2011
0.41066,"10044119","Überherrn",2012
0.33749,"10044119","Überherrn",2013
0.34301,"10044119","Überherrn",2014
0.3874,"10044119","Überherrn",2015
0.35116,"10044119","Überherrn",2016
0.35579,"10044119","Überherrn",2017
0.34865,"10044119","Überherrn",2018
0.36859,"10044119","Überherrn",2019
0.3324,"10044119","Überherrn",2020
0.58973,"10044120","Wadgassen",1998
0.61116,"10044120","Wadgassen",1999
0.62033,"10044120","Wadgassen",2000
0.48478,"10044120","Wadgassen",2001
0.33572,"10044120","Wadgassen",2002
0.40642,"10044120","Wadgassen",2003
0.397,"10044120","Wadgassen",2004
0.40816,"10044120","Wadgassen",2005
0.36127,"10044120","Wadgassen",2006
0.47605,"10044120","Wadgassen",2007
0.3828,"10044120","Wadgassen",2008
0.37506,"10044120","Wadgassen",2009
0.35456,"10044120","Wadgassen",2010
0.37425,"10044120","Wadgassen",2011
0.41788,"10044120","Wadgassen",2012
0.34445,"10044120","Wadgassen",2013
0.34696,"10044120","Wadgassen",2014
0.38634,"10044120","Wadgassen",2015
0.3498,"10044120","Wadgassen",2016
0.33847,"10044120","Wadgassen",2017
0.32553,"10044120","Wadgassen",2018
0.34989,"10044120","Wadgassen",2019
0.29842,"10044120","Wadgassen",2020
0.57142,"10044121","Wallerfangen",1998
0.58997,"10044121","Wallerfangen",1999
0.60135,"10044121","Wallerfangen",2000
0.4389,"10044121","Wallerfangen",2001
0.30824,"10044121","Wallerfangen",2002
0.39562,"10044121","Wallerfangen",2003
0.38215,"10044121","Wallerfangen",2004
0.38736,"10044121","Wallerfangen",2005
0.34247,"10044121","Wallerfangen",2006
0.46794,"10044121","Wallerfangen",2007
0.36864,"10044121","Wallerfangen",2008
0.36811,"10044121","Wallerfangen",2009
0.35727,"10044121","Wallerfangen",2010
0.35792,"10044121","Wallerfangen",2011
0.41247,"10044121","Wallerfangen",2012
0.35199,"10044121","Wallerfangen",2013
0.36822,"10044121","Wallerfangen",2014
0.40659,"10044121","Wallerfangen",2015
0.36979,"10044121","Wallerfangen",2016
0.3628,"10044121","Wallerfangen",2017
0.35659,"10044121","Wallerfangen",2018
0.38822,"10044121","Wallerfangen",2019
0.36267,"10044121","Wallerfangen",2020
0.59891,"10044122","Bous",1998
0.62053,"10044122","Bous",1999
0.62808,"10044122","Bous",2000
0.55037,"10044122","Bous",2001
0.39641,"10044122","Bous",2002
0.5506,"10044122","Bous",2003
0.53512,"10044122","Bous",2004
0.54361,"10044122","Bous",2005
0.47169,"10044122","Bous",2006
0.56018,"10044122","Bous",2007
0.46411,"10044122","Bous",2008
0.48441,"10044122","Bous",2009
0.4437,"10044122","Bous",2010
0.46148,"10044122","Bous",2011
0.49927,"10044122","Bous",2012
0.4413,"10044122","Bous",2013
0.43545,"10044122","Bous",2014
0.47085,"10044122","Bous",2015
0.42882,"10044122","Bous",2016
0.43551,"10044122","Bous",2017
0.432,"10044122","Bous",2018
0.46598,"10044122","Bous",2019
0.41859,"10044122","Bous",2020
0.59059,"10044123","Ensdorf",1998
0.61433,"10044123","Ensdorf",1999
0.62509,"10044123","Ensdorf",2000
0.55708,"10044123","Ensdorf",2001
0.43289,"10044123","Ensdorf",2002
0.51769,"10044123","Ensdorf",2003
0.52397,"10044123","Ensdorf",2004
0.5319,"10044123","Ensdorf",2005
0.46349,"10044123","Ensdorf",2006
0.56037,"10044123","Ensdorf",2007
0.4481,"10044123","Ensdorf",2008
0.44077,"10044123","Ensdorf",2009
0.41893,"10044123","Ensdorf",2010
0.44234,"10044123","Ensdorf",2011
0.49921,"10044123","Ensdorf",2012
0.42434,"10044123","Ensdorf",2013
0.43888,"10044123","Ensdorf",2014
0.47594,"10044123","Ensdorf",2015
0.42818,"10044123","Ensdorf",2016
0.43128,"10044123","Ensdorf",2017
0.43471,"10044123","Ensdorf",2018
0.46928,"10044123","Ensdorf",2019
0.44044,"10044123","Ensdorf",2020
0.04432,"10045111","Bexbach, Stadt",1998
0.04521,"10045111","Bexbach, Stadt",1999
0.21067,"10045111","Bexbach, Stadt",2000
0.06575,"10045111","Bexbach, Stadt",2001
0.07887,"10045111","Bexbach, Stadt",2002
0.08125,"10045111","Bexbach, Stadt",2003
0.11309,"10045111","Bexbach, Stadt",2004
0.14615,"10045111","Bexbach, Stadt",2005
0.11907,"10045111","Bexbach, Stadt",2006
0.07798,"10045111","Bexbach, Stadt",2007
0.06523,"10045111","Bexbach, Stadt",2008
0.10214,"10045111","Bexbach, Stadt",2009
0.12693,"10045111","Bexbach, Stadt",2010
0.08866,"10045111","Bexbach, Stadt",2011
0.07419,"10045111","Bexbach, Stadt",2012
0.08389,"10045111","Bexbach, Stadt",2013
0.08587,"10045111","Bexbach, Stadt",2014
0.10743,"10045111","Bexbach, Stadt",2015
0.08596,"10045111","Bexbach, Stadt",2016
0.09426,"10045111","Bexbach, Stadt",2017
0.0869,"10045111","Bexbach, Stadt",2018
0.1003,"10045111","Bexbach, Stadt",2019
0.11278,"10045111","Bexbach, Stadt",2020
0.02534,"10045112","Blieskastel, Stadt",1998
0.02667,"10045112","Blieskastel, Stadt",1999
0.19495,"10045112","Blieskastel, Stadt",2000
0.11453,"10045112","Blieskastel, Stadt",2001
0.08893,"10045112","Blieskastel, Stadt",2002
0.09786,"10045112","Blieskastel, Stadt",2003
0.11028,"10045112","Blieskastel, Stadt",2004
0.12535,"10045112","Blieskastel, Stadt",2005
0.12811,"10045112","Blieskastel, Stadt",2006
0.08316,"10045112","Blieskastel, Stadt",2007
0.071,"10045112","Blieskastel, Stadt",2008
0.07439,"10045112","Blieskastel, Stadt",2009
0.089,"10045112","Blieskastel, Stadt",2010
0.04302,"10045112","Blieskastel, Stadt",2011
0.03798,"10045112","Blieskastel, Stadt",2012
0.03689,"10045112","Blieskastel, Stadt",2013
0.0254,"10045112","Blieskastel, Stadt",2014
0.04926,"10045112","Blieskastel, Stadt",2015
0.04952,"10045112","Blieskastel, Stadt",2016
0.06414,"10045112","Blieskastel, Stadt",2017
0.04832,"10045112","Blieskastel, Stadt",2018
0.04764,"10045112","Blieskastel, Stadt",2019
0.0572,"10045112","Blieskastel, Stadt",2020
0.06286,"10045113","Gersheim",1998
0.06698,"10045113","Gersheim",1999
0.23328,"10045113","Gersheim",2000
0.1024,"10045113","Gersheim",2001
0.11578,"10045113","Gersheim",2002
0.11281,"10045113","Gersheim",2003
0.11958,"10045113","Gersheim",2004
0.13552,"10045113","Gersheim",2005
0.09193,"10045113","Gersheim",2006
0.07024,"10045113","Gersheim",2007
0.0721,"10045113","Gersheim",2008
0.07025,"10045113","Gersheim",2009
0.09138,"10045113","Gersheim",2010
0.07619,"10045113","Gersheim",2011
0.08333,"10045113","Gersheim",2012
0.0682,"10045113","Gersheim",2013
0.0738,"10045113","Gersheim",2014
0.08787,"10045113","Gersheim",2015
0.0631,"10045113","Gersheim",2016
0.08913,"10045113","Gersheim",2017
0.0649,"10045113","Gersheim",2018
0.08059,"10045113","Gersheim",2019
0.09575,"10045113","Gersheim",2020
0.03528,"10045114","Homburg, Kreisstadt",1998
0.03916,"10045114","Homburg, Kreisstadt",1999
0.20605,"10045114","Homburg, Kreisstadt",2000
0.13854,"10045114","Homburg, Kreisstadt",2001
0.14309,"10045114","Homburg, Kreisstadt",2002
0.1245,"10045114","Homburg, Kreisstadt",2003
0.17329,"10045114","Homburg, Kreisstadt",2004
0.20444,"10045114","Homburg, Kreisstadt",2005
0.20705,"10045114","Homburg, Kreisstadt",2006
0.16733,"10045114","Homburg, Kreisstadt",2007
0.15153,"10045114","Homburg, Kreisstadt",2008
0.19716,"10045114","Homburg, Kreisstadt",2009
0.2233,"10045114","Homburg, Kreisstadt",2010
0.13776,"10045114","Homburg, Kreisstadt",2011
0.14112,"10045114","Homburg, Kreisstadt",2012
0.14902,"10045114","Homburg, Kreisstadt",2013
0.15682,"10045114","Homburg, Kreisstadt",2014
0.16684,"10045114","Homburg, Kreisstadt",2015
0.14855,"10045114","Homburg, Kreisstadt",2016
0.15285,"10045114","Homburg, Kreisstadt",2017
0.14904,"10045114","Homburg, Kreisstadt",2018
0.17493,"10045114","Homburg, Kreisstadt",2019
0.20062,"10045114","Homburg, Kreisstadt",2020
0.02634,"10045115","Kirkel",1998
0.02926,"10045115","Kirkel",1999
0.19908,"10045115","Kirkel",2000
0,"10045115","Kirkel",2001
0.02555,"10045115","Kirkel",2002
0.02522,"10045115","Kirkel",2003
0.03894,"10045115","Kirkel",2004
0.03061,"10045115","Kirkel",2005
0,"10045115","Kirkel",2006
0,"10045115","Kirkel",2007
0,"10045115","Kirkel",2008
0,"10045115","Kirkel",2009
0.00955,"10045115","Kirkel",2010
0,"10045115","Kirkel",2011
0.00736,"10045115","Kirkel",2012
0.02157,"10045115","Kirkel",2013
0.01561,"10045115","Kirkel",2014
0.02551,"10045115","Kirkel",2015
0.02047,"10045115","Kirkel",2016
0.0326,"10045115","Kirkel",2017
0.0224,"10045115","Kirkel",2018
0.03082,"10045115","Kirkel",2019
0.03826,"10045115","Kirkel",2020
0.02409,"10045116","Mandelbachtal",1998
0.02676,"10045116","Mandelbachtal",1999
0.19495,"10045116","Mandelbachtal",2000
0.01467,"10045116","Mandelbachtal",2001
0,"10045116","Mandelbachtal",2002
0,"10045116","Mandelbachtal",2003
0,"10045116","Mandelbachtal",2004
0,"10045116","Mandelbachtal",2005
0.01336,"10045116","Mandelbachtal",2006
0.0117,"10045116","Mandelbachtal",2007
0.00911,"10045116","Mandelbachtal",2008
0.01541,"10045116","Mandelbachtal",2009
0.03805,"10045116","Mandelbachtal",2010
0.00694,"10045116","Mandelbachtal",2011
0,"10045116","Mandelbachtal",2012
0,"10045116","Mandelbachtal",2013
0,"10045116","Mandelbachtal",2014
0,"10045116","Mandelbachtal",2015
0,"10045116","Mandelbachtal",2016
0,"10045116","Mandelbachtal",2017
0,"10045116","Mandelbachtal",2018
0,"10045116","Mandelbachtal",2019
0,"10045116","Mandelbachtal",2020
0,"10045117","St. Ingbert, Stadt",1998
0,"10045117","St. Ingbert, Stadt",1999
0.16899,"10045117","St. Ingbert, Stadt",2000
0.11007,"10045117","St. Ingbert, Stadt",2001
0.08703,"10045117","St. Ingbert, Stadt",2002
0.09681,"10045117","St. Ingbert, Stadt",2003
0.09503,"10045117","St. Ingbert, Stadt",2004
0.11185,"10045117","St. Ingbert, Stadt",2005
0.10785,"10045117","St. Ingbert, Stadt",2006
0.06828,"10045117","St. Ingbert, Stadt",2007
0.07878,"10045117","St. Ingbert, Stadt",2008
0.11963,"10045117","St. Ingbert, Stadt",2009
0.12835,"10045117","St. Ingbert, Stadt",2010
0.09377,"10045117","St. Ingbert, Stadt",2011
0.08395,"10045117","St. Ingbert, Stadt",2012
0.09241,"10045117","St. Ingbert, Stadt",2013
0.09019,"10045117","St. Ingbert, Stadt",2014
0.10281,"10045117","St. Ingbert, Stadt",2015
0.09521,"10045117","St. Ingbert, Stadt",2016
0.09692,"10045117","St. Ingbert, Stadt",2017
0.07799,"10045117","St. Ingbert, Stadt",2018
0.08918,"10045117","St. Ingbert, Stadt",2019
0.09247,"10045117","St. Ingbert, Stadt",2020
0.16808,"10046111","Freisen",1998
0.20747,"10046111","Freisen",1999
0.01984,"10046111","Freisen",2000
0.05184,"10046111","Freisen",2001
0.17158,"10046111","Freisen",2002
0.15115,"10046111","Freisen",2003
0.13009,"10046111","Freisen",2004
0.25177,"10046111","Freisen",2005
0.21812,"10046111","Freisen",2006
0.2802,"10046111","Freisen",2007
0.19312,"10046111","Freisen",2008
0.1152,"10046111","Freisen",2009
0.05647,"10046111","Freisen",2010
0.14208,"10046111","Freisen",2011
0.13638,"10046111","Freisen",2012
0.15415,"10046111","Freisen",2013
0.3402,"10046111","Freisen",2014
0.34748,"10046111","Freisen",2015
0.22815,"10046111","Freisen",2016
0.25362,"10046111","Freisen",2017
0.21234,"10046111","Freisen",2018
0.23643,"10046111","Freisen",2019
0.10336,"10046111","Freisen",2020
0.16603,"10046112","Marpingen",1998
0.20266,"10046112","Marpingen",1999
0.01373,"10046112","Marpingen",2000
0.05851,"10046112","Marpingen",2001
0.1436,"10046112","Marpingen",2002
0.10172,"10046112","Marpingen",2003
0.10238,"10046112","Marpingen",2004
0.20648,"10046112","Marpingen",2005
0.17405,"10046112","Marpingen",2006
0.24044,"10046112","Marpingen",2007
0.15195,"10046112","Marpingen",2008
0.0565,"10046112","Marpingen",2009
0.01134,"10046112","Marpingen",2010
0.09594,"10046112","Marpingen",2011
0.09978,"10046112","Marpingen",2012
0.12168,"10046112","Marpingen",2013
0.31352,"10046112","Marpingen",2014
0.30431,"10046112","Marpingen",2015
0.18705,"10046112","Marpingen",2016
0.22595,"10046112","Marpingen",2017
0.1811,"10046112","Marpingen",2018
0.20763,"10046112","Marpingen",2019
0.08936,"10046112","Marpingen",2020
0.17267,"10046113","Namborn",1998
0.20972,"10046113","Namborn",1999
0.02261,"10046113","Namborn",2000
0.02457,"10046113","Namborn",2001
0.11835,"10046113","Namborn",2002
0.12499,"10046113","Namborn",2003
0.12599,"10046113","Namborn",2004
0.22399,"10046113","Namborn",2005
0.17799,"10046113","Namborn",2006
0.24353,"10046113","Namborn",2007
0.1464,"10046113","Namborn",2008
0.06231,"10046113","Namborn",2009
0,"10046113","Namborn",2010
0.10948,"10046113","Namborn",2011
0.10717,"10046113","Namborn",2012
0.12446,"10046113","Namborn",2013
0.31698,"10046113","Namborn",2014
0.32467,"10046113","Namborn",2015
0.21935,"10046113","Namborn",2016
0.25096,"10046113","Namborn",2017
0.18183,"10046113","Namborn",2018
0.21675,"10046113","Namborn",2019
0.09595,"10046113","Namborn",2020
0.16828,"10046114","Nohfelden",1998
0.20228,"10046114","Nohfelden",1999
0.01794,"10046114","Nohfelden",2000
0.08539,"10046114","Nohfelden",2001
0.16064,"10046114","Nohfelden",2002
0.13582,"10046114","Nohfelden",2003
0.11455,"10046114","Nohfelden",2004
0.21217,"10046114","Nohfelden",2005
0.18079,"10046114","Nohfelden",2006
0.25289,"10046114","Nohfelden",2007
0.15694,"10046114","Nohfelden",2008
0.05396,"10046114","Nohfelden",2009
0.00909,"10046114","Nohfelden",2010
0.1377,"10046114","Nohfelden",2011
0.13644,"10046114","Nohfelden",2012
0.15322,"10046114","Nohfelden",2013
0.33902,"10046114","Nohfelden",2014
0.34092,"10046114","Nohfelden",2015
0.23852,"10046114","Nohfelden",2016
0.27417,"10046114","Nohfelden",2017
0.21703,"10046114","Nohfelden",2018
0.24646,"10046114","Nohfelden",2019
0.13101,"10046114","Nohfelden",2020
0.15283,"10046115","Nonnweiler",1998
0.19161,"10046115","Nonnweiler",1999
0.00775,"10046115","Nonnweiler",2000
0.06086,"10046115","Nonnweiler",2001
0.13943,"10046115","Nonnweiler",2002
0.10824,"10046115","Nonnweiler",2003
0.12317,"10046115","Nonnweiler",2004
0.21894,"10046115","Nonnweiler",2005
0.16053,"10046115","Nonnweiler",2006
0.23486,"10046115","Nonnweiler",2007
0.13749,"10046115","Nonnweiler",2008
0.06568,"10046115","Nonnweiler",2009
0.01432,"10046115","Nonnweiler",2010
0.11438,"10046115","Nonnweiler",2011
0.09318,"10046115","Nonnweiler",2012
0.10514,"10046115","Nonnweiler",2013
0.30571,"10046115","Nonnweiler",2014
0.30423,"10046115","Nonnweiler",2015
0.20125,"10046115","Nonnweiler",2016
0.22753,"10046115","Nonnweiler",2017
0.16871,"10046115","Nonnweiler",2018
0.20808,"10046115","Nonnweiler",2019
0.09957,"10046115","Nonnweiler",2020
0.15604,"10046116","Oberthal",1998
0.19344,"10046116","Oberthal",1999
0.00929,"10046116","Oberthal",2000
0.07732,"10046116","Oberthal",2001
0.16952,"10046116","Oberthal",2002
0.14092,"10046116","Oberthal",2003
0.13764,"10046116","Oberthal",2004
0.23767,"10046116","Oberthal",2005
0.20307,"10046116","Oberthal",2006
0.26734,"10046116","Oberthal",2007
0.17561,"10046116","Oberthal",2008
0.10168,"10046116","Oberthal",2009
0.03554,"10046116","Oberthal",2010
0.13587,"10046116","Oberthal",2011
0.14295,"10046116","Oberthal",2012
0.14849,"10046116","Oberthal",2013
0.33698,"10046116","Oberthal",2014
0.33218,"10046116","Oberthal",2015
0.21593,"10046116","Oberthal",2016
0.24338,"10046116","Oberthal",2017
0.20358,"10046116","Oberthal",2018
0.23909,"10046116","Oberthal",2019
0.12539,"10046116","Oberthal",2020
0.14638,"10046117","St. Wendel, Kreisstadt",1998
0.18162,"10046117","St. Wendel, Kreisstadt",1999
0,"10046117","St. Wendel, Kreisstadt",2000
0.08169,"10046117","St. Wendel, Kreisstadt",2001
0.16026,"10046117","St. Wendel, Kreisstadt",2002
0.13683,"10046117","St. Wendel, Kreisstadt",2003
0.16249,"10046117","St. Wendel, Kreisstadt",2004
0.27197,"10046117","St. Wendel, Kreisstadt",2005
0.22271,"10046117","St. Wendel, Kreisstadt",2006
0.28519,"10046117","St. Wendel, Kreisstadt",2007
0.18275,"10046117","St. Wendel, Kreisstadt",2008
0.1037,"10046117","St. Wendel, Kreisstadt",2009
0.03872,"10046117","St. Wendel, Kreisstadt",2010
0.13199,"10046117","St. Wendel, Kreisstadt",2011
0.12131,"10046117","St. Wendel, Kreisstadt",2012
0.15063,"10046117","St. Wendel, Kreisstadt",2013
0.34787,"10046117","St. Wendel, Kreisstadt",2014
0.34807,"10046117","St. Wendel, Kreisstadt",2015
0.23384,"10046117","St. Wendel, Kreisstadt",2016
0.26779,"10046117","St. Wendel, Kreisstadt",2017
0.22133,"10046117","St. Wendel, Kreisstadt",2018
0.24848,"10046117","St. Wendel, Kreisstadt",2019
0.12627,"10046117","St. Wendel, Kreisstadt",2020
0.16101,"10046118","Tholey",1998
0.1981,"10046118","Tholey",1999
0.01273,"10046118","Tholey",2000
0.0572,"10046118","Tholey",2001
0.15727,"10046118","Tholey",2002
0.11363,"10046118","Tholey",2003
0.09815,"10046118","Tholey",2004
0.19427,"10046118","Tholey",2005
0.16586,"10046118","Tholey",2006
0.24553,"10046118","Tholey",2007
0.16109,"10046118","Tholey",2008
0.07847,"10046118","Tholey",2009
0.01253,"10046118","Tholey",2010
0.09628,"10046118","Tholey",2011
0.08324,"10046118","Tholey",2012
0.1144,"10046118","Tholey",2013
0.31411,"10046118","Tholey",2014
0.31819,"10046118","Tholey",2015
0.20008,"10046118","Tholey",2016
0.23739,"10046118","Tholey",2017
0.17719,"10046118","Tholey",2018
0.20275,"10046118","Tholey",2019
0.09546,"10046118","Tholey",2020
