"","NUTS2","GISD_Score","GISD_5","GISD_10","GISD_k","NUTS2 Name","Jahr"
"1","DE11",0.208426,1,1,1,"Stuttgart",1998
"2","DE11",0.234238,1,1,1,"Stuttgart",1999
"3","DE11",0.186879,1,1,1,"Stuttgart",2000
"4","DE11",0.15149,1,1,1,"Stuttgart",2001
"5","DE11",0.191668,1,1,1,"Stuttgart",2002
"6","DE11",0.185088,1,1,1,"Stuttgart",2003
"7","DE11",0.137179,1,1,1,"Stuttgart",2004
"8","DE11",0.142033,1,1,1,"Stuttgart",2005
"9","DE11",0.152238,1,1,1,"Stuttgart",2006
"10","DE11",0.165423,1,1,1,"Stuttgart",2007
"11","DE11",0.207225,1,1,1,"Stuttgart",2008
"12","DE11",0.256941,1,1,1,"Stuttgart",2009
"13","DE11",0.242119,1,1,1,"Stuttgart",2010
"14","DE11",0.196816,1,1,1,"Stuttgart",2011
"15","DE11",0.221678,1,1,1,"Stuttgart",2012
"16","DE11",0.21946,1,1,1,"Stuttgart",2013
"17","DE11",0.217156,1,1,1,"Stuttgart",2014
"18","DE11",0.22797,1,1,1,"Stuttgart",2015
"19","DE11",0.207802,1,1,1,"Stuttgart",2016
"20","DE11",0.25806,1,1,1,"Stuttgart",2017
"21","DE11",0.20751,1,1,1,"Stuttgart",2018
"22","DE11",0.201638,1,1,1,"Stuttgart",2019
"23","DE12",0.288896,1,2,1,"Karlsruhe",1998
"24","DE12",0.324191,1,2,1,"Karlsruhe",1999
"25","DE12",0.265461,1,2,1,"Karlsruhe",2000
"26","DE12",0.220798,1,1,1,"Karlsruhe",2001
"27","DE12",0.244566,1,1,1,"Karlsruhe",2002
"28","DE12",0.250862,1,1,1,"Karlsruhe",2003
"29","DE12",0.214963,1,1,1,"Karlsruhe",2004
"30","DE12",0.229586,1,1,1,"Karlsruhe",2005
"31","DE12",0.240868,1,1,1,"Karlsruhe",2006
"32","DE12",0.262873,1,1,1,"Karlsruhe",2007
"33","DE12",0.300831,1,1,1,"Karlsruhe",2008
"34","DE12",0.342289,1,1,1,"Karlsruhe",2009
"35","DE12",0.327517,1,1,1,"Karlsruhe",2010
"36","DE12",0.287909,1,2,1,"Karlsruhe",2011
"37","DE12",0.300002,1,2,1,"Karlsruhe",2012
"38","DE12",0.306584,1,2,1,"Karlsruhe",2013
"39","DE12",0.316715,1,2,1,"Karlsruhe",2014
"40","DE12",0.325747,1,2,1,"Karlsruhe",2015
"41","DE12",0.311035,1,2,1,"Karlsruhe",2016
"42","DE12",0.368296,1,2,1,"Karlsruhe",2017
"43","DE12",0.336614,1,2,1,"Karlsruhe",2018
"44","DE12",0.325236,1,2,1,"Karlsruhe",2019
"45","DE13",0.43178,2,4,2,"Freiburg",1998
"46","DE13",0.478907,2,4,2,"Freiburg",1999
"47","DE13",0.420481,2,4,2,"Freiburg",2000
"48","DE13",0.38484,2,4,2,"Freiburg",2001
"49","DE13",0.40728,2,4,2,"Freiburg",2002
"50","DE13",0.399629,2,3,2,"Freiburg",2003
"51","DE13",0.367133,2,4,2,"Freiburg",2004
"52","DE13",0.366109,2,3,2,"Freiburg",2005
"53","DE13",0.378095,2,3,2,"Freiburg",2006
"54","DE13",0.420208,2,3,2,"Freiburg",2007
"55","DE13",0.445334,2,3,2,"Freiburg",2008
"56","DE13",0.497554,2,4,2,"Freiburg",2009
"57","DE13",0.470729,2,4,2,"Freiburg",2010
"58","DE13",0.428223,2,3,2,"Freiburg",2011
"59","DE13",0.441268,2,4,2,"Freiburg",2012
"60","DE13",0.45588,2,4,2,"Freiburg",2013
"61","DE13",0.462269,2,4,2,"Freiburg",2014
"62","DE13",0.457202,2,4,2,"Freiburg",2015
"63","DE13",0.439925,2,4,2,"Freiburg",2016
"64","DE13",0.503583,2,4,2,"Freiburg",2017
"65","DE13",0.459035,2,4,2,"Freiburg",2018
"66","DE13",0.455658,2,4,2,"Freiburg",2019
"67","DE14",0.292,1,2,1,"Tübingen",1998
"68","DE14",0.321105,1,2,1,"Tübingen",1999
"69","DE14",0.288515,1,2,1,"Tübingen",2000
"70","DE14",0.245147,1,2,1,"Tübingen",2001
"71","DE14",0.287037,1,2,1,"Tübingen",2002
"72","DE14",0.281592,1,2,1,"Tübingen",2003
"73","DE14",0.248626,1,2,1,"Tübingen",2004
"74","DE14",0.243037,1,2,1,"Tübingen",2005
"75","DE14",0.256937,1,2,1,"Tübingen",2006
"76","DE14",0.280024,1,2,1,"Tübingen",2007
"77","DE14",0.30759,1,2,1,"Tübingen",2008
"78","DE14",0.352387,1,2,1,"Tübingen",2009
"79","DE14",0.331263,1,2,1,"Tübingen",2010
"80","DE14",0.278502,1,1,1,"Tübingen",2011
"81","DE14",0.302985,1,2,1,"Tübingen",2012
"82","DE14",0.306172,1,2,1,"Tübingen",2013
"83","DE14",0.292924,1,2,1,"Tübingen",2014
"84","DE14",0.326334,1,2,1,"Tübingen",2015
"85","DE14",0.295151,1,2,1,"Tübingen",2016
"86","DE14",0.352034,1,2,1,"Tübingen",2017
"87","DE14",0.309791,1,2,1,"Tübingen",2018
"88","DE14",0.313396,1,2,1,"Tübingen",2019
"89","DE21",0.048549,1,1,1,"Oberbayern",1998
"90","DE21",0.060324,1,1,1,"Oberbayern",1999
"91","DE21",0.015713,1,1,1,"Oberbayern",2000
"92","DE21",0.014694,1,1,1,"Oberbayern",2001
"93","DE21",0.032752,1,1,1,"Oberbayern",2002
"94","DE21",0.044408,1,1,1,"Oberbayern",2003
"95","DE21",0.015698,1,1,1,"Oberbayern",2004
"96","DE21",0.029912,1,1,1,"Oberbayern",2005
"97","DE21",0.046614,1,1,1,"Oberbayern",2006
"98","DE21",0.066963,1,1,1,"Oberbayern",2007
"99","DE21",0.087829,1,1,1,"Oberbayern",2008
"100","DE21",0.102508,1,1,1,"Oberbayern",2009
"101","DE21",0.092763,1,1,1,"Oberbayern",2010
"102","DE21",0.076798,1,1,1,"Oberbayern",2011
"103","DE21",0.05318,1,1,1,"Oberbayern",2012
"104","DE21",0.057222,1,1,1,"Oberbayern",2013
"105","DE21",0.026845,1,1,1,"Oberbayern",2014
"106","DE21",0.040182,1,1,1,"Oberbayern",2015
"107","DE21",0,1,1,1,"Oberbayern",2016
"108","DE21",0.056965,1,1,1,"Oberbayern",2017
"109","DE21",0.003619,1,1,1,"Oberbayern",2018
"110","DE21",0.001699,1,1,1,"Oberbayern",2019
"111","DE22",0.433847,2,4,2,"Niederbayern",1998
"112","DE22",0.480621,2,4,2,"Niederbayern",1999
"113","DE22",0.437286,2,4,2,"Niederbayern",2000
"114","DE22",0.415422,3,5,2,"Niederbayern",2001
"115","DE22",0.454569,3,6,2,"Niederbayern",2002
"116","DE22",0.444966,3,5,2,"Niederbayern",2003
"117","DE22",0.408107,3,5,2,"Niederbayern",2004
"118","DE22",0.404694,2,4,2,"Niederbayern",2005
"119","DE22",0.410886,2,4,2,"Niederbayern",2006
"120","DE22",0.422421,2,4,2,"Niederbayern",2007
"121","DE22",0.476923,2,4,2,"Niederbayern",2008
"122","DE22",0.512836,2,4,2,"Niederbayern",2009
"123","DE22",0.489081,2,4,2,"Niederbayern",2010
"124","DE22",0.462607,2,4,2,"Niederbayern",2011
"125","DE22",0.43051,2,4,2,"Niederbayern",2012
"126","DE22",0.438082,2,4,2,"Niederbayern",2013
"127","DE22",0.433573,2,4,2,"Niederbayern",2014
"128","DE22",0.446479,2,4,2,"Niederbayern",2015
"129","DE22",0.435293,2,4,2,"Niederbayern",2016
"130","DE22",0.483828,2,4,2,"Niederbayern",2017
"131","DE22",0.43432,2,4,2,"Niederbayern",2018
"132","DE22",0.438164,2,4,2,"Niederbayern",2019
"133","DE23",0.397289,2,3,2,"Oberpfalz",1998
"134","DE23",0.43972,2,3,2,"Oberpfalz",1999
"135","DE23",0.391005,2,3,2,"Oberpfalz",2000
"136","DE23",0.382199,2,4,2,"Oberpfalz",2001
"137","DE23",0.402477,2,4,2,"Oberpfalz",2002
"138","DE23",0.412839,2,4,2,"Oberpfalz",2003
"139","DE23",0.360453,2,3,2,"Oberpfalz",2004
"140","DE23",0.365972,2,3,2,"Oberpfalz",2005
"141","DE23",0.366016,2,3,2,"Oberpfalz",2006
"142","DE23",0.376918,2,3,2,"Oberpfalz",2007
"143","DE23",0.423077,2,3,2,"Oberpfalz",2008
"144","DE23",0.461653,2,3,2,"Oberpfalz",2009
"145","DE23",0.428465,2,3,2,"Oberpfalz",2010
"146","DE23",0.410826,2,3,2,"Oberpfalz",2011
"147","DE23",0.37535,2,3,2,"Oberpfalz",2012
"148","DE23",0.390714,2,3,2,"Oberpfalz",2013
"149","DE23",0.371577,2,3,2,"Oberpfalz",2014
"150","DE23",0.379575,2,3,2,"Oberpfalz",2015
"151","DE23",0.35878,2,3,2,"Oberpfalz",2016
"152","DE23",0.420464,2,3,2,"Oberpfalz",2017
"153","DE23",0.360382,2,3,2,"Oberpfalz",2018
"154","DE23",0.364021,2,3,2,"Oberpfalz",2019
"155","DE24",0.431055,2,4,2,"Oberfranken",1998
"156","DE24",0.474519,2,4,2,"Oberfranken",1999
"157","DE24",0.408151,2,4,2,"Oberfranken",2000
"158","DE24",0.379202,2,3,2,"Oberfranken",2001
"159","DE24",0.439905,3,5,2,"Oberfranken",2002
"160","DE24",0.442378,3,5,2,"Oberfranken",2003
"161","DE24",0.400055,2,4,2,"Oberfranken",2004
"162","DE24",0.405813,3,5,2,"Oberfranken",2005
"163","DE24",0.414608,2,4,2,"Oberfranken",2006
"164","DE24",0.429978,2,4,2,"Oberfranken",2007
"165","DE24",0.459973,2,4,2,"Oberfranken",2008
"166","DE24",0.482962,2,3,2,"Oberfranken",2009
"167","DE24",0.455966,2,3,2,"Oberfranken",2010
"168","DE24",0.43941,2,4,2,"Oberfranken",2011
"169","DE24",0.427927,2,3,2,"Oberfranken",2012
"170","DE24",0.437959,2,3,2,"Oberfranken",2013
"171","DE24",0.432705,2,3,2,"Oberfranken",2014
"172","DE24",0.43458,2,3,2,"Oberfranken",2015
"173","DE24",0.413233,2,3,2,"Oberfranken",2016
"174","DE24",0.467533,2,3,2,"Oberfranken",2017
"175","DE24",0.421157,2,3,2,"Oberfranken",2018
"176","DE24",0.425234,2,3,2,"Oberfranken",2019
"177","DE25",0.335809,1,2,1,"Mittelfranken",1998
"178","DE25",0.365547,1,2,1,"Mittelfranken",1999
"179","DE25",0.308645,1,2,1,"Mittelfranken",2000
"180","DE25",0.28495,1,2,1,"Mittelfranken",2001
"181","DE25",0.309025,1,2,1,"Mittelfranken",2002
"182","DE25",0.325235,1,2,1,"Mittelfranken",2003
"183","DE25",0.300194,1,2,1,"Mittelfranken",2004
"184","DE25",0.297655,1,2,1,"Mittelfranken",2005
"185","DE25",0.307736,1,2,1,"Mittelfranken",2006
"186","DE25",0.325976,1,2,1,"Mittelfranken",2007
"187","DE25",0.349255,1,2,1,"Mittelfranken",2008
"188","DE25",0.370307,1,2,1,"Mittelfranken",2009
"189","DE25",0.351054,1,2,1,"Mittelfranken",2010
"190","DE25",0.316239,1,2,1,"Mittelfranken",2011
"191","DE25",0.312224,1,2,1,"Mittelfranken",2012
"192","DE25",0.327471,1,2,1,"Mittelfranken",2013
"193","DE25",0.323932,1,2,1,"Mittelfranken",2014
"194","DE25",0.325776,1,2,1,"Mittelfranken",2015
"195","DE25",0.315332,1,2,1,"Mittelfranken",2016
"196","DE25",0.366509,1,2,1,"Mittelfranken",2017
"197","DE25",0.330301,1,2,1,"Mittelfranken",2018
"198","DE25",0.325773,1,2,1,"Mittelfranken",2019
"199","DE26",0.36535,2,3,2,"Unterfranken",1998
"200","DE26",0.395971,2,3,2,"Unterfranken",1999
"201","DE26",0.347024,2,3,2,"Unterfranken",2000
"202","DE26",0.319183,2,3,2,"Unterfranken",2001
"203","DE26",0.355908,2,3,2,"Unterfranken",2002
"204","DE26",0.370982,2,3,2,"Unterfranken",2003
"205","DE26",0.31961,2,3,2,"Unterfranken",2004
"206","DE26",0.32041,2,3,2,"Unterfranken",2005
"207","DE26",0.335341,2,3,2,"Unterfranken",2006
"208","DE26",0.348405,2,3,2,"Unterfranken",2007
"209","DE26",0.3901,2,3,2,"Unterfranken",2008
"210","DE26",0.412319,2,3,2,"Unterfranken",2009
"211","DE26",0.389769,2,3,2,"Unterfranken",2010
"212","DE26",0.371636,2,3,2,"Unterfranken",2011
"213","DE26",0.356022,2,3,2,"Unterfranken",2012
"214","DE26",0.366999,2,3,2,"Unterfranken",2013
"215","DE26",0.354717,2,3,2,"Unterfranken",2014
"216","DE26",0.364592,2,3,2,"Unterfranken",2015
"217","DE26",0.3681,2,3,2,"Unterfranken",2016
"218","DE26",0.404864,1,2,1,"Unterfranken",2017
"219","DE26",0.355103,2,3,2,"Unterfranken",2018
"220","DE26",0.34854,1,2,1,"Unterfranken",2019
"221","DE27",0.351266,1,2,1,"Schwaben",1998
"222","DE27",0.373729,1,2,1,"Schwaben",1999
"223","DE27",0.334564,1,2,1,"Schwaben",2000
"224","DE27",0.302677,1,2,1,"Schwaben",2001
"225","DE27",0.330466,1,2,1,"Schwaben",2002
"226","DE27",0.333594,1,2,1,"Schwaben",2003
"227","DE27",0.303956,1,2,1,"Schwaben",2004
"228","DE27",0.318207,1,2,1,"Schwaben",2005
"229","DE27",0.320439,1,2,1,"Schwaben",2006
"230","DE27",0.338576,1,2,1,"Schwaben",2007
"231","DE27",0.36562,1,2,1,"Schwaben",2008
"232","DE27",0.397805,1,2,1,"Schwaben",2009
"233","DE27",0.378391,1,2,1,"Schwaben",2010
"234","DE27",0.357853,1,2,1,"Schwaben",2011
"235","DE27",0.333215,1,2,1,"Schwaben",2012
"236","DE27",0.361427,1,2,1,"Schwaben",2013
"237","DE27",0.34525,1,2,1,"Schwaben",2014
"238","DE27",0.362992,1,2,1,"Schwaben",2015
"239","DE27",0.348293,1,2,1,"Schwaben",2016
"240","DE27",0.411531,2,3,2,"Schwaben",2017
"241","DE27",0.344544,1,2,1,"Schwaben",2018
"242","DE27",0.349497,2,3,2,"Schwaben",2019
"243","DE30",0.733594,5,9,3,"Berlin",1998
"244","DE30",0.795397,5,9,3,"Berlin",1999
"245","DE30",0.693419,5,9,3,"Berlin",2000
"246","DE30",0.644341,5,9,3,"Berlin",2001
"247","DE30",0.685255,5,9,3,"Berlin",2002
"248","DE30",0.722606,5,9,3,"Berlin",2003
"249","DE30",0.709604,5,9,3,"Berlin",2004
"250","DE30",0.725546,5,9,3,"Berlin",2005
"251","DE30",0.745455,5,9,3,"Berlin",2006
"252","DE30",0.806853,5,10,3,"Berlin",2007
"253","DE30",0.809129,5,10,3,"Berlin",2008
"254","DE30",0.804309,5,10,3,"Berlin",2009
"255","DE30",0.799113,5,10,3,"Berlin",2010
"256","DE30",0.754616,5,10,3,"Berlin",2011
"257","DE30",0.710464,5,9,3,"Berlin",2012
"258","DE30",0.706304,5,9,3,"Berlin",2013
"259","DE30",0.705969,5,10,3,"Berlin",2014
"260","DE30",0.690257,5,9,3,"Berlin",2015
"261","DE30",0.615276,4,7,2,"Berlin",2016
"262","DE30",0.646539,4,7,2,"Berlin",2017
"263","DE30",0.588399,3,6,2,"Berlin",2018
"264","DE30",0.551746,3,6,2,"Berlin",2019
"265","DE40",0.737862,5,10,3,"Brandenburg",1998
"266","DE40",0.823387,5,10,3,"Brandenburg",1999
"267","DE40",0.774242,5,9,3,"Brandenburg",2000
"268","DE40",0.734076,5,9,3,"Brandenburg",2001
"269","DE40",0.731184,5,9,3,"Brandenburg",2002
"270","DE40",0.744823,5,10,3,"Brandenburg",2003
"271","DE40",0.760754,5,10,3,"Brandenburg",2004
"272","DE40",0.763386,5,10,3,"Brandenburg",2005
"273","DE40",0.779146,5,10,3,"Brandenburg",2006
"274","DE40",0.804957,5,10,3,"Brandenburg",2007
"275","DE40",0.786588,5,10,3,"Brandenburg",2008
"276","DE40",0.761068,5,9,3,"Brandenburg",2009
"277","DE40",0.736023,5,9,3,"Brandenburg",2010
"278","DE40",0.716632,5,9,3,"Brandenburg",2011
"279","DE40",0.720304,5,10,3,"Brandenburg",2012
"280","DE40",0.725903,5,10,3,"Brandenburg",2013
"281","DE40",0.725238,5,10,3,"Brandenburg",2014
"282","DE40",0.707328,5,10,3,"Brandenburg",2015
"283","DE40",0.674843,5,9,3,"Brandenburg",2016
"284","DE40",0.693976,5,9,3,"Brandenburg",2017
"285","DE40",0.66222,4,8,2,"Brandenburg",2018
"286","DE40",0.654182,4,8,2,"Brandenburg",2019
"287","DE50",0.617835,4,8,2,"Bremen",1998
"288","DE50",0.645025,4,8,2,"Bremen",1999
"289","DE50",0.56629,4,7,2,"Bremen",2000
"290","DE50",0.512821,4,7,2,"Bremen",2001
"291","DE50",0.508258,4,7,2,"Bremen",2002
"292","DE50",0.525483,4,7,2,"Bremen",2003
"293","DE50",0.535039,4,8,2,"Bremen",2004
"294","DE50",0.55019,4,8,2,"Bremen",2005
"295","DE50",0.54495,4,7,2,"Bremen",2006
"296","DE50",0.591835,4,7,2,"Bremen",2007
"297","DE50",0.584195,4,7,2,"Bremen",2008
"298","DE50",0.611206,4,7,2,"Bremen",2009
"299","DE50",0.60597,4,7,2,"Bremen",2010
"300","DE50",0.615262,4,8,2,"Bremen",2011
"301","DE50",0.613164,4,8,2,"Bremen",2012
"302","DE50",0.613126,3,6,2,"Bremen",2013
"303","DE50",0.630052,4,7,2,"Bremen",2014
"304","DE50",0.651122,4,7,2,"Bremen",2015
"305","DE50",0.634828,4,8,2,"Bremen",2016
"306","DE50",0.70672,5,9,3,"Bremen",2017
"307","DE50",0.688241,5,9,3,"Bremen",2018
"308","DE50",0.710736,5,10,3,"Bremen",2019
"309","DE60",0.270564,1,1,1,"Hamburg",1998
"310","DE60",0.305207,1,1,1,"Hamburg",1999
"311","DE60",0.258064,1,1,1,"Hamburg",2000
"312","DE60",0.231347,1,2,1,"Hamburg",2001
"313","DE60",0.253008,1,2,1,"Hamburg",2002
"314","DE60",0.252412,1,2,1,"Hamburg",2003
"315","DE60",0.236704,1,2,1,"Hamburg",2004
"316","DE60",0.263197,1,2,1,"Hamburg",2005
"317","DE60",0.307367,1,2,1,"Hamburg",2006
"318","DE60",0.338283,1,2,1,"Hamburg",2007
"319","DE60",0.3385,1,2,1,"Hamburg",2008
"320","DE60",0.34416,1,2,1,"Hamburg",2009
"321","DE60",0.341748,1,2,1,"Hamburg",2010
"322","DE60",0.286665,1,2,1,"Hamburg",2011
"323","DE60",0.261626,1,1,1,"Hamburg",2012
"324","DE60",0.214468,1,1,1,"Hamburg",2013
"325","DE60",0.220933,1,1,1,"Hamburg",2014
"326","DE60",0.218379,1,1,1,"Hamburg",2015
"327","DE60",0.182739,1,1,1,"Hamburg",2016
"328","DE60",0.221856,1,1,1,"Hamburg",2017
"329","DE60",0.190385,1,1,1,"Hamburg",2018
"330","DE60",0.187087,1,1,1,"Hamburg",2019
"331","DE71",0.23308,1,1,1,"Darmstadt",1998
"332","DE71",0.27423,1,1,1,"Darmstadt",1999
"333","DE71",0.219273,1,1,1,"Darmstadt",2000
"334","DE71",0.158762,1,1,1,"Darmstadt",2001
"335","DE71",0.153554,1,1,1,"Darmstadt",2002
"336","DE71",0.18183,1,1,1,"Darmstadt",2003
"337","DE71",0.160013,1,1,1,"Darmstadt",2004
"338","DE71",0.188175,1,1,1,"Darmstadt",2005
"339","DE71",0.214147,1,1,1,"Darmstadt",2006
"340","DE71",0.250357,1,1,1,"Darmstadt",2007
"341","DE71",0.276105,1,1,1,"Darmstadt",2008
"342","DE71",0.278694,1,1,1,"Darmstadt",2009
"343","DE71",0.273711,1,1,1,"Darmstadt",2010
"344","DE71",0.255673,1,1,1,"Darmstadt",2011
"345","DE71",0.257389,1,1,1,"Darmstadt",2012
"346","DE71",0.287268,1,1,1,"Darmstadt",2013
"347","DE71",0.26741,1,1,1,"Darmstadt",2014
"348","DE71",0.273992,1,1,1,"Darmstadt",2015
"349","DE71",0.260248,1,1,1,"Darmstadt",2016
"350","DE71",0.296273,1,1,1,"Darmstadt",2017
"351","DE71",0.263068,1,1,1,"Darmstadt",2018
"352","DE71",0.275906,1,1,1,"Darmstadt",2019
"353","DE72",0.452516,2,4,2,"Gießen",1998
"354","DE72",0.496854,2,4,2,"Gießen",1999
"355","DE72",0.433063,2,4,2,"Gießen",2000
"356","DE72",0.389664,2,4,2,"Gießen",2001
"357","DE72",0.381719,2,3,2,"Gießen",2002
"358","DE72",0.405383,2,4,2,"Gießen",2003
"359","DE72",0.376962,2,4,2,"Gießen",2004
"360","DE72",0.390579,2,4,2,"Gießen",2005
"361","DE72",0.413781,2,4,2,"Gießen",2006
"362","DE72",0.457052,2,4,2,"Gießen",2007
"363","DE72",0.48897,2,4,2,"Gießen",2008
"364","DE72",0.501881,2,4,2,"Gießen",2009
"365","DE72",0.487906,2,4,2,"Gießen",2010
"366","DE72",0.468024,2,4,2,"Gießen",2011
"367","DE72",0.466116,2,4,2,"Gießen",2012
"368","DE72",0.49708,2,4,2,"Gießen",2013
"369","DE72",0.485984,2,4,2,"Gießen",2014
"370","DE72",0.500906,3,5,2,"Gießen",2015
"371","DE72",0.489258,3,5,2,"Gießen",2016
"372","DE72",0.530905,3,5,2,"Gießen",2017
"373","DE72",0.503073,3,5,2,"Gießen",2018
"374","DE72",0.511585,3,5,2,"Gießen",2019
"375","DE73",0.467717,3,5,2,"Kassel",1998
"376","DE73",0.512576,3,5,2,"Kassel",1999
"377","DE73",0.480021,3,6,2,"Kassel",2000
"378","DE73",0.430997,3,5,2,"Kassel",2001
"379","DE73",0.423872,2,4,2,"Kassel",2002
"380","DE73",0.440879,3,5,2,"Kassel",2003
"381","DE73",0.412737,3,5,2,"Kassel",2004
"382","DE73",0.424457,3,5,2,"Kassel",2005
"383","DE73",0.442635,3,5,2,"Kassel",2006
"384","DE73",0.47361,2,4,2,"Kassel",2007
"385","DE73",0.493388,2,4,2,"Kassel",2008
"386","DE73",0.51979,3,5,2,"Kassel",2009
"387","DE73",0.491433,2,4,2,"Kassel",2010
"388","DE73",0.466796,2,4,2,"Kassel",2011
"389","DE73",0.482573,3,5,2,"Kassel",2012
"390","DE73",0.504794,3,5,2,"Kassel",2013
"391","DE73",0.492593,3,5,2,"Kassel",2014
"392","DE73",0.497981,2,4,2,"Kassel",2015
"393","DE73",0.49212,3,5,2,"Kassel",2016
"394","DE73",0.519567,3,5,2,"Kassel",2017
"395","DE73",0.488294,3,5,2,"Kassel",2018
"396","DE73",0.495251,3,5,2,"Kassel",2019
"397","DE80",0.887641,5,10,3,"Mecklenburg-Vorpommern",1998
"398","DE80",0.964326,5,10,3,"Mecklenburg-Vorpommern",1999
"399","DE80",0.930307,5,10,3,"Mecklenburg-Vorpommern",2000
"400","DE80",0.901755,5,10,3,"Mecklenburg-Vorpommern",2001
"401","DE80",0.898146,5,10,3,"Mecklenburg-Vorpommern",2002
"402","DE80",0.912583,5,10,3,"Mecklenburg-Vorpommern",2003
"403","DE80",0.92129,5,10,3,"Mecklenburg-Vorpommern",2004
"404","DE80",0.926105,5,10,3,"Mecklenburg-Vorpommern",2005
"405","DE80",0.943397,5,10,3,"Mecklenburg-Vorpommern",2006
"406","DE80",0.96039,5,10,3,"Mecklenburg-Vorpommern",2007
"407","DE80",0.94104,5,10,3,"Mecklenburg-Vorpommern",2008
"408","DE80",0.957928,5,10,3,"Mecklenburg-Vorpommern",2009
"409","DE80",0.942606,5,10,3,"Mecklenburg-Vorpommern",2010
"410","DE80",0.920542,5,10,3,"Mecklenburg-Vorpommern",2011
"411","DE80",0.897504,5,10,3,"Mecklenburg-Vorpommern",2012
"412","DE80",0.878179,5,10,3,"Mecklenburg-Vorpommern",2013
"413","DE80",0.839062,5,10,3,"Mecklenburg-Vorpommern",2014
"414","DE80",0.827647,5,10,3,"Mecklenburg-Vorpommern",2015
"415","DE80",0.807931,5,10,3,"Mecklenburg-Vorpommern",2016
"416","DE80",0.820744,5,10,3,"Mecklenburg-Vorpommern",2017
"417","DE80",0.792472,5,10,3,"Mecklenburg-Vorpommern",2018
"418","DE80",0.783858,5,10,3,"Mecklenburg-Vorpommern",2019
"419","DE91",0.488482,3,5,2,"Braunschweig",1998
"420","DE91",0.525556,3,5,2,"Braunschweig",1999
"421","DE91",0.473393,3,6,2,"Braunschweig",2000
"422","DE91",0.436613,3,6,2,"Braunschweig",2001
"423","DE91",0.477138,3,6,2,"Braunschweig",2002
"424","DE91",0.495679,3,6,2,"Braunschweig",2003
"425","DE91",0.425055,3,6,2,"Braunschweig",2004
"426","DE91",0.479874,3,6,2,"Braunschweig",2005
"427","DE91",0.491153,3,6,2,"Braunschweig",2006
"428","DE91",0.489743,3,5,2,"Braunschweig",2007
"429","DE91",0.513976,3,5,2,"Braunschweig",2008
"430","DE91",0.513543,3,5,2,"Braunschweig",2009
"431","DE91",0.496758,3,5,2,"Braunschweig",2010
"432","DE91",0.486361,3,5,2,"Braunschweig",2011
"433","DE91",0.449366,2,4,2,"Braunschweig",2012
"434","DE91",0.451232,2,4,2,"Braunschweig",2013
"435","DE91",0.440237,2,4,2,"Braunschweig",2014
"436","DE91",0.453132,2,4,2,"Braunschweig",2015
"437","DE91",0.434213,2,4,2,"Braunschweig",2016
"438","DE91",0.482217,2,4,2,"Braunschweig",2017
"439","DE91",0.453621,2,4,2,"Braunschweig",2018
"440","DE91",0.450578,2,4,2,"Braunschweig",2019
"441","DE92",0.491922,3,6,2,"Hannover",1998
"442","DE92",0.540942,3,6,2,"Hannover",1999
"443","DE92",0.460172,3,5,2,"Hannover",2000
"444","DE92",0.444618,3,6,2,"Hannover",2001
"445","DE92",0.454717,3,6,2,"Hannover",2002
"446","DE92",0.480303,3,6,2,"Hannover",2003
"447","DE92",0.410293,3,5,2,"Hannover",2004
"448","DE92",0.480545,3,6,2,"Hannover",2005
"449","DE92",0.48596,3,5,2,"Hannover",2006
"450","DE92",0.51938,3,6,2,"Hannover",2007
"451","DE92",0.546508,3,6,2,"Hannover",2008
"452","DE92",0.543188,3,5,2,"Hannover",2009
"453","DE92",0.538526,3,5,2,"Hannover",2010
"454","DE92",0.527717,3,5,2,"Hannover",2011
"455","DE92",0.508405,3,5,2,"Hannover",2012
"456","DE92",0.536891,3,5,2,"Hannover",2013
"457","DE92",0.529942,3,5,2,"Hannover",2014
"458","DE92",0.537643,3,5,2,"Hannover",2015
"459","DE92",0.511751,3,5,2,"Hannover",2016
"460","DE92",0.556474,3,5,2,"Hannover",2017
"461","DE92",0.536247,3,5,2,"Hannover",2018
"462","DE92",0.536569,3,5,2,"Hannover",2019
"463","DE93",0.526093,4,7,2,"Lüneburg",1998
"464","DE93",0.579096,4,7,2,"Lüneburg",1999
"465","DE93",0.531545,4,7,2,"Lüneburg",2000
"466","DE93",0.494258,4,7,2,"Lüneburg",2001
"467","DE93",0.496463,4,7,2,"Lüneburg",2002
"468","DE93",0.502534,4,7,2,"Lüneburg",2003
"469","DE93",0.46951,3,6,2,"Lüneburg",2004
"470","DE93",0.521,4,7,2,"Lüneburg",2005
"471","DE93",0.515107,3,6,2,"Lüneburg",2006
"472","DE93",0.563478,4,7,2,"Lüneburg",2007
"473","DE93",0.578729,3,6,2,"Lüneburg",2008
"474","DE93",0.589822,3,6,2,"Lüneburg",2009
"475","DE93",0.580522,3,6,2,"Lüneburg",2010
"476","DE93",0.569731,3,6,2,"Lüneburg",2011
"477","DE93",0.545739,3,6,2,"Lüneburg",2012
"478","DE93",0.578258,3,6,2,"Lüneburg",2013
"479","DE93",0.563595,3,6,2,"Lüneburg",2014
"480","DE93",0.576433,3,6,2,"Lüneburg",2015
"481","DE93",0.56688,3,6,2,"Lüneburg",2016
"482","DE93",0.607401,3,6,2,"Lüneburg",2017
"483","DE93",0.583977,3,6,2,"Lüneburg",2018
"484","DE93",0.589331,3,6,2,"Lüneburg",2019
"485","DE94",0.632609,5,9,3,"Weser-Ems",1998
"486","DE94",0.683763,4,8,2,"Weser-Ems",1999
"487","DE94",0.633426,4,8,2,"Weser-Ems",2000
"488","DE94",0.604016,4,8,2,"Weser-Ems",2001
"489","DE94",0.613403,4,8,2,"Weser-Ems",2002
"490","DE94",0.624522,4,8,2,"Weser-Ems",2003
"491","DE94",0.577431,4,8,2,"Weser-Ems",2004
"492","DE94",0.62237,5,9,3,"Weser-Ems",2005
"493","DE94",0.628273,5,9,3,"Weser-Ems",2006
"494","DE94",0.659994,5,9,3,"Weser-Ems",2007
"495","DE94",0.683971,5,9,3,"Weser-Ems",2008
"496","DE94",0.696141,5,9,3,"Weser-Ems",2009
"497","DE94",0.690926,5,9,3,"Weser-Ems",2010
"498","DE94",0.662393,5,9,3,"Weser-Ems",2011
"499","DE94",0.640262,4,8,2,"Weser-Ems",2012
"500","DE94",0.660903,4,8,2,"Weser-Ems",2013
"501","DE94",0.657754,4,8,2,"Weser-Ems",2014
"502","DE94",0.672982,4,8,2,"Weser-Ems",2015
"503","DE94",0.650386,5,9,3,"Weser-Ems",2016
"504","DE94",0.701326,5,9,3,"Weser-Ems",2017
"505","DE94",0.663667,5,9,3,"Weser-Ems",2018
"506","DE94",0.673963,5,9,3,"Weser-Ems",2019
"507","DEA1",0.507609,3,6,2,"Düsseldorf",1998
"508","DEA1",0.55363,3,6,2,"Düsseldorf",1999
"509","DEA1",0.445112,3,5,2,"Düsseldorf",2000
"510","DEA1",0.420619,3,5,2,"Düsseldorf",2001
"511","DEA1",0.428641,3,5,2,"Düsseldorf",2002
"512","DEA1",0.439196,3,5,2,"Düsseldorf",2003
"513","DEA1",0.413069,3,6,2,"Düsseldorf",2004
"514","DEA1",0.454747,3,5,2,"Düsseldorf",2005
"515","DEA1",0.498227,3,6,2,"Düsseldorf",2006
"516","DEA1",0.562614,3,6,2,"Düsseldorf",2007
"517","DEA1",0.581881,3,6,2,"Düsseldorf",2008
"518","DEA1",0.605546,4,7,2,"Düsseldorf",2009
"519","DEA1",0.596113,4,7,2,"Düsseldorf",2010
"520","DEA1",0.575115,3,6,2,"Düsseldorf",2011
"521","DEA1",0.569588,3,6,2,"Düsseldorf",2012
"522","DEA1",0.617132,4,7,2,"Düsseldorf",2013
"523","DEA1",0.61923,3,6,2,"Düsseldorf",2014
"524","DEA1",0.621637,3,6,2,"Düsseldorf",2015
"525","DEA1",0.600903,3,6,2,"Düsseldorf",2016
"526","DEA1",0.646218,4,7,2,"Düsseldorf",2017
"527","DEA1",0.617506,4,7,2,"Düsseldorf",2018
"528","DEA1",0.619386,4,7,2,"Düsseldorf",2019
"529","DEA2",0.427962,2,3,2,"Köln",1998
"530","DEA2",0.46978,2,3,2,"Köln",1999
"531","DEA2",0.364553,2,3,2,"Köln",2000
"532","DEA2",0.331694,2,3,2,"Köln",2001
"533","DEA2",0.359924,2,3,2,"Köln",2002
"534","DEA2",0.37082,2,3,2,"Köln",2003
"535","DEA2",0.347566,2,3,2,"Köln",2004
"536","DEA2",0.392505,2,4,2,"Köln",2005
"537","DEA2",0.432952,2,4,2,"Köln",2006
"538","DEA2",0.489827,3,5,2,"Köln",2007
"539","DEA2",0.507602,3,5,2,"Köln",2008
"540","DEA2",0.517432,3,5,2,"Köln",2009
"541","DEA2",0.508332,3,5,2,"Köln",2010
"542","DEA2",0.481342,3,5,2,"Köln",2011
"543","DEA2",0.470956,3,5,2,"Köln",2012
"544","DEA2",0.503024,3,5,2,"Köln",2013
"545","DEA2",0.492275,3,5,2,"Köln",2014
"546","DEA2",0.499662,3,5,2,"Köln",2015
"547","DEA2",0.474609,2,4,2,"Köln",2016
"548","DEA2",0.506413,2,4,2,"Köln",2017
"549","DEA2",0.476221,2,4,2,"Köln",2018
"550","DEA2",0.477145,2,4,2,"Köln",2019
"551","DEA3",0.496798,3,6,2,"Münster",1998
"552","DEA3",0.558735,3,6,2,"Münster",1999
"553","DEA3",0.469815,3,6,2,"Münster",2000
"554","DEA3",0.448547,3,6,2,"Münster",2001
"555","DEA3",0.45124,3,5,2,"Münster",2002
"556","DEA3",0.459295,3,6,2,"Münster",2003
"557","DEA3",0.437728,3,6,2,"Münster",2004
"558","DEA3",0.460888,3,6,2,"Münster",2005
"559","DEA3",0.497272,3,6,2,"Münster",2006
"560","DEA3",0.548944,3,6,2,"Münster",2007
"561","DEA3",0.575828,3,6,2,"Münster",2008
"562","DEA3",0.602628,3,6,2,"Münster",2009
"563","DEA3",0.596259,4,7,2,"Münster",2010
"564","DEA3",0.585821,4,7,2,"Münster",2011
"565","DEA3",0.574673,3,6,2,"Münster",2012
"566","DEA3",0.625692,4,7,2,"Münster",2013
"567","DEA3",0.629576,4,7,2,"Münster",2014
"568","DEA3",0.648194,4,7,2,"Münster",2015
"569","DEA3",0.63234,4,7,2,"Münster",2016
"570","DEA3",0.676968,4,8,2,"Münster",2017
"571","DEA3",0.636301,4,8,2,"Münster",2018
"572","DEA3",0.63555,4,7,2,"Münster",2019
"573","DEA4",0.488326,3,5,2,"Detmold",1998
"574","DEA4",0.53924,3,5,2,"Detmold",1999
"575","DEA4",0.441904,3,5,2,"Detmold",2000
"576","DEA4",0.411081,2,4,2,"Detmold",2001
"577","DEA4",0.422633,2,4,2,"Detmold",2002
"578","DEA4",0.437864,2,4,2,"Detmold",2003
"579","DEA4",0.404608,3,5,2,"Detmold",2004
"580","DEA4",0.434873,3,5,2,"Detmold",2005
"581","DEA4",0.454249,3,5,2,"Detmold",2006
"582","DEA4",0.504078,3,5,2,"Detmold",2007
"583","DEA4",0.526868,3,5,2,"Detmold",2008
"584","DEA4",0.582541,3,6,2,"Detmold",2009
"585","DEA4",0.561469,3,6,2,"Detmold",2010
"586","DEA4",0.545235,3,6,2,"Detmold",2011
"587","DEA4",0.534753,3,6,2,"Detmold",2012
"588","DEA4",0.585011,3,6,2,"Detmold",2013
"589","DEA4",0.583811,3,6,2,"Detmold",2014
"590","DEA4",0.598497,3,6,2,"Detmold",2015
"591","DEA4",0.570403,3,6,2,"Detmold",2016
"592","DEA4",0.617116,3,6,2,"Detmold",2017
"593","DEA4",0.576744,3,6,2,"Detmold",2018
"594","DEA4",0.582115,3,6,2,"Detmold",2019
"595","DEA5",0.579993,4,7,2,"Arnsberg",1998
"596","DEA5",0.633352,4,7,2,"Arnsberg",1999
"597","DEA5",0.539284,4,7,2,"Arnsberg",2000
"598","DEA5",0.513113,4,7,2,"Arnsberg",2001
"599","DEA5",0.517221,4,7,2,"Arnsberg",2002
"600","DEA5",0.531204,4,8,2,"Arnsberg",2003
"601","DEA5",0.507758,4,8,2,"Arnsberg",2004
"602","DEA5",0.530461,4,8,2,"Arnsberg",2005
"603","DEA5",0.567642,4,8,2,"Arnsberg",2006
"604","DEA5",0.615247,4,8,2,"Arnsberg",2007
"605","DEA5",0.636394,4,8,2,"Arnsberg",2008
"606","DEA5",0.679236,4,8,2,"Arnsberg",2009
"607","DEA5",0.667294,4,8,2,"Arnsberg",2010
"608","DEA5",0.642828,4,8,2,"Arnsberg",2011
"609","DEA5",0.643541,5,9,3,"Arnsberg",2012
"610","DEA5",0.681871,5,9,3,"Arnsberg",2013
"611","DEA5",0.675966,5,9,3,"Arnsberg",2014
"612","DEA5",0.697146,5,9,3,"Arnsberg",2015
"613","DEA5",0.674878,5,9,3,"Arnsberg",2016
"614","DEA5",0.716812,5,10,3,"Arnsberg",2017
"615","DEA5",0.690687,5,10,3,"Arnsberg",2018
"616","DEA5",0.693436,5,9,3,"Arnsberg",2019
"617","DEB1",0.556451,4,7,2,"Koblenz",1998
"618","DEB1",0.612767,4,7,2,"Koblenz",1999
"619","DEB1",0.545192,4,7,2,"Koblenz",2000
"620","DEB1",0.508159,4,7,2,"Koblenz",2001
"621","DEB1",0.517608,4,7,2,"Koblenz",2002
"622","DEB1",0.528265,4,7,2,"Koblenz",2003
"623","DEB1",0.487426,4,7,2,"Koblenz",2004
"624","DEB1",0.511916,4,7,2,"Koblenz",2005
"625","DEB1",0.523995,4,7,2,"Koblenz",2006
"626","DEB1",0.566119,4,7,2,"Koblenz",2007
"627","DEB1",0.592952,4,7,2,"Koblenz",2008
"628","DEB1",0.609081,4,7,2,"Koblenz",2009
"629","DEB1",0.595134,3,6,2,"Koblenz",2010
"630","DEB1",0.592593,4,7,2,"Koblenz",2011
"631","DEB1",0.590468,4,7,2,"Koblenz",2012
"632","DEB1",0.626028,4,7,2,"Koblenz",2013
"633","DEB1",0.627891,4,7,2,"Koblenz",2014
"634","DEB1",0.643959,4,7,2,"Koblenz",2015
"635","DEB1",0.61312,4,7,2,"Koblenz",2016
"636","DEB1",0.652698,4,7,2,"Koblenz",2017
"637","DEB1",0.62663,4,7,2,"Koblenz",2018
"638","DEB1",0.637667,4,8,2,"Koblenz",2019
"639","DEB2",0.567997,4,7,2,"Trier",1998
"640","DEB2",0.628911,4,7,2,"Trier",1999
"641","DEB2",0.574178,4,8,2,"Trier",2000
"642","DEB2",0.530569,4,8,2,"Trier",2001
"643","DEB2",0.549773,4,8,2,"Trier",2002
"644","DEB2",0.524643,4,7,2,"Trier",2003
"645","DEB2",0.503757,4,7,2,"Trier",2004
"646","DEB2",0.509564,4,7,2,"Trier",2005
"647","DEB2",0.522588,4,7,2,"Trier",2006
"648","DEB2",0.57939,4,7,2,"Trier",2007
"649","DEB2",0.61944,4,7,2,"Trier",2008
"650","DEB2",0.64901,4,8,2,"Trier",2009
"651","DEB2",0.633885,4,8,2,"Trier",2010
"652","DEB2",0.642039,4,8,2,"Trier",2011
"653","DEB2",0.640564,4,8,2,"Trier",2012
"654","DEB2",0.678384,4,8,2,"Trier",2013
"655","DEB2",0.688296,5,9,3,"Trier",2014
"656","DEB2",0.720482,5,10,3,"Trier",2015
"657","DEB2",0.6914,5,10,3,"Trier",2016
"658","DEB2",0.726414,5,10,3,"Trier",2017
"659","DEB2",0.697356,5,10,3,"Trier",2018
"660","DEB2",0.715782,5,10,3,"Trier",2019
"661","DEB3",0.480483,3,5,2,"Rheinhessen-Pfalz",1998
"662","DEB3",0.530876,3,5,2,"Rheinhessen-Pfalz",1999
"663","DEB3",0.467404,3,5,2,"Rheinhessen-Pfalz",2000
"664","DEB3",0.420889,3,5,2,"Rheinhessen-Pfalz",2001
"665","DEB3",0.43373,3,5,2,"Rheinhessen-Pfalz",2002
"666","DEB3",0.437271,2,4,2,"Rheinhessen-Pfalz",2003
"667","DEB3",0.401878,2,4,2,"Rheinhessen-Pfalz",2004
"668","DEB3",0.397844,2,4,2,"Rheinhessen-Pfalz",2005
"669","DEB3",0.43377,3,5,2,"Rheinhessen-Pfalz",2006
"670","DEB3",0.477927,3,5,2,"Rheinhessen-Pfalz",2007
"671","DEB3",0.503405,3,5,2,"Rheinhessen-Pfalz",2008
"672","DEB3",0.500337,2,4,2,"Rheinhessen-Pfalz",2009
"673","DEB3",0.492197,3,5,2,"Rheinhessen-Pfalz",2010
"674","DEB3",0.484734,3,5,2,"Rheinhessen-Pfalz",2011
"675","DEB3",0.481254,3,5,2,"Rheinhessen-Pfalz",2012
"676","DEB3",0.504553,3,5,2,"Rheinhessen-Pfalz",2013
"677","DEB3",0.512892,3,5,2,"Rheinhessen-Pfalz",2014
"678","DEB3",0.521756,3,5,2,"Rheinhessen-Pfalz",2015
"679","DEB3",0.517987,3,5,2,"Rheinhessen-Pfalz",2016
"680","DEB3",0.568107,3,5,2,"Rheinhessen-Pfalz",2017
"681","DEB3",0.535555,3,5,2,"Rheinhessen-Pfalz",2018
"682","DEB3",0.550351,3,6,2,"Rheinhessen-Pfalz",2019
"683","DEC0",0.623039,4,8,2,"Saarland",1998
"684","DEC0",0.682529,4,8,2,"Saarland",1999
"685","DEC0",0.604794,4,8,2,"Saarland",2000
"686","DEC0",0.579826,4,8,2,"Saarland",2001
"687","DEC0",0.54094,4,8,2,"Saarland",2002
"688","DEC0",0.544308,4,8,2,"Saarland",2003
"689","DEC0",0.502085,4,7,2,"Saarland",2004
"690","DEC0",0.514576,4,7,2,"Saarland",2005
"691","DEC0",0.551175,4,8,2,"Saarland",2006
"692","DEC0",0.599743,4,8,2,"Saarland",2007
"693","DEC0",0.627631,4,8,2,"Saarland",2008
"694","DEC0",0.654404,4,8,2,"Saarland",2009
"695","DEC0",0.625879,4,7,2,"Saarland",2010
"696","DEC0",0.597332,4,7,2,"Saarland",2011
"697","DEC0",0.603419,4,7,2,"Saarland",2012
"698","DEC0",0.65904,4,8,2,"Saarland",2013
"699","DEC0",0.669398,4,8,2,"Saarland",2014
"700","DEC0",0.667959,4,8,2,"Saarland",2015
"701","DEC0",0.680705,5,10,3,"Saarland",2016
"702","DEC0",0.7091,5,9,3,"Saarland",2017
"703","DEC0",0.687571,5,9,3,"Saarland",2018
"704","DEC0",0.701778,5,9,3,"Saarland",2019
"705","DED1",0.723345,5,9,3,"Chemnitz",1998
"706","DED1",0.819847,5,10,3,"Chemnitz",1999
"707","DED1",0.794506,5,9,3,"Chemnitz",2000
"708","DED1",0.755057,5,9,3,"Chemnitz",2001
"709","DED1",0.749531,5,10,3,"Chemnitz",2002
"710","DED1",0.740159,5,9,3,"Chemnitz",2003
"711","DED1",0.697287,5,9,3,"Chemnitz",2004
"712","DED1",0.711961,5,9,3,"Chemnitz",2005
"713","DED1",0.703118,5,9,3,"Chemnitz",2006
"714","DED1",0.734395,5,9,3,"Chemnitz",2007
"715","DED1",0.721027,5,9,3,"Chemnitz",2008
"716","DED1",0.738859,5,9,3,"Chemnitz",2009
"717","DED1",0.714007,5,9,3,"Chemnitz",2010
"718","DED1",0.675503,5,9,3,"Chemnitz",2011
"719","DED1",0.67204,5,9,3,"Chemnitz",2012
"720","DED1",0.705312,5,9,3,"Chemnitz",2013
"721","DED1",0.680756,5,9,3,"Chemnitz",2014
"722","DED1",0.674077,5,9,3,"Chemnitz",2015
"723","DED1",0.640499,4,8,2,"Chemnitz",2016
"724","DED1",0.675348,4,8,2,"Chemnitz",2017
"725","DED1",0.646748,4,8,2,"Chemnitz",2018
"726","DED1",0.644919,4,8,2,"Chemnitz",2019
"727","DED2",0.630774,4,8,2,"Dresden",1998
"728","DED2",0.711078,5,9,3,"Dresden",1999
"729","DED2",0.703887,5,9,3,"Dresden",2000
"730","DED2",0.659196,5,9,3,"Dresden",2001
"731","DED2",0.643183,5,9,3,"Dresden",2002
"732","DED2",0.630828,5,9,3,"Dresden",2003
"733","DED2",0.600271,5,9,3,"Dresden",2004
"734","DED2",0.608018,4,8,2,"Dresden",2005
"735","DED2",0.620868,4,8,2,"Dresden",2006
"736","DED2",0.645193,4,8,2,"Dresden",2007
"737","DED2",0.640975,4,8,2,"Dresden",2008
"738","DED2",0.646335,4,7,2,"Dresden",2009
"739","DED2",0.632868,4,8,2,"Dresden",2010
"740","DED2",0.600794,4,7,2,"Dresden",2011
"741","DED2",0.602666,4,7,2,"Dresden",2012
"742","DED2",0.615674,3,6,2,"Dresden",2013
"743","DED2",0.581909,3,6,2,"Dresden",2014
"744","DED2",0.580272,3,6,2,"Dresden",2015
"745","DED2",0.539631,3,6,2,"Dresden",2016
"746","DED2",0.576145,3,6,2,"Dresden",2017
"747","DED2",0.539443,3,6,2,"Dresden",2018
"748","DED2",0.534196,3,5,2,"Dresden",2019
"749","DED3",0.728679,5,9,3,"Leipzig",1998
"750","DED3",0.811775,5,9,3,"Leipzig",1999
"751","DED3",0.804967,5,10,3,"Leipzig",2000
"752","DED3",0.778552,5,10,3,"Leipzig",2001
"753","DED3",0.76578,5,10,3,"Leipzig",2002
"754","DED3",0.756558,5,10,3,"Leipzig",2003
"755","DED3",0.738116,5,10,3,"Leipzig",2004
"756","DED3",0.753527,5,10,3,"Leipzig",2005
"757","DED3",0.761259,5,10,3,"Leipzig",2006
"758","DED3",0.797842,5,9,3,"Leipzig",2007
"759","DED3",0.781742,5,9,3,"Leipzig",2008
"760","DED3",0.773569,5,10,3,"Leipzig",2009
"761","DED3",0.78493,5,10,3,"Leipzig",2010
"762","DED3",0.755548,5,10,3,"Leipzig",2011
"763","DED3",0.731648,5,10,3,"Leipzig",2012
"764","DED3",0.740061,5,10,3,"Leipzig",2013
"765","DED3",0.697935,5,9,3,"Leipzig",2014
"766","DED3",0.665004,4,8,2,"Leipzig",2015
"767","DED3",0.632811,4,8,2,"Leipzig",2016
"768","DED3",0.645246,3,6,2,"Leipzig",2017
"769","DED3",0.625621,4,7,2,"Leipzig",2018
"770","DED3",0.619283,4,7,2,"Leipzig",2019
"771","DEE0",0.921672,5,10,3,"Sachsen-Anhalt",1998
"772","DEE0",1,5,10,3,"Sachsen-Anhalt",1999
"773","DEE0",0.998701,5,10,3,"Sachsen-Anhalt",2000
"774","DEE0",0.969944,5,10,3,"Sachsen-Anhalt",2001
"775","DEE0",0.958832,5,10,3,"Sachsen-Anhalt",2002
"776","DEE0",0.96364,5,10,3,"Sachsen-Anhalt",2003
"777","DEE0",0.933055,5,10,3,"Sachsen-Anhalt",2004
"778","DEE0",0.911027,5,10,3,"Sachsen-Anhalt",2005
"779","DEE0",0.896976,5,10,3,"Sachsen-Anhalt",2006
"780","DEE0",0.920379,5,10,3,"Sachsen-Anhalt",2007
"781","DEE0",0.914327,5,10,3,"Sachsen-Anhalt",2008
"782","DEE0",0.910585,5,10,3,"Sachsen-Anhalt",2009
"783","DEE0",0.904896,5,10,3,"Sachsen-Anhalt",2010
"784","DEE0",0.875215,5,10,3,"Sachsen-Anhalt",2011
"785","DEE0",0.866553,5,10,3,"Sachsen-Anhalt",2012
"786","DEE0",0.875371,5,10,3,"Sachsen-Anhalt",2013
"787","DEE0",0.857607,5,10,3,"Sachsen-Anhalt",2014
"788","DEE0",0.863586,5,10,3,"Sachsen-Anhalt",2015
"789","DEE0",0.820304,5,10,3,"Sachsen-Anhalt",2016
"790","DEE0",0.845968,5,10,3,"Sachsen-Anhalt",2017
"791","DEE0",0.836051,5,10,3,"Sachsen-Anhalt",2018
"792","DEE0",0.827561,5,10,3,"Sachsen-Anhalt",2019
"793","DEF0",0.513876,3,6,2,"Schleswig-Holstein",1998
"794","DEF0",0.568601,3,6,2,"Schleswig-Holstein",1999
"795","DEF0",0.498689,3,6,2,"Schleswig-Holstein",2000
"796","DEF0",0.48314,3,6,2,"Schleswig-Holstein",2001
"797","DEF0",0.471349,3,6,2,"Schleswig-Holstein",2002
"798","DEF0",0.478798,3,6,2,"Schleswig-Holstein",2003
"799","DEF0",0.470444,4,7,2,"Schleswig-Holstein",2004
"800","DEF0",0.501526,3,6,2,"Schleswig-Holstein",2005
"801","DEF0",0.527395,4,7,2,"Schleswig-Holstein",2006
"802","DEF0",0.561953,3,6,2,"Schleswig-Holstein",2007
"803","DEF0",0.59344,4,7,2,"Schleswig-Holstein",2008
"804","DEF0",0.590812,3,6,2,"Schleswig-Holstein",2009
"805","DEF0",0.594247,3,6,2,"Schleswig-Holstein",2010
"806","DEF0",0.583585,3,6,2,"Schleswig-Holstein",2011
"807","DEF0",0.584093,4,7,2,"Schleswig-Holstein",2012
"808","DEF0",0.623737,4,7,2,"Schleswig-Holstein",2013
"809","DEF0",0.635862,4,7,2,"Schleswig-Holstein",2014
"810","DEF0",0.635381,4,7,2,"Schleswig-Holstein",2015
"811","DEF0",0.628628,4,7,2,"Schleswig-Holstein",2016
"812","DEF0",0.655663,4,7,2,"Schleswig-Holstein",2017
"813","DEF0",0.633282,4,7,2,"Schleswig-Holstein",2018
"814","DEF0",0.632801,4,7,2,"Schleswig-Holstein",2019
"815","DEG0",0.759555,5,10,3,"Thüringen",1998
"816","DEG0",0.810936,5,9,3,"Thüringen",1999
"817","DEG0",0.808042,5,10,3,"Thüringen",2000
"818","DEG0",0.760583,5,10,3,"Thüringen",2001
"819","DEG0",0.743528,5,9,3,"Thüringen",2002
"820","DEG0",0.719196,5,9,3,"Thüringen",2003
"821","DEG0",0.735249,5,9,3,"Thüringen",2004
"822","DEG0",0.731861,5,9,3,"Thüringen",2005
"823","DEG0",0.73409,5,9,3,"Thüringen",2006
"824","DEG0",0.742435,5,9,3,"Thüringen",2007
"825","DEG0",0.724688,5,9,3,"Thüringen",2008
"826","DEG0",0.741805,5,9,3,"Thüringen",2009
"827","DEG0",0.725892,5,9,3,"Thüringen",2010
"828","DEG0",0.687258,5,9,3,"Thüringen",2011
"829","DEG0",0.675117,5,9,3,"Thüringen",2012
"830","DEG0",0.697623,5,9,3,"Thüringen",2013
"831","DEG0",0.675821,4,8,2,"Thüringen",2014
"832","DEG0",0.683116,5,9,3,"Thüringen",2015
"833","DEG0",0.651499,5,9,3,"Thüringen",2016
"834","DEG0",0.69348,4,8,2,"Thüringen",2017
"835","DEG0",0.682112,5,9,3,"Thüringen",2018
"836","DEG0",0.68437,5,9,3,"Thüringen",2019
